{"type": "FeatureCollection", "features": [{"type": "Feature", "properties": {"iddesa": "1673020007", "nama": "Agung Lawangan", "kec": "Dempo Utara", "idkab": "ID1673"}, "geometry": {"type": "Polygon", "coordinates": [[[103.17043910000018, -4.051574899999935], [103.17047830000018, -4.051626399999975], [103.17272600000018, -4.054584199999965], [103.17463029999999, -4.05792299999996], [103.17744690000018, -4.0583334999999465], [103.18256220000012, -4.065721399999973], [103.1858706000001, -4.071185299999968], [103.19099950000009, -4.072510399999885], [103.19413640000016, -4.073042699999974], [103.1942433000001, -4.073060799999951], [103.19462070000009, -4.073124899999925], [103.19451130000004, -4.073402599999838], [103.19459810000012, -4.073490099999958], [103.1947705, -4.073863299999914], [103.19479450000006, -4.074186399999917], [103.19506650000017, -4.074336099999869], [103.19491740000012, -4.074584299999913], [103.19513980000005, -4.07475879999987], [103.19533720000004, -4.075007799999867], [103.19518770000008, -4.075454799999818], [103.19521210000016, -4.07562879999989], [103.19553360000009, -4.075728899999945], [103.19568260000017, -4.075505599999929], [103.19637460000007, -4.075929599999938], [103.19667240000018, -4.075557499999945], [103.19696980000009, -4.075409099999945], [103.19746480000003, -4.075385299999937], [103.19776090000016, -4.075808499999937], [103.19818179999999, -4.075709999999958], [103.19847850000002, -4.075859799999932], [103.19874990000011, -4.076233199999933], [103.19929430000002, -4.076259299999947], [103.19986320000004, -4.076409699999942], [103.19971370000013, -4.0768814999998995], [103.20003550000007, -4.076857399999938], [103.20023390000017, -4.07665899999995], [103.20038300000004, -4.076410799999962], [103.20065490000019, -4.076535699999965], [103.20100050000019, -4.076934099999903], [103.20137050000005, -4.077506499999913], [103.20179130000008, -4.0774825999998825], [103.20201360000016, -4.0777067999998735], [103.20216330000011, -4.077160399999968], [103.20159480000012, -4.076811199999952], [103.20169410000017, -4.076687099999901], [103.2020154000001, -4.076886699999875], [103.20327600000013, -4.077585399999975], [103.20312710000007, -4.077783899999872], [103.20364620000004, -4.078083299999946], [103.20394240000007, -4.078431899999941], [103.20431290000016, -4.078755799999897], [103.20431120000018, -4.079526199999975], [103.20475630000004, -4.07972599999988], [103.2049787000002, -4.079875599999923], [103.20542440000008, -4.079777199999967], [103.20582020000018, -4.079852599999981], [103.20616740000014, -4.079555199999959], [103.20636580000019, -4.079381699999942], [103.2064893000001, -4.079456499999878], [103.20683680000008, -4.0790347999998176], [103.20698580000015, -4.078811399999893], [103.20733260000009, -4.078663099999972], [103.20760430000018, -4.078887399999871], [103.20785220000005, -4.07873879999994], [103.2079761, -4.0786644999998884], [103.20827370000012, -4.078366999999901], [103.2085459000001, -4.078392399999871], [103.20899100000014, -4.07856739999994], [103.20938710000007, -4.078543399999944], [103.20983340000004, -4.078171599999962], [103.2100821000002, -4.077625399999931], [103.21008270000004, -4.077376899999933], [103.21062730000017, -4.0773035999999365], [103.2107999000001, -4.077602199999944], [103.21092390000001, -4.077503099999831], [103.2110721000002, -4.077602799999909], [103.21141910000017, -4.077404799999954], [103.21179100000018, -4.077082499999847], [103.21186450000005, -4.077430599999957], [103.21206220000005, -4.077580199999886], [103.21211250000016, -4.077207499999872], [103.21218720000013, -4.076983999999868], [103.21245980000009, -4.076835499999902], [103.21253370000017, -4.076984699999912], [103.2124343000001, -4.077183299999945], [103.21273070000012, -4.0774573999999575], [103.21310120000004, -4.077781299999913], [103.21339790000007, -4.077931099999887], [103.21364510000012, -4.07808069999993], [103.21366940000019, -4.07827959999986], [103.21366890000013, -4.078503299999966], [103.21354500000018, -4.078577599999903], [103.21369280000016, -4.078876099999832], [103.21381620000005, -4.079050399999971], [103.2136920000001, -4.079248899999925], [103.21365980000007, -4.079408799999953], [103.2130413000001, -4.079633099999853], [103.21239600000013, -4.08019749999994], [103.21150920000014, -4.080761399999858], [103.21086540000016, -4.080679099999884], [103.21038130000005, -4.081162999999947], [103.21046050000007, -4.0817290999999045], [103.20989680000014, -4.0818085999998175], [103.20901200000009, -4.0814832999998885], [103.20820630000009, -4.081804899999952], [103.2076421000001, -4.082126899999935], [103.20707780000015, -4.08244899999994], [103.20771990000014, -4.083339699999954], [103.20755800000006, -4.083743499999969], [103.20731560000007, -4.084147099999939], [103.20667230000015, -4.083822399999974], [103.20627060000015, -4.083417299999951], [103.20578890000007, -4.082850299999961], [103.2054642, -4.0840621999999485], [103.20498040000012, -4.084384399999976], [103.20425740000019, -4.083736099999953], [103.20377380000014, -4.083977499999946], [103.20264660000015, -4.0840557999999305], [103.20216390000013, -4.083893099999898], [103.20103560000007, -4.084456399999965], [103.20079590000012, -4.083647499999927], [103.19999250000006, -4.082918199999881], [103.19951020000013, -4.082593699999961], [103.1985433000001, -4.0829956999999695], [103.19757510000011, -4.083963599999947], [103.19660620000019, -4.085254799999916], [103.19604210000006, -4.0854960999999435], [103.19555990000015, -4.085171599999967], [103.19475300000016, -4.085978199999943], [103.1941083000001, -4.086300099999903], [103.1932215000001, -4.086863899999855], [103.1922555000001, -4.086861699999929], [103.1913689000001, -4.087344699999846], [103.19088710000005, -4.086777799999936], [103.1891232000001, -4.087078099999815], [103.18057880000015, -4.088532799999825], [103.14916600000004, -4.094317399999966], [103.14879380000013, -4.093941899999891], [103.1487206000001, -4.093801799999937], [103.14828000000006, -4.092855799999938], [103.14807600000006, -4.092485199999885], [103.14798830000012, -4.0918126999999345], [103.14778640000009, -4.090717499999926], [103.14752190000007, -4.088730599999849], [103.14739659999998, -4.087638999999967], [103.14739970000005, -4.086260699999968], [103.14685230000009, -4.08404029999997], [103.14673640000007, -4.083576299999947], [103.14680030000005, -4.083322299999907], [103.14604610000015, -4.080813299999875], [103.14492300000012, -4.076318299999855], [103.14420810000013, -4.07280789999993], [103.14415420000012, -4.072627699999941], [103.14411700000005, -4.072244899999873], [103.14367400000003, -4.071022999999855], [103.14312980000011, -4.069521999999893], [103.14321480000001, -4.069488799999931], [103.14320950000013, -4.069471099999873], [103.14364620000003, -4.069298199999878], [103.15741030000004, -4.063845399999877], [103.16263190000006, -4.068606399999908], [103.16625299999998, -4.069220899999948], [103.16847730000018, -4.064577899999847], [103.1705963, -4.061955599999862], [103.16446850000017, -4.057394699999975], [103.17041850000004, -4.0515475999998785], [103.17043910000018, -4.051574899999935]]]}}, {"type": "Feature", "properties": {"iddesa": "1673040008", "nama": "Alun Dua", "kec": "Pagar Alam Utara", "idkab": "ID1673"}, "geometry": {"type": "Polygon", "coordinates": [[[103.26654360000003, -4.001454499999909], [103.26718300000016, -4.001798699999881], [103.26820530000003, -4.002221299999974], [103.2692271000002, -4.002923999999837], [103.27024850000015, -4.003766999999925], [103.2711315000002, -4.0041424999999435], [103.27173620000013, -4.00409709999991], [103.27210900000006, -4.003770899999893], [103.2727136000002, -4.003772199999958], [103.27313190000012, -4.003913199999943], [103.27406240000005, -4.003774999999905], [103.27462090000006, -4.003589399999896], [103.27522540000018, -4.00368409999993], [103.27607400000005, -4.004205299999967], [103.27564120000011, -4.005404099999964], [103.27559370000012, -4.005536999999947], [103.2755790000001, -4.005665999999962], [103.27591890000019, -4.005605099999968], [103.27676220000012, -4.005021499999941], [103.27680380000004, -4.005088599999965], [103.27699410000014, -4.004925499999956], [103.27712990000003, -4.004809099999932], [103.27749250000016, -4.00509349999993], [103.27767710000018, -4.005155699999932], [103.27787330000007, -4.005184299999883], [103.27847800000018, -4.005185599999891], [103.27903550000013, -4.005466999999896], [103.27959340000007, -4.005608299999892], [103.27987300000012, -4.00532869999995], [103.28043100000014, -4.0053764999998975], [103.28098870000008, -4.005611299999941], [103.2813141000002, -4.00570539999984], [103.28210500000006, -4.005566899999906], [103.28280270000005, -4.005568399999959], [103.28312750000009, -4.005942699999935], [103.28321940000006, -4.006456699999831], [103.28349760000003, -4.006877699999848], [103.2840551000001, -4.007205799999895], [103.28479890000006, -4.007394199999965], [103.28535790000012, -4.006974999999898], [103.28596310000006, -4.006695999999977], [103.28642770000016, -4.006930499999953], [103.28665910000012, -4.007491499999901], [103.28651860000019, -4.0079582999999275], [103.28619180000015, -4.008564799999817], [103.28619540000011, -4.00858339999985], [103.28672180000012, -4.008907999999963], [103.28713550000009, -4.009384699999885], [103.28740020000015, -4.008987799999886], [103.28772580000009, -4.008988399999964], [103.28832980000016, -4.009269999999901], [103.2884218000001, -4.009783999999968], [103.28846970000018, -4.009961999999973], [103.28881940000014, -4.009927699999878], [103.28944060000003, -4.010397599999919], [103.28967310000007, -4.010788499999933], [103.28921380000008, -4.011362799999972], [103.28904930000016, -4.011568199999886], [103.28850380000017, -4.012113799999895], [103.28854500000017, -4.012259799999924], [103.28869570000006, -4.012260099999935], [103.28925380000004, -4.012261299999977], [103.28971800000005, -4.012729299999933], [103.28971660000013, -4.013383199999964], [103.28971590000009, -4.0137273999999366], [103.28971560000008, -4.013850299999888], [103.29008610000017, -4.014645199999848], [103.29008580000016, -4.014793499999939], [103.2896379, -4.014756499999976], [103.28927490000018, -4.014707199999918], [103.28905770000017, -4.014439399999958], [103.2887674000001, -4.014390099999957], [103.28825930000016, -4.014316199999882], [103.28792160000012, -4.01375639999992], [103.28743709999998, -4.01397419999995], [103.28692870000003, -4.014045999999894], [103.28663730000011, -4.014482899999905], [103.28637030000004, -4.014871199999959], [103.28629700000016, -4.015211299999976], [103.28590950000006, -4.015307699999937], [103.28535300000004, -4.015233599999931], [103.28482060000005, -4.015232499999968], [103.28453050000019, -4.015037499999892], [103.28394990000015, -4.014938999999913], [103.28346590000007, -4.0149136999999655], [103.28319850000014, -4.0154721999999765], [103.28290850000013, -4.015277099999821], [103.28249730000005, -4.015130399999919], [103.28227960000015, -4.015081299999963], [103.28198980000013, -4.01481339999998], [103.28153040000012, -4.014569299999948], [103.28082860000018, -4.014519299999904], [103.28007860000008, -4.014396099999942], [103.27974030000019, -4.0141523999999436], [103.2794022000001, -4.013787099999888], [103.27911200000005, -4.013689299999896], [103.27865209999999, -4.013736899999913], [103.27836090000005, -4.014076599999953], [103.27816650000017, -4.014464999999859], [103.27811780000002, -4.0146107999998435], [103.27818960000013, -4.014975499999821], [103.2779470000001, -4.015266599999904], [103.27748650000001, -4.015557299999898], [103.27719610000014, -4.01553239999987], [103.27714830000014, -4.015264899999977], [103.27702820000013, -4.0148271999999], [103.27666560000011, -4.014607699999942], [103.27615720000017, -4.014703799999893], [103.27586650000012, -4.014800399999899], [103.27555230000002, -4.014629599999978], [103.27518860000015, -4.014944799999967], [103.27550260000004, -4.015212799999915], [103.27540530000016, -4.015455699999961], [103.27523550000012, -4.015649799999835], [103.27470310000012, -4.015648599999906], [103.27407380000011, -4.015622999999948], [103.27378250000015, -4.016059899999902], [103.2732021000001, -4.015839899999946], [103.273008, -4.016058199999975], [103.27291100000019, -4.016155199999901], [103.27247470000015, -4.0164459999999735], [103.27206280000013, -4.016663899999969], [103.27182070000003, -4.016711899999962], [103.27153030000017, -4.016711299999827], [103.27140920000005, -4.016735399999959], [103.27116750000016, -4.01661329999996], [103.27077970000005, -4.016879899999935], [103.27007790000005, -4.016829799999925], [103.26973950000013, -4.016610299999968], [103.2692800000001, -4.016439199999979], [103.2690380000002, -4.016438699999981], [103.26869860000016, -4.0167295999999055], [103.26828710000001, -4.0167286999999305], [103.26794840000008, -4.01670369999988], [103.26753670000011, -4.016800099999955], [103.26760760000013, -4.016842999999881], [103.26751220000006, -4.016856499999847], [103.26751200000001, -4.0169838999999], [103.2673356000002, -4.01730689999988], [103.26701310000016, -4.017590299999881], [103.26666139999998, -4.0177854999998885], [103.26647560000009, -4.017971299999886], [103.2663484000002, -4.018127799999945], [103.26620150000014, -4.018411699999831], [103.26604480000015, -4.018656299999975], [103.26580020000017, -4.019008499999927], [103.26561460000005, -4.019096299999887], [103.26526300000012, -4.019252399999914], [103.26522370000004, -4.019360099999972], [103.26508700000011, -4.019428399999924], [103.26463780000006, -4.01960379999997], [103.26398360000013, -4.019808199999886], [103.26365149999998, -4.019954399999904], [103.26348540000009, -4.0200618999999165], [103.26332900000011, -4.020208499999967], [103.26314340000005, -4.0203158999999005], [103.26299680000017, -4.020423399999913], [103.26286040000008, -4.020354499999883], [103.26270420000014, -4.02038349999998], [103.26253820000005, -4.020432199999959], [103.26226520000006, -4.020343399999945], [103.26205080000005, -4.020215599999972], [103.26111260000005, -4.020938699999931], [103.26065370000009, -4.021074899999917], [103.26014570000018, -4.021328499999925], [103.25948230000017, -4.021327099999894], [103.25912110000013, -4.021404699999948], [103.25911470000017, -4.021413199999927], [103.25911050000013, -4.021410899999978], [103.25888210000011, -4.021492299999977], [103.25822920000007, -4.021859199999881], [103.25780520000018, -4.021964699999899], [103.25757650000008, -4.022144299999923], [103.25720150000012, -4.022168099999931], [103.25712790000006, -4.022298899999953], [103.25685920000006, -4.022159199999919], [103.2562318000002, -4.022067799999888], [103.25606060000007, -4.022067399999969], [103.25570210000006, -4.021984799999871], [103.25555570000017, -4.021853499999963], [103.25554790000007, -4.021689799999876], [103.25554850000015, -4.021411499999942], [103.25555700000012, -4.021223199999838], [103.25554100000005, -4.021108599999934], [103.25548420000013, -4.020977499999958], [103.25541110000012, -4.020829999999876], [103.25531360000008, -4.020698799999877], [103.2552077000002, -4.020657699999958], [103.25504469999998, -4.020657299999925], [103.25490630000013, -4.020566999999971], [103.25477619999998, -4.020443899999918], [103.25467850000007, -4.020378199999925], [103.25464960000016, -4.020344099999932], [103.25499250000013, -4.020357199999864], [103.25528180000009, -4.020127499999944], [103.25591209999999, -4.019275999999934], [103.25575420000007, -4.018758699999921], [103.25589990000009, -4.018527799999845], [103.25619780000005, -4.018501999999842], [103.2555506000001, -4.017937399999937], [103.25536679999999, -4.01785789999991], [103.25537630000008, -4.0174970999999005], [103.2552681000002, -4.017139699999916], [103.25521100000009, -4.016951099999858], [103.25522880000017, -4.016783999999973], [103.25505380000004, -4.0166955999999345], [103.25507249999998, -4.0161500999999475], [103.25467860000009, -4.01592919999996], [103.25453840000006, -4.015920099999903], [103.25438080000015, -4.015893399999925], [103.25430210000019, -4.015805199999818], [103.25417090000019, -4.015690599999914], [103.25396980000005, -4.0154964999999265], [103.25368110000016, -4.01526709999996], [103.25336560000017, -4.015301699999895], [103.25307620000001, -4.015380199999925], [103.25281330000013, -4.015406099999836], [103.25270810000012, -4.015405799999883], [103.25263810000018, -4.015396899999871], [103.25270000000017, -4.0151065999999105], [103.25263880000006, -4.015071299999931], [103.25253580000009, -4.015040599999963], [103.25253800000007, -4.015031799999861], [103.25246740000011, -4.014978399999961], [103.2525737000002, -4.014836699999876], [103.25253870000012, -4.014676999999892], [103.25243330000012, -4.014410599999962], [103.25234550000016, -4.014179799999965], [103.2522398000001, -4.014002099999914], [103.2523106000001, -4.013948999999968], [103.25248730000015, -4.013949399999831], [103.25275250000004, -4.01384349999995], [103.25282350000009, -4.013719499999979], [103.25291210000012, -4.013559999999927], [103.25303580000008, -4.013577999999939], [103.25322970000013, -4.013755799999956], [103.25344160000009, -4.013827299999946], [103.25363600000014, -4.01377449999984], [103.25374240000008, -4.013597299999901], [103.25386640000005, -4.013473299999873], [103.25386670000006, -4.013295899999946], [103.25386700000007, -4.013171699999873], [103.25379640000011, -4.01313609999994], [103.25370830000008, -4.01304719999996], [103.25360270000004, -4.01281629999994], [103.2534442000001, -4.012620799999922], [103.25316160000017, -4.012549199999967], [103.2530556000001, -4.012548999999979], [103.25296720000006, -4.012584299999958], [103.25287880000002, -4.012637299999881], [103.25280810000004, -4.012619399999835], [103.25268460000012, -4.012548199999969], [103.25256130000008, -4.012388299999884], [103.25247330000008, -4.0122283999999695], [103.25231430000002, -4.012227999999936], [103.25197860000014, -4.012227299999893], [103.25181960000015, -4.012226999999939], [103.25164310000014, -4.0121200999998905], [103.25155510000013, -4.011977999999942], [103.25157290000016, -4.0119247999999175], [103.25162590000014, -4.011907199999882], [103.25164380000018, -4.011800799999946], [103.25137930000011, -4.01155179999995], [103.2511676000002, -4.011444899999901], [103.25106190000014, -4.01128499999993], [103.25099140000003, -4.011178399999949], [103.25090310000019, -4.011178199999961], [103.25078000000013, -4.0109295999998835], [103.2507273, -4.0107697999999345], [103.2505331000001, -4.010680599999887], [103.25033850000017, -4.010839899999951], [103.25028540000005, -4.010892999999896], [103.25037320000018, -4.0111060999999495], [103.25035530000014, -4.011212499999942], [103.25033730000007, -4.01138989999987], [103.25026640000004, -4.011496199999954], [103.25017810000003, -4.0114959999999655], [103.25000150000017, -4.011424699999907], [103.24984290000003, -4.011246899999946], [103.24970200000007, -4.011051399999928], [103.24959630000006, -4.010926999999867], [103.24954320000012, -4.0109268999999586], [103.24945490000005, -4.01094449999988], [103.24933120000014, -4.010944199999869], [103.24920750000001, -4.010943899999916], [103.24904880000003, -4.010819399999946], [103.24883720000014, -4.010641499999963], [103.24874910000011, -4.010499399999901], [103.24880230000008, -4.010428499999932], [103.24883800000003, -4.010251199999971], [103.24883830000005, -4.0101269999999545], [103.24875020000019, -4.01000259999995], [103.24864430000014, -4.009966899999938], [103.24848560000015, -4.009824599999945], [103.24839760000015, -4.009664699999973], [103.24829180000012, -4.009540299999969], [103.24834440000001, -4.009511699999905], [103.24848640000005, -4.009434299999896], [103.24866350000013, -4.009203999999954], [103.24905330000007, -4.008708099999865], [103.24942540000012, -4.008176599999956], [103.2499397000002, -4.007290599999976], [103.25025860000011, -4.006847699999923], [103.25041809999999, -4.006617399999868], [103.25045520000003, -4.006644399999971], [103.2504764000002, -4.006659899999931], [103.25052280000017, -4.006293899999946], [103.25057040000019, -4.00578019999989], [103.25057130000005, -4.005359799999951], [103.25061600000004, -4.005305499999963], [103.25122410000006, -4.004567199999883], [103.25265150000007, -4.0031397999999285], [103.25271560000004, -4.003075699999954], [103.25402040000017, -4.0018640999999775], [103.25504550000005, -4.000978899999836], [103.25625510000015, -4.00084129999982], [103.25723210000018, -4.000703299999941], [103.25802320000008, -4.000471399999924], [103.25918670000004, -4.000146899999891], [103.26044320000011, -3.999775899999861], [103.26123370000016, -3.999870999999928], [103.26258150000012, -4.000340999999878], [103.26355760000007, -4.0006232999999725], [103.26425480000017, -4.000858299999891], [103.2651846, -4.00104709999988], [103.26574270000003, -4.0010482999999795], [103.26648610000007, -4.001423599999953], [103.26654360000003, -4.001454499999909]]]}}, {"type": "Feature", "properties": {"iddesa": "1673010005", "nama": "Atung Bungsu", "kec": "Dempo Selatan", "idkab": "ID1673"}, "geometry": {"type": "Polygon", "coordinates": [[[103.41268650000012, -3.9988194999999678], [103.41269560000012, -3.9988945999999714], [103.41284050000007, -3.9992879999999786], [103.41301240000007, -3.9998277999998777], [103.4132588, -4.00016189999991], [103.4132932, -4.0005504999999175], [103.4132466000001, -4.001117299999919], [103.41310860000004, -4.00187579999988], [103.41306220000007, -4.002314599999863], [103.41306130000004, -4.002799099999891], [103.41316910000006, -4.003548999999964], [103.41296810000011, -4.003932599999871], [103.41283980000014, -4.00438029999998], [103.4126116000001, -4.004699899999935], [103.41233790000001, -4.005010199999958], [103.41227920000017, -4.005030199999908], [103.4122649000002, -4.0050831999999446], [103.41179960000005, -4.005585099999905], [103.41129810000012, -4.00603209999997], [103.41106990000009, -4.006333399999846], [103.4108780000002, -4.0066803999999365], [103.41071330000005, -4.007128099999875], [103.41054860000014, -4.007548299999826], [103.41051500000003, -4.007801599999823], [103.41059320000011, -4.0079752999998846], [103.41078500000015, -4.008362399999953], [103.41084750000016, -4.008362499999976], [103.41130300000003, -4.008217099999911], [103.41146680000008, -4.008208299999978], [103.41161230000006, -4.0083274999998935], [103.4116757000001, -4.008501299999978], [103.41178430000008, -4.008812299999931], [103.41178370000017, -4.0091048999998975], [103.41173770000012, -4.0093515999998885], [103.4116666000001, -4.009536999999966], [103.4115551000001, -4.009643799999935], [103.41127220000016, -4.00998159999989], [103.41101700000019, -4.010154799999839], [103.4106341000001, -4.010455699999966], [103.41012360000013, -4.010774699999956], [103.41000080000009, -4.010842199999956], [103.40976170000005, -4.011041599999942], [103.40960820000015, -4.011151199999858], [103.40948540000011, -4.011294599999928], [103.4094664000001, -4.011669399999903], [103.40957500000002, -4.012016999999901], [103.40982020000007, -4.012319199999865], [103.40989710000002, -4.012370399999838], [103.40987410000008, -4.0126849999999195], [103.40975500000019, -4.0131143999999495], [103.4095083000002, -4.0135436999999], [103.40927090000008, -4.013936299999898], [103.4090882000001, -4.014237699999967], [103.4088510000002, -4.014483999999925], [103.40841260000013, -4.015223699999922], [103.4080377000002, -4.016054899999972], [103.40767260000018, -4.016538799999921], [103.4073944000001, -4.016964899999948], [103.40772560000016, -4.017425699999933], [103.4080469000001, -4.017868799999917], [103.40817049999998, -4.018039099999896], [103.4084337000001, -4.01841439999987], [103.40876950000018, -4.018972799999972], [103.40898710000005, -4.019439499999976], [103.4090045000001, -4.01986919999996], [103.40888560000019, -4.020152399999972], [103.40875740000007, -4.0204903999999715], [103.40839260000007, -4.0208461999998235], [103.40800980000006, -4.021083199999964], [103.4075225000002, -4.021255199999928], [103.40749750000009, -4.021284299999934], [103.40676280000008, -4.021559299999922], [103.4065947000002, -4.021558999999911], [103.40656120000006, -4.021628899999939], [103.40656080000002, -4.021857399999931], [103.40676060000004, -4.022104699999943], [103.40696020000007, -4.022415899999942], [103.40726940000008, -4.022617699999955], [103.40747840000012, -4.022810099999958], [103.4076692000001, -4.023002399999882], [103.40766900000006, -4.023121299999957], [103.40766880000007, -4.023212699999874], [103.40757760000014, -4.0233038999999735], [103.4074864000001, -4.02337689999996], [103.40739530000019, -4.023422399999902], [103.40729500000003, -4.023495399999888], [103.4069760000001, -4.02369589999995], [103.4066668000001, -4.023752299999842], [103.4066668000001, -4.0237708999998745], [103.4064651000001, -4.023828299999934], [103.40601000000015, -4.02418769999997], [103.4058087000002, -4.024726699999974], [103.4060353000001, -4.025202499999921], [103.4061892000002, -4.025659899999937], [103.40627020000017, -4.026135499999953], [103.40627940000002, -4.026144899999906], [103.40645140000004, -4.026592999999934], [103.40643280000012, -4.026821499999926], [103.40625030000012, -4.027031399999885], [103.40604970000004, -4.02715899999987], [103.40583110000006, -4.027249999999981], [103.40543950000017, -4.027322399999889], [103.4052794000001, -4.0273220999998784], [103.40519130000007, -4.027454199999966], [103.4041819000002, -4.027452199999971], [103.40307960000013, -4.027254599999878], [103.40301780000016, -4.027344999999912], [103.40295320000018, -4.027792899999952], [103.40297980000003, -4.028131199999962], [103.40319780000016, -4.028396799999882], [103.40342490000012, -4.028662299999951], [103.40340610000015, -4.028973099999973], [103.40315040000013, -4.029347499999972], [103.40292260000012, -4.029447599999969], [103.40271380000007, -4.029563899999914], [103.40244910000018, -4.029519799999832], [103.40191170000014, -4.029655899999966], [103.40144720000006, -4.029728099999943], [103.40125570000004, -4.02991969999988], [103.40099129999999, -4.030101999999943], [103.4007994000001, -4.03047649999985], [103.40032470000011, -4.031133799999964], [103.4000508000002, -4.031553799999813], [103.40013180000011, -4.032011099999977], [103.40020370000002, -4.032477499999857], [103.40038490000012, -4.03292579999993], [103.40053940000013, -4.033081599999946], [103.40087610000006, -4.033155399999885], [103.40128700000014, -4.033104999999978], [103.40164030000005, -4.033431099999973], [103.40188560000013, -4.033687599999951], [103.40193060000013, -4.033961999999917], [103.40193000000005, -4.034272799999883], [103.40192040000017, -4.034537899999975], [103.40186540000002, -4.0347205999999005], [103.40172830000006, -4.034967199999869], [103.40166440000013, -4.035058499999877], [103.40153670000018, -4.0352044999999634], [103.40144540000011, -4.035341499999959], [103.40136330000007, -4.035432799999967], [103.40124470000018, -4.035542199999952], [103.40110800000008, -4.035615099999916], [103.40100770000015, -4.035706299999845], [103.40090740000016, -4.035770099999979], [103.40076149999999, -4.035870399999908], [103.3998954000001, -4.036517799999842], [103.39940290000004, -4.036946499999942], [103.39932950000019, -4.0372480999999425], [103.39931990000008, -4.037503999999899], [103.39941970000018, -4.037705399999936], [103.39962860000009, -4.037916099999961], [103.3997378000002, -4.037952799999914], [103.40014680000013, -4.038328499999977], [103.40018500000008, -4.038331899999946], [103.40021940000008, -4.038419999999917], [103.40053740000013, -4.038749799999948], [103.4008098000001, -4.039115999999979], [103.40100930000006, -4.039527799999917], [103.40109040000004, -4.0399576999998885], [103.4009258000001, -4.040313899999944], [103.40062460000007, -4.040733899999964], [103.40030510000008, -4.041135499999882], [103.40016750000007, -4.04169289999993], [103.40002100000004, -4.042094899999881], [103.40002950000019, -4.042423999999926], [103.40019300000006, -4.042597999999941], [103.40065670000001, -4.042937199999926], [103.40096549999998, -4.0432760999999005], [103.40117770000018, -4.043359899999928], [103.4014562000001, -4.04374329999996], [103.40145570000004, -4.044008499999961], [103.40134590000002, -4.044282499999952], [103.40106300000008, -4.0446293999999625], [103.4008623000002, -4.044839199999842], [103.40062490000008, -4.045204499999954], [103.40062400000016, -4.04567069999996], [103.40076890000006, -4.046027599999945], [103.4009688000001, -4.046265599999913], [103.40114110000013, -4.046604299999956], [103.40116740000019, -4.047134599999936], [103.40119090000019, -4.047394599999961], [103.40116660000012, -4.047509399999967], [103.40112060000007, -4.047783599999946], [103.40057280000019, -4.048577899999941], [103.39980620000017, -4.049499699999899], [103.39961370000009, -4.050148499999921], [103.39937600000013, -4.050678199999879], [103.39933890000009, -4.051043899999854], [103.39891030000013, -4.051381299999946], [103.39840000000004, -4.05159969999994], [103.39812890000013, -4.05182149999996], [103.39798980000018, -4.051854899999967], [103.39776220000016, -4.051872699999933], [103.39744360000009, -4.051872099999969], [103.39727050000016, -4.05190829999998], [103.39699710000014, -4.052072299999963], [103.39670530000012, -4.052272799999912], [103.39656840000015, -4.052437099999906], [103.39655900000008, -4.052583399999946], [103.39639430000017, -4.053030999999976], [103.39636580000013, -4.053634399999964], [103.39628810000005, -4.054061899999965], [103.39626450000009, -4.054191899999978], [103.3962640000002, -4.054466099999956], [103.39621790000012, -4.054776899999979], [103.39603490000007, -4.055233599999951], [103.3958702000001, -4.0556629999999245], [103.39551430000017, -4.056073699999899], [103.3951676000001, -4.056438699999887], [103.39484820000013, -4.056803699999932], [103.39460680000002, -4.056922999999927], [103.39448350000015, -4.057095599999911], [103.39426450000013, -4.057341999999949], [103.39418210000008, -4.05758869999994], [103.39417230000015, -4.057926899999927], [103.39417170000013, -4.058210299999928], [103.39433510000015, -4.058475799999883], [103.39448950000013, -4.058668099999977], [103.394744, -4.058878799999945], [103.39499860000012, -4.0590255999998135], [103.39537140000004, -4.059254899999871], [103.3956350000002, -4.059502299999906], [103.39585310000012, -4.059712999999931], [103.39608020000009, -4.059960299999943], [103.39623460000007, -4.060134299999959], [103.39632010000003, -4.060254999999927], [103.39633410000016, -4.0604909999998995], [103.3963333000001, -4.060865899999953], [103.39621450000004, -4.061112499999979], [103.39594040000009, -4.061596499999894], [103.39576640000007, -4.062108099999932], [103.39574700000009, -4.062693199999956], [103.39558230000011, -4.063122499999963], [103.39522630000016, -4.063606399999912], [103.39488860000012, -4.064044499999966], [103.39458760000008, -4.064290799999981], [103.39421500000014, -4.064763499999913], [103.39413100000013, -4.064993799999968], [103.39382990000007, -4.065331499999957], [103.39369520000014, -4.065573799999925], [103.39360150000016, -4.06574239999992], [103.3935372000002, -4.066016599999955], [103.39332670000016, -4.066573799999958], [103.3930979000001, -4.0671767999998565], [103.39294230000019, -4.067578699999956], [103.39274140000009, -4.067916599999933], [103.39249490000009, -4.068254299999921], [103.39223940000011, -4.068518999999981], [103.39174750000006, -4.068691699999874], [103.39127360000015, -4.0689100999999255], [103.39090830000009, -4.069485399999905], [103.39085970000014, -4.069532899999842], [103.3908257, -4.069823499999927], [103.39077040000006, -4.070170799999971], [103.39066040000017, -4.070536199999879], [103.39065980000015, -4.070810499999936], [103.39065920000007, -4.071139599999981], [103.39064050000013, -4.07139559999996], [103.39034860000015, -4.071687499999939], [103.38956470000011, -4.072133899999926], [103.38892670000007, -4.072480099999893], [103.38842530000016, -4.072798999999975], [103.38823390000016, -4.072935799999925], [103.38789610000009, -4.073373899999922], [103.38773170000019, -4.073638699999833], [103.38751290000016, -4.073811999999975], [103.38727590000013, -4.07395779999996], [103.38713400000012, -4.074003699999935], [103.38699350000019, -4.074030399999913], [103.38675680000017, -4.074029899999971], [103.38670690000009, -4.074015499999916], [103.38643830000007, -4.073937799999953], [103.38621720000009, -4.073866099999975], [103.38600340000016, -4.073796799999855], [103.38595610000016, -4.073781499999939], [103.38567440000014, -4.073714299999949], [103.38524130000019, -4.0734829999998965], [103.38502590000013, -4.07336789999988], [103.38433120000019, -4.0724338999999645], [103.38346190000004, -4.071791099999814], [103.38305670000005, -4.0712656999999695], [103.38172390000011, -4.07015559999985], [103.38120260000011, -4.069629999999961], [103.38079690000012, -4.069337799999971], [103.3802745000001, -4.069336799999974], [103.37980979999998, -4.069510699999967], [103.37957730000011, -4.069684999999879], [103.37917160000012, -4.069392799999889], [103.37899829999998, -4.068984499999942], [103.37888280000004, -4.068692799999951], [103.37859320000007, -4.068400799999949], [103.37841920000005, -4.068342199999904], [103.37766490000018, -4.068224099999895], [103.37708540000017, -4.067756699999961], [103.3766799, -4.067347899999959], [103.37598240000005, -4.067870999999911], [103.37551730000013, -4.068219799999895], [103.37511020000017, -4.068626899999913], [103.37476150000009, -4.068859399999894], [103.37470280000002, -4.069208899999921], [103.37435410000012, -4.069441399999903], [103.37423830000017, -4.069266299999981], [103.37394860000018, -4.0690325999999], [103.37389030000014, -4.069148999999868], [103.3738309000002, -4.069848299999933], [103.37406260000017, -4.070081899999877], [103.37423630000018, -4.070257099999878], [103.37411970000011, -4.070548299999928], [103.37394520000004, -4.070722799999885], [103.37388680000004, -4.070897499999944], [103.37382810000014, -4.071247099999937], [103.3737119000001, -4.071305099999904], [103.37371090000005, -4.071771399999875], [103.37365220000015, -4.072120999999925], [103.3732457000001, -4.072236699999905], [103.37283960000008, -4.072119299999883], [103.37272360000009, -4.072060799999917], [103.37260690000016, -4.072410299999888], [103.37260580000009, -4.072934799999928], [103.37243140000004, -4.073050999999964], [103.37231490000016, -4.0732838999999785], [103.3719665000001, -4.073341499999913], [103.37190850000013, -4.073341399999833], [103.37179250000014, -4.073282899999981], [103.37167690000012, -4.073049499999911], [103.37138690000012, -4.0729323999999], [103.37115480000011, -4.072931899999958], [103.35832170000003, -4.064475399999878], [103.35811290000015, -4.064337699999953], [103.35869340000005, -4.064280599999961], [103.35875010000012, -4.064223999999967], [103.35904230000011, -4.063931699999955], [103.35904300000004, -4.06358199999994], [103.3591598000001, -4.06323249999997], [103.35950850000017, -4.063000099999954], [103.35991530000007, -4.062767799999904], [103.36020600000012, -4.062535199999957], [103.36078680000008, -4.0623032999999396], [103.36113570000015, -4.062012599999946], [103.36090470000005, -4.061429299999929], [103.36061500000005, -4.061195599999962], [103.3604997000001, -4.060787399999924], [103.36055820000013, -4.060554299999978], [103.36067510000004, -4.060146599999939], [103.36073370000008, -4.059855299999981], [103.36021210000013, -4.059504499999889], [103.35980590000008, -4.059445399999902], [103.35934170000002, -4.059386199999892], [103.35887790000004, -4.059152099999892], [103.35847190000004, -4.058976499999915], [103.35789180000017, -4.05885869999986], [103.35748550000011, -4.058857899999964], [103.35731100000004, -4.059032399999921], [103.35678850000016, -4.059089599999936], [103.35649720000004, -4.059671799999876], [103.3561489, -4.059671099999946], [103.35568460000013, -4.059670199999857], [103.35556830000013, -4.059786499999973], [103.35591540000007, -4.060369999999921], [103.3562048, -4.060720299999957], [103.35591370000009, -4.061185999999964], [103.35556489999999, -4.061476699999957], [103.35510010000007, -4.061708899999871], [103.35475180000003, -4.0617081999998845], [103.35417190000004, -4.061473799999874], [103.35382370000019, -4.061473099999887], [103.35347580000018, -4.061297599999932], [103.3528384, -4.060771699999975], [103.3527812000001, -4.06036359999996], [103.35318870000003, -4.0597815999998375], [103.35353770000012, -4.059374399999967], [103.35330600000015, -4.059140799999909], [103.35295800000011, -4.05902349999991], [103.3525514000001, -4.059197499999925], [103.3520281000001, -4.059662699999933], [103.35150560000005, -4.059719899999948], [103.35098290000013, -4.059893699999975], [103.3509257, -4.0594855999999595], [103.35086870000009, -4.0589608999998745], [103.35092780000019, -4.058436499999914], [103.35092910000014, -4.057795399999975], [103.35093030000007, -4.0572125999999], [103.35052500000012, -4.056745499999977], [103.35035320000009, -4.055579499999965], [103.34994970000008, -4.054238199999929], [103.34995120000002, -4.053480499999921], [103.34966290000017, -4.05254739999998], [103.34949000000006, -4.051964199999873], [103.34949140000003, -4.051264799999899], [103.34902850000009, -4.0505644999998935], [103.34902950000014, -4.050039899999831], [103.34908980000017, -4.048932699999966], [103.3489031000002, -4.048176299999909], [103.34885960000014, -4.047999699999934], [103.34897650000005, -4.047591999999952], [103.34909370000014, -4.047009399999979], [103.34909570000013, -4.046018599999968], [103.34892200000013, -4.045843399999967], [103.34845790000014, -4.0457257999999], [103.34810920000007, -4.0459582999998815], [103.34776040000014, -4.046248999999875], [103.34752930000019, -4.04572399999995], [103.34723930000018, -4.045606799999916], [103.34689060000011, -4.045839199999875], [103.34636900000015, -4.045488399999897], [103.34590410000004, -4.045778899999959], [103.3456384000001, -4.045955999999876], [103.34538100000009, -4.046127499999955], [103.3449733000001, -4.046826099999919], [103.34436190000014, -4.047080499999936], [103.34430120000007, -4.047105699999975], [103.34427630000016, -4.047116099999926], [103.34416020000015, -4.047115799999915], [103.34392980000013, -4.046241099999918], [103.34381560000008, -4.0453083999999535], [103.34381680000018, -4.044725599999936], [103.34393440000014, -4.043968099999972], [103.34358790000005, -4.043151499999908], [103.34341530000017, -4.04239339999998], [103.34318480000007, -4.041576999999847], [103.34272190000019, -4.040876699999899], [103.34237820000016, -4.04040619999995], [103.3423444, -4.040359999999964], [103.34237840000014, -4.0403140999998755], [103.34247180000006, -4.040188099999966], [103.34354670000005, -4.0376834999999005], [103.3433735000001, -4.034807499999886], [103.34284460000003, -4.030852299999935], [103.34410760000009, -4.02582249999989], [103.34583150000009, -4.022549499999968], [103.3458103000001, -4.022449199999926], [103.3458106000001, -4.022312099999965], [103.34581080000015, -4.022184099999947], [103.34583850000013, -4.022001299999829], [103.34587520000014, -4.02187339999989], [103.34591190000015, -4.021736399999952], [103.34613110000015, -4.021371099999897], [103.34634100000011, -4.021124699999859], [103.3466327000001, -4.020933299999911], [103.34665210000009, -4.020916899999975], [103.34734180000015, -4.019538499999953], [103.34716760000015, -4.017201699999873], [103.34752950000006, -4.015225399999963], [103.34841290000014, -4.014120599999956], [103.34896490000017, -4.013430999999912], [103.35001050000017, -4.012646699999948], [103.35004510000016, -4.012566099999958], [103.35020960000008, -4.0122738999999115], [103.3505833000001, -4.0120185999998625], [103.35082019999999, -4.0120041999999785], [103.35147440000014, -4.011458999999832], [103.35130160000006, -4.008403299999941], [103.35202750000008, -4.003372299999967], [103.35341030000006, -4.002142899999967], [103.35344350000014, -4.00210519999996], [103.35362600000019, -4.001895299999887], [103.35416360000005, -4.0016129999999634], [103.35459190000017, -4.001376199999925], [103.35493840000004, -4.001120899999933], [103.35523020000005, -4.000856299999896], [103.35574950000017, -4.000665399999832], [103.35613250000006, -4.000346199999967], [103.35655180000015, -4.000045299999954], [103.35662980000018, -3.999955199999931], [103.35668830000003, -3.999607299999923], [103.35700000000008, -3.9985198999999625], [103.35893030000011, -3.9980827999999065], [103.35953830000017, -3.997542199999941], [103.35983920000018, -3.997372999999925], [103.35998030000013, -3.9972546999998713], [103.36021750000003, -3.996971799999926], [103.36033640000011, -3.9967068999999356], [103.36061910000006, -3.9964605999999776], [103.36091070000003, -3.996324099999981], [103.3612020000001, -3.996297199999958], [103.36143870000018, -3.996306899999979], [103.36177520000012, -3.9964811999999483], [103.36202540000005, -3.996511999999882], [103.36385680000006, -3.9963317999998935], [103.36561090000004, -3.995996699999978], [103.36669060000003, -3.995660199999918], [103.36750570000015, -3.9950487999998927], [103.36752230000013, -3.9950207999999634], [103.36797819999998, -3.994646899999964], [103.36819120000001, -3.9944337999999675], [103.36832460000005, -3.99440989999988], [103.3689254000002, -3.9944384999999443], [103.36908960000011, -3.994465499999933], [103.37082580000009, -3.994512499999928], [103.37101000000001, -3.9944609999999443], [103.37127680000009, -3.9944104999999013], [103.37241740000013, -3.993954899999892], [103.37268630000017, -3.99383349999988], [103.37320560000018, -3.9936150999999427], [103.37377049999998, -3.993369399999949], [103.37411400000019, -3.9931911999999556], [103.37506100000019, -3.9916132999999263], [103.37517070000001, -3.99154319999991], [103.37518610000006, -3.9910591999999383], [103.37527810000006, -3.9905473999999685], [103.37547020000011, -3.990072399999974], [103.37547100000018, -3.9896792999999775], [103.37615530000016, -3.988885299999936], [103.3765104000002, -3.9888859999999795], [103.37671950000009, -3.9889777999999296], [103.37687380000006, -3.989234099999976], [103.37705540000019, -3.989453899999887], [103.37730090000008, -3.9896097999999256], [103.37754660000013, -3.9896559999999113], [103.37798550000002, -3.989747799999975], [103.3783489000001, -3.9895159999999805], [103.37865820000013, -3.9891827999999236], [103.3790779000002, -3.988671599999975], [103.37932420000016, -3.9884069999999383], [103.3797532000001, -3.9878409999999462], [103.38019960000008, -3.9876955999998813], [103.3807181000002, -3.987852099999941], [103.38119100000006, -3.98813639999986], [103.38130940000008, -3.988154199999883], [103.38181160000005, -3.9881725999999276], [103.38197140000017, -3.9883183999999687], [103.38229180000019, -3.9884585999999445], [103.38264640000006, -3.988696999999945], [103.38284660000011, -3.9887613999998734], [103.38336410000011, -3.9894571999998902], [103.38348309999998, -3.9896973999999545], [103.38463900000005, -3.9907517999998845], [103.38518149999999, -3.9908306999999468], [103.38542790000014, -3.9908234999999763], [103.38602260000016, -3.9908293999999387], [103.3862743000002, -3.9909439999998995], [103.38652720000016, -3.9910264999999754], [103.38747060000003, -3.9911636999999587], [103.38814560000014, -3.9908263999999463], [103.38840020000004, -3.9903430999999046], [103.3884973000001, -3.990052399999911], [103.38865240000013, -3.9898423999998727], [103.3886672000001, -3.989835899999946], [103.38882250000017, -3.989540899999895], [103.3898341000002, -3.9895428999999467], [103.39131590000005, -3.9904939999999556], [103.39181309999998, -3.990494999999953], [103.39226010000004, -3.990495899999928], [103.39266590000005, -3.989887099999919], [103.39287080000014, -3.9885329999999612], [103.39327630000008, -3.9881273999998257], [103.39408780000008, -3.9881643999999596], [103.39428180000016, -3.9880706999999234], [103.39460040000006, -3.988098799999932], [103.3948062, -3.988197199999888], [103.39482720000018, -3.9881981999998857], [103.39543850000013, -3.9859643999998866], [103.39567180000006, -3.9859444999999596], [103.39572440000012, -3.9858884999999304], [103.39615220000019, -3.9858893999999054], [103.39618440000004, -3.985900699999945], [103.39698990000005, -3.9858319999999594], [103.39830260000014, -3.9862273999999047], [103.3983637, -3.9862227999999504], [103.39882790000007, -3.9863059999998427], [103.39905030000017, -3.9864526999999725], [103.40015770000014, -3.986786299999949], [103.40137090000013, -3.9871272999999405], [103.40400420000009, -3.987122299999953], [103.40402070000005, -3.9871096999999054], [103.40404490000009, -3.9871799999999666], [103.40465250000005, -3.9872001999998474], [103.40503220000005, -3.9872962999999686], [103.40508190000008, -3.9873287999998297], [103.40530760000007, -3.987305999999876], [103.4057628000001, -3.987297799999908], [103.40608090000012, -3.9875725999999077], [103.40622590000004, -3.987892899999963], [103.40622530000019, -3.988185499999929], [103.40630290000018, -3.988436399999898], [103.4065110000002, -3.9885578999999325], [103.40679680000005, -3.9885871999999267], [103.40708060000009, -3.988616299999933], [103.40829670000016, -3.9882562999999323], [103.40917100000019, -3.9878764999999134], [103.40936130000011, -3.9876670999998396], [103.40955180000009, -3.9874004999999784], [103.40972340000008, -3.9870383999999603], [103.41010490000019, -3.986142799999925], [103.41027610000015, -3.9859714999999483], [103.41063710000014, -3.985895899999946], [103.41066070000016, -3.985900099999924], [103.4106814000001, -3.9858718999998928], [103.41096000000005, -3.985552299999938], [103.41123750000008, -3.985461599999951], [103.41149240000004, -3.9854711999999495], [103.41240940000006, -3.9861838999999577], [103.4128778000001, -3.9860336999999504], [103.41320110000004, -3.985786399999938], [103.41335250000014, -3.985641299999827], [103.41338590000004, -3.9854565999999068], [103.41386, -3.985082699999964], [103.41425550000008, -3.9850437999998576], [103.41443700000013, -3.9849686999999676], [103.41540740000016, -3.984777199999826], [103.41488560000016, -3.9858184999999366], [103.41487820000009, -3.9858434999999304], [103.41481370000008, -3.9862455999999042], [103.41479500000014, -3.986519899999962], [103.41476680000011, -3.9869677999998885], [103.41473880000007, -3.987296899999933], [103.41460110000008, -3.987899999999911], [103.41436380000016, -3.9882560999998873], [103.41433310000008, -3.9882822999999235], [103.41432700000013, -3.9884479999999485], [103.41390720000004, -3.988977499999976], [103.41356940000014, -3.98949789999989], [103.41350490000013, -3.989909199999886], [103.41348570000014, -3.990421099999878], [103.41343850000015, -3.991298699999959], [103.41338200000007, -3.992240299999935], [103.41347480000013, -3.992388999999889], [103.41336250000006, -3.992935099999954], [103.41315129999998, -3.993903699999919], [103.41315000000009, -3.9945619999999167], [103.41278520000009, -3.9948720999998386], [103.4127025000002, -3.99531079999997], [103.41249180000017, -3.9959960999999566], [103.41243610000015, -3.9965444999999136], [103.41241120000007, -3.996617899999933], [103.41258030000017, -3.997276199999874], [103.41257010000004, -3.9978612999998973], [103.41263290000012, -3.9983733999998776], [103.41268650000012, -3.9988194999999678]]]}}, {"type": "Feature", "properties": {"iddesa": "1673040006", "nama": "Bangun Jaya", "kec": "Pagar Alam Utara", "idkab": "ID1673"}, "geometry": {"type": "Polygon", "coordinates": [[[103.25575420000007, -4.018758699999921], [103.25591209999999, -4.019275999999934], [103.25528180000009, -4.020127499999944], [103.25499250000013, -4.020357199999864], [103.25464960000016, -4.020344099999932], [103.2546366000002, -4.020343599999876], [103.25463210000015, -4.0203383999999005], [103.25460580000009, -4.020307399999979], [103.25451810000015, -4.020258199999944], [103.2543715000001, -4.020336299999883], [103.25423500000016, -4.020306599999913], [103.25411790000004, -4.0203063999999245], [103.25403980000016, -4.02034539999994], [103.25389330000013, -4.020374499999946], [103.25374700000009, -4.020374199999935], [103.2536007000001, -4.020344399999942], [103.25355210000015, -4.0202659999999355], [103.25344450000011, -4.020363699999962], [103.2531221000001, -4.020549199999948], [103.25287790000016, -4.0206759999999235], [103.25229190000016, -4.0209588999999255], [103.2516472000001, -4.021300499999938], [103.25079750000015, -4.021700399999872], [103.25080130000009, -4.021706399999914], [103.25080840000015, -4.021717399999943], [103.25053240000005, -4.02177759999995], [103.2504074000002, -4.021837199999936], [103.2504051000002, -4.021838399999922], [103.25030160000011, -4.02163499999989], [103.25030190000018, -4.021515599999873], [103.25037000000009, -4.021430399999929], [103.25044650000007, -4.021379399999887], [103.25038750000016, -4.021208699999875], [103.25028580000009, -4.021071999999947], [103.25011640000008, -4.02088399999991], [103.25016790000006, -4.020636799999977], [103.25000720000014, -4.020286799999894], [103.2498548000001, -4.0200561999998286], [103.24987230000016, -4.019817399999965], [103.24988139999999, -4.019552999999917], [103.24990750000006, -4.019263099999932], [103.24991160000019, -4.019218499999965], [103.24991620000003, -4.019169299999874], [103.25009460000007, -4.019135499999948], [103.25026450000007, -4.019135899999981], [103.25031550000006, -4.019101899999896], [103.25037520000018, -4.019008199999973], [103.2504180000002, -4.018846199999871], [103.25046060000017, -4.018778099999963], [103.25048630000015, -4.018667299999947], [103.25051210000015, -4.018496799999923], [103.25052940000018, -4.018360299999927], [103.25055510000016, -4.018257999999889], [103.2506403000001, -4.018147299999953], [103.25077640000018, -4.018045299999869], [103.25095500000003, -4.017943299999956], [103.25115910000005, -4.017807299999902], [103.25131210000006, -4.01773089999989], [103.25166760000019, -4.018303099999969], [103.2522347000002, -4.019208399999911], [103.25251410000004, -4.019626899999935], [103.2527863000002, -4.019448399999874], [103.25288850000015, -4.019286499999907], [103.2529568000001, -4.019107599999927], [103.25302480000005, -4.019124799999929], [103.25322900000003, -4.018911999999943], [103.25339940000015, -4.018673499999977], [103.25368000000009, -4.018537699999968], [103.25396000000012, -4.018674699999906], [103.25423150000006, -4.018769099999929], [103.25429950000017, -4.018769299999917], [103.25447789999998, -4.018726999999956], [103.25468180000018, -4.0187274999999545], [103.2548429000002, -4.018813099999932], [103.25497860000007, -4.018941299999938], [103.25501240000017, -4.01900959999989], [103.25522450000017, -4.0191209999998705], [103.2553776000002, -4.019018899999878], [103.25552200000004, -4.018976599999917], [103.25565820000014, -4.018831899999952], [103.25573500000013, -4.018695599999944], [103.25575420000007, -4.018758699999921]]]}}, {"type": "Feature", "properties": {"iddesa": "1673040002", "nama": "Bangun Rejo", "kec": "Pagar Alam Utara", "idkab": "ID1673"}, "geometry": {"type": "Polygon", "coordinates": [[[103.23558480000014, -4.017995099999894], [103.23561210000008, -4.018126699999868], [103.23561160000008, -4.018371099999911], [103.2356111000002, -4.018601099999955], [103.2358108000002, -4.018946599999936], [103.23631130000007, -4.019177699999943], [103.2366825000002, -4.019652899999926], [103.23665260000007, -4.020227799999816], [103.23667720000014, -4.022111199999927], [103.23670260000011, -4.022411699999964], [103.23648340000005, -4.022464299999854], [103.23637120000001, -4.022666099999924], [103.23623740000016, -4.022531099999981], [103.23617020000012, -4.022598299999913], [103.23567880000013, -4.022440099999869], [103.23543230000013, -4.02270899999985], [103.23503030000012, -4.022573399999885], [103.23456080000017, -4.022617299999979], [103.23422560000012, -4.022571699999958], [103.23411370000014, -4.022661199999959], [103.23364400000014, -4.022794899999951], [103.2332416000001, -4.022861299999931], [103.23295030000014, -4.023197399999958], [103.23283850000013, -4.023197099999891], [103.23257030000013, -4.023196499999926], [103.23232420000005, -4.023285799999883], [103.23192180000012, -4.023329799999942], [103.23120660000012, -4.023328299999946], [103.2308268000001, -4.023215199999811], [103.23062610000005, -4.023035199999924], [103.23055870000013, -4.023169699999869], [103.23044710000016, -4.023079699999869], [103.2300678000002, -4.02280949999988], [103.22901580000018, -4.023480599999914], [103.22823210000018, -4.024107399999934], [103.22809630000017, -4.024892699999953], [103.22740280000016, -4.025160499999913], [103.22735610000018, -4.025155199999915], [103.22722130000005, -4.024996499999929], [103.22707320000006, -4.024953699999969], [103.22669210000015, -4.025016599999901], [103.22635340000016, -4.025079699999878], [103.22626860000008, -4.025143199999889], [103.22603620000007, -4.024951499999929], [103.22546410000012, -4.025247699999852], [103.22516780000012, -4.025289599999951], [103.22472330000011, -4.025309899999911], [103.22419470000011, -4.025074899999936], [103.22400420000014, -4.025095799999974], [103.22389830000009, -4.0251380999999355], [103.22356010000016, -4.024924799999951], [103.22320070000012, -4.024775199999908], [103.22279860000003, -4.02473179999987], [103.22248110000004, -4.024773699999969], [103.22220580000004, -4.0248792999998955], [103.22171900000006, -4.02485699999994], [103.22150820000002, -4.024495199999933], [103.22102200000012, -4.024239099999875], [103.22062040000014, -4.024004499999933], [103.22006950000019, -4.024300799999935], [103.21987880000006, -4.024385399999915], [103.21954030000012, -4.02436339999997], [103.21926520000005, -4.024362799999892], [103.21890550000018, -4.024319499999876], [103.21863030000014, -4.024340199999813], [103.21855720000013, -4.02429479999995], [103.21856490000005, -4.024228999999934], [103.21872530000019, -4.023079899999971], [103.22354960000018, -4.018899699999963], [103.22362390000012, -4.018835299999978], [103.22364540000012, -4.018835399999887], [103.22384120000015, -4.01883579999992], [103.22404010000008, -4.01894539999995], [103.22416670000007, -4.019018399999936], [103.22425730000015, -4.019000399999868], [103.22449270000004, -4.0190008999999804], [103.22467390000014, -4.018928599999981], [103.22487350000011, -4.018783499999927], [103.2249460000001, -4.018747299999973], [103.22514520000004, -4.018711399999916], [103.22527200000007, -4.0187115999999605], [103.22545300000013, -4.018748399999879], [103.22552530000007, -4.018821299999956], [103.22563409999998, -4.018766999999912], [103.2257607000002, -4.018839999999898], [103.22606860000008, -4.018786099999886], [103.22657610000016, -4.018568999999957], [103.22670320000014, -4.018405599999937], [103.2270653000001, -4.018442799999889], [103.22739130000008, -4.018425299999876], [103.22766270000017, -4.018516799999929], [103.22791600000016, -4.018662799999902], [103.22811510000008, -4.018663299999957], [103.22824140000006, -4.018918099999894], [103.22838610000014, -4.018954799999904], [103.22853120000008, -4.018864199999939], [103.2287302000002, -4.018973799999969], [103.2288754000001, -4.01881039999995], [103.2310684000002, -4.017960499999958], [103.23132190000007, -4.017960999999843], [103.23155680000013, -4.018197899999905], [103.23170130000017, -4.018343699999889], [103.23313109999998, -4.01872869999994], [103.23313150000001, -4.018546899999933], [103.23349390000016, -4.018438599999911], [103.23356600000011, -4.018584199999964], [103.23372920000008, -4.018457299999966], [103.23416379999998, -4.01847639999994], [103.23430880000012, -4.018440299999952], [103.23452580000009, -4.018549899999869], [103.23487030000018, -4.018350599999906], [103.23508760000004, -4.018351099999961], [103.23512400000004, -4.0182601999998155], [103.23541400000005, -4.018133599999885], [103.23558480000014, -4.017995099999894]]]}}, {"type": "Feature", "properties": {"iddesa": "1673030004", "nama": "Basemah Serasan", "kec": "Pagar Alam Selatan", "idkab": "ID1673"}, "geometry": {"type": "Polygon", "coordinates": [[[103.25905270000015, -4.0241161999999235], [103.25580150000008, -4.024848399999939], [103.25595790000006, -4.025053399999933], [103.25587950000016, -4.025068999999974], [103.2557541000001, -4.025037199999929], [103.25562840000015, -4.025162899999941], [103.25554990000006, -4.0252257999998164], [103.25525180000011, -4.025303899999869], [103.25490630000013, -4.025539299999821], [103.25460800000013, -4.025696099999891], [103.25449780000008, -4.025916299999835], [103.2543563000001, -4.026104999999973], [103.2543407, -4.026057699999967], [103.25415250000009, -4.026088799999968], [103.25394830000005, -4.026245799999913], [103.25377570000018, -4.0263241999999195], [103.2537672000002, -4.02629769999993], [103.2537050000002, -4.026101899999901], [103.25370270000019, -4.0260946999999305], [103.25363550000014, -4.025882999999908], [103.2535104000001, -4.02572529999992], [103.25344810000007, -4.025650999999925], [103.25333830000005, -4.025520199999903], [103.25177610000009, -4.025848599999904], [103.2517513000002, -4.025853799999879], [103.25173510000008, -4.0258373999999435], [103.25169620000008, -4.025788299999817], [103.25164770000015, -4.025660899999934], [103.25164800000016, -4.025504099999921], [103.25181420000007, -4.025347699999941], [103.25211730000007, -4.0250445999998306], [103.25228360000017, -4.024848899999881], [103.25241070000004, -4.024721799999952], [103.25258650000018, -4.024653599999965], [103.25253820000012, -4.024428199999875], [103.2525287000002, -4.0242909999998915], [103.25253870000012, -4.024183199999868], [103.25249990000015, -4.024104699999953], [103.25251960000014, -4.024016599999925], [103.2525393000002, -4.023889199999871], [103.25239300000015, -4.0238888999999745], [103.25221730000004, -4.023898299999928], [103.25206120000007, -4.023907799999904], [103.25199300000008, -4.023839099999918], [103.25182710000007, -4.023868099999902], [103.25171980000005, -4.02385809999987], [103.25160320000003, -4.023642299999892], [103.2515547000001, -4.0234755999999265], [103.25155480000006, -4.02343639999998], [103.2516334, -4.023181799999975], [103.2516142, -4.023024999999961], [103.25149760000016, -4.02280919999987], [103.25105030000009, -4.0220928999999614], [103.25080840000015, -4.021717399999943], [103.25080130000009, -4.021706399999914], [103.25079750000015, -4.021700399999872], [103.2516472000001, -4.021300499999938], [103.25229190000016, -4.0209588999999255], [103.25287790000016, -4.0206759999999235], [103.2531221000001, -4.020549199999948], [103.25344450000011, -4.020363699999962], [103.25355210000015, -4.0202659999999355], [103.2536007000001, -4.020344399999942], [103.25374700000009, -4.020374199999935], [103.25389330000013, -4.020374499999946], [103.25403980000016, -4.02034539999994], [103.25411790000004, -4.0203063999999245], [103.25423500000016, -4.020306599999913], [103.2543715000001, -4.020336299999883], [103.25451810000015, -4.020258199999944], [103.25460580000009, -4.020307399999979], [103.25463210000015, -4.0203383999999005], [103.2546366000002, -4.020343599999876], [103.25464960000016, -4.020344099999932], [103.25467850000007, -4.020378199999925], [103.25477619999998, -4.020443899999918], [103.25490630000013, -4.020566999999971], [103.25504469999998, -4.020657299999925], [103.2552077000002, -4.020657699999958], [103.25531360000008, -4.020698799999877], [103.25541110000012, -4.020829999999876], [103.25548420000013, -4.020977499999958], [103.25554100000005, -4.021108599999934], [103.25555700000012, -4.021223199999838], [103.25554850000015, -4.021411499999942], [103.25554790000007, -4.021689799999876], [103.25555570000017, -4.021853499999963], [103.25570210000006, -4.021984799999871], [103.25606060000007, -4.022067399999969], [103.2562318000002, -4.022067799999888], [103.25685920000006, -4.022159199999919], [103.25712790000006, -4.022298899999953], [103.25720150000012, -4.022168099999931], [103.25757650000008, -4.022144299999923], [103.25780520000018, -4.021964699999899], [103.25822920000007, -4.021859199999881], [103.25888210000011, -4.021492299999977], [103.25911050000013, -4.021410899999978], [103.25911470000017, -4.021413199999927], [103.25912110000013, -4.021404699999948], [103.25948230000017, -4.021327099999894], [103.26014570000018, -4.021328499999925], [103.26065370000009, -4.021074899999917], [103.26111260000005, -4.020938699999931], [103.26205080000005, -4.020215599999972], [103.26226520000006, -4.020343399999945], [103.26253820000005, -4.020432199999959], [103.26270420000014, -4.02038349999998], [103.26286040000008, -4.020354499999883], [103.26299680000017, -4.020423399999913], [103.26314340000005, -4.0203158999999005], [103.26332900000011, -4.020208499999967], [103.26348540000009, -4.0200618999999165], [103.26365149999998, -4.019954399999904], [103.26398360000013, -4.019808199999886], [103.26463780000006, -4.01960379999997], [103.26508700000011, -4.019428399999924], [103.26522370000004, -4.019360099999972], [103.26526300000012, -4.019252399999914], [103.26561460000005, -4.019096299999887], [103.26580020000017, -4.019008499999927], [103.26604480000015, -4.018656299999975], [103.26620150000014, -4.018411699999831], [103.2663484000002, -4.018127799999945], [103.26647560000009, -4.017971299999886], [103.26666139999998, -4.0177854999998885], [103.26701310000016, -4.017590299999881], [103.2673356000002, -4.01730689999988], [103.26751200000001, -4.0169838999999], [103.26751220000006, -4.016856499999847], [103.26760760000013, -4.016842999999881], [103.26814100000018, -4.017165899999952], [103.26833460000006, -4.017166299999815], [103.2688184000001, -4.017313199999876], [103.2692775000001, -4.017630099999906], [103.2695665, -4.018311299999937], [103.26958950000017, -4.018870299999946], [103.26973379999998, -4.019308099999932], [103.2696853000001, -4.019356599999924], [103.26980570000012, -4.019648599999925], [103.27014340000017, -4.020208299999979], [103.27060170000004, -4.020938399999977], [103.27072200000003, -4.021254599999963], [103.25932360000019, -4.023972299999912], [103.25900210000009, -4.024048999999877], [103.25905270000015, -4.0241161999999235]]]}}, {"type": "Feature", "properties": {"iddesa": "1673040007", "nama": "Beringin Jaya", "kec": "Pagar Alam Utara", "idkab": "ID1673"}, "geometry": {"type": "Polygon", "coordinates": [[[103.24834440000001, -4.009511699999905], [103.24829180000012, -4.009540299999969], [103.24839760000015, -4.009664699999973], [103.24848560000015, -4.009824599999945], [103.24864430000014, -4.009966899999938], [103.24875020000019, -4.01000259999995], [103.24883830000005, -4.0101269999999545], [103.24883800000003, -4.010251199999971], [103.24880230000008, -4.010428499999932], [103.24874910000011, -4.010499399999901], [103.24883720000014, -4.010641499999963], [103.24904880000003, -4.010819399999946], [103.24920750000001, -4.010943899999916], [103.24933120000014, -4.010944199999869], [103.24945490000005, -4.01094449999988], [103.24954320000012, -4.0109268999999586], [103.24959630000006, -4.010926999999867], [103.24970200000007, -4.011051399999928], [103.24984290000003, -4.011246899999946], [103.25000150000017, -4.011424699999907], [103.25017810000003, -4.0114959999999655], [103.25026640000004, -4.011496199999954], [103.25033730000007, -4.01138989999987], [103.25035530000014, -4.011212499999942], [103.25037320000018, -4.0111060999999495], [103.25028540000005, -4.010892999999896], [103.25033850000017, -4.010839899999951], [103.2505331000001, -4.010680599999887], [103.2507273, -4.0107697999999345], [103.25078000000013, -4.0109295999998835], [103.25090310000019, -4.011178199999961], [103.25099140000003, -4.011178399999949], [103.25106190000014, -4.01128499999993], [103.2511676000002, -4.011444899999901], [103.25137930000011, -4.01155179999995], [103.25164380000018, -4.011800799999946], [103.25162590000014, -4.011907199999882], [103.25157290000016, -4.0119247999999175], [103.25155510000013, -4.011977999999942], [103.25164310000014, -4.0121200999998905], [103.25181960000015, -4.012226999999939], [103.25197860000014, -4.012227299999893], [103.25231430000002, -4.012227999999936], [103.25247330000008, -4.0122283999999695], [103.25256130000008, -4.012388299999884], [103.25268460000012, -4.012548199999969], [103.25280810000004, -4.012619399999835], [103.25287880000002, -4.012637299999881], [103.25296720000006, -4.012584299999958], [103.2530556000001, -4.012548999999979], [103.25316160000017, -4.012549199999967], [103.2534442000001, -4.012620799999922], [103.25360270000004, -4.01281629999994], [103.25370830000008, -4.01304719999996], [103.25379640000011, -4.01313609999994], [103.25386700000007, -4.013171699999873], [103.25386670000006, -4.013295899999946], [103.25386640000005, -4.013473299999873], [103.25374240000008, -4.013597299999901], [103.25363600000014, -4.01377449999984], [103.25344160000009, -4.013827299999946], [103.25322970000013, -4.013755799999956], [103.25303580000008, -4.013577999999939], [103.25291210000012, -4.013559999999927], [103.25282350000009, -4.013719499999979], [103.25275250000004, -4.01384349999995], [103.25248730000015, -4.013949399999831], [103.2523106000001, -4.013948999999968], [103.2522398000001, -4.014002099999914], [103.25234550000016, -4.014179799999965], [103.25243330000012, -4.014410599999962], [103.25253870000012, -4.014676999999892], [103.2525737000002, -4.014836699999876], [103.25246740000011, -4.014978399999961], [103.25253800000007, -4.015031799999861], [103.25253580000009, -4.015040599999963], [103.25248990000017, -4.015026999999975], [103.2523760000002, -4.015017899999975], [103.25230600000009, -4.01497379999995], [103.25214850000003, -4.014876699999888], [103.2520433000002, -4.014885199999981], [103.25191200000017, -4.014796999999874], [103.25165820000012, -4.014673199999947], [103.25156170000014, -4.014716999999905], [103.2514037000002, -4.01483989999997], [103.25124540000007, -4.015103499999952], [103.25119290000015, -4.015094599999884], [103.25096510000014, -4.015067699999975], [103.25089520000006, -4.014997199999925], [103.25066780000009, -4.014759099999935], [103.25061560000017, -4.014582999999959], [103.25051060000004, -4.014521199999876], [103.25036180000012, -4.014441599999941], [103.25015140000016, -4.014502799999946], [103.25011610000007, -4.014599499999974], [103.25002810000007, -4.014801699999907], [103.24990540000005, -4.014818999999932], [103.24976520000018, -4.014783499999908], [103.24962520000014, -4.014721599999973], [103.24961630000013, -4.01475679999993], [103.2494672000002, -4.014844499999981], [103.24933570000013, -4.014852999999903], [103.24918700000012, -4.0147294999998735], [103.2489947000002, -4.014526699999976], [103.24888960000004, -4.014500099999907], [103.24870570000007, -4.014429299999904], [103.24847750000004, -4.014639999999929], [103.2482928, -4.014921199999947], [103.2481433000001, -4.015202399999964], [103.24805570000012, -4.015202199999919], [103.2479769000002, -4.015175699999929], [103.24790300000012, -4.015160699999967], [103.24790120000011, -4.015134299999886], [103.24775830000004, -4.015018999999938], [103.2476152000001, -4.014989899999932], [103.24741450000016, -4.015090099999952], [103.24714240000003, -4.015146999999956], [103.24692790000006, -4.015060299999902], [103.24671330000007, -4.015002299999821], [103.24648460000014, -4.014814899999919], [103.24618410000016, -4.0147711999998705], [103.24596940000015, -4.014770699999929], [103.24575390000007, -4.015115299999934], [103.24558210000009, -4.015114899999901], [103.24533880000001, -4.015099999999904], [103.24516710000006, -4.015056499999957], [103.24510970000006, -4.015128299999958], [103.24470840000009, -4.015328699999827], [103.24445070000007, -4.015328099999863], [103.24422180000016, -4.015298899999948], [103.2441075000001, -4.015154899999914], [103.24395000000004, -4.015168899999935], [103.24366360000016, -4.015240199999937], [103.24356300000017, -4.015426799999943], [103.24333340000004, -4.015656299999932], [103.24316149999999, -4.015727899999888], [103.24300410000012, -4.015713099999914], [103.24288970000009, -4.015626599999962], [103.24271760000005, -4.015769999999918], [103.24243130000013, -4.015769399999954], [103.24213070000013, -4.0157687999999325], [103.24195910000014, -4.015696499999876], [103.24178800000004, -4.015379899999971], [103.2418026000002, -4.015207399999895], [103.24193200000008, -4.014948899999922], [103.24180350000006, -4.014790499999947], [103.24163150000004, -4.0149050999999645], [103.24130210000015, -4.014976299999887], [103.24100130000016, -4.015061899999864], [103.2407293, -4.015046899999959], [103.24061510000018, -4.014888499999927], [103.24034300000005, -4.014945499999897], [103.2396559, -4.014929599999846], [103.23956970000017, -4.0150875999999585], [103.23936880000008, -4.015331499999945], [103.23923910000019, -4.0157049999999685], [103.23915230000011, -4.0161216999998715], [103.23889450000007, -4.016207399999871], [103.23852220000003, -4.016264099999944], [103.23817850000017, -4.01629209999993], [103.23786400000012, -4.016104599999892], [103.23783550000002, -4.016018199999962], [103.23785030000005, -4.01581699999997], [103.23782230000018, -4.015515099999959], [103.23773680000005, -4.015342399999895], [103.23752250000007, -4.015126299999963], [103.23737950000015, -4.0150683999999615], [103.23707890000014, -4.015038999999945], [103.23669240000015, -4.015052599999876], [103.2362773000001, -4.015022899999906], [103.23609140000013, -4.014950599999963], [103.23603410000004, -4.0149648999999386], [103.23587640000011, -4.015065199999981], [103.23567550000018, -4.015280399999824], [103.23563230000019, -4.015409699999964], [103.2357750000001, -4.015625599999964], [103.23567430000008, -4.0158266999998204], [103.23547430000008, -4.015653699999973], [103.23520250000013, -4.015552499999956], [103.23494480000016, -4.015580699999873], [103.23447170000009, -4.01588159999983], [103.23437170000017, -4.015795099999934], [103.23415730000016, -4.015622099999916], [103.23395700000015, -4.015592899999945], [103.23393340000013, -4.01562239999987], [103.23401280000013, -4.014753199999973], [103.23402040000002, -4.013973299999918], [103.23403180000008, -4.012805899999876], [103.23480150000017, -4.012807499999951], [103.23517190000013, -4.012659699999972], [103.23567520000017, -4.012645899999882], [103.23616370000008, -4.0126469999999586], [103.23660760000007, -4.012766799999952], [103.23700710000008, -4.012812299999894], [103.23724400000015, -4.012827699999946], [103.2376733000001, -4.012813699999924], [103.23807300000016, -4.012799699999903], [103.23873900000018, -4.01287549999995], [103.23904990000017, -4.012846399999944], [103.2393166, -4.012728099999947], [103.23971630000005, -4.012699199999929], [103.24014540000019, -4.012774499999978], [103.24054490000003, -4.0128793999999175], [103.24081100000001, -4.013043499999924], [103.24106240000003, -4.013177799999937], [103.24123970000016, -4.013311999999928], [103.24131820000008, -4.011201299999925], [103.24140690000013, -4.011275799999964], [103.2414957000002, -4.011305699999923], [103.2415549000001, -4.0113057999999455], [103.24165850000014, -4.011305999999877], [103.24189540000003, -4.011261999999874], [103.24211750000012, -4.011247599999933], [103.24229510000009, -4.011247999999966], [103.24233950000018, -4.011248099999875], [103.24262080000005, -4.011263499999927], [103.24275400000005, -4.011263799999938], [103.24296120000014, -4.01126429999988], [103.24309450000015, -4.011264499999925], [103.24334590000018, -4.011383999999907], [103.24352340000013, -4.011428999999907], [103.24352570000013, -4.01034379999993], [103.2435997, -4.010343999999861], [103.24379220000014, -4.010329499999898], [103.24398440000004, -4.010419099999922], [103.24386560000016, -4.010612099999946], [103.2439247000001, -4.010686599999872], [103.2440428000001, -4.010820599999931], [103.24430920000009, -4.010836099999892], [103.2445165000002, -4.010821599999929], [103.24478300000004, -4.010777599999926], [103.24497550000018, -4.010763199999815], [103.24507920000002, -4.01074849999992], [103.24524190000017, -4.01079349999992], [103.24528630000015, -4.010793599999943], [103.24544920000011, -4.0107492999999295], [103.24570110000019, -4.01066069999996], [103.24593810000005, -4.010557099999971], [103.24617540000014, -4.010379199999932], [103.24623500000013, -4.010171199999945], [103.24620579999998, -4.010007699999903], [103.24620640000006, -4.009725199999821], [103.2462511, -4.009561799999972], [103.24667970000013, -4.009889699999917], [103.24707990000019, -4.009652799999969], [103.24746540000012, -4.009341399999926], [103.24792410000009, -4.009431599999971], [103.24834440000001, -4.009511699999905]]]}}, {"type": "Feature", "properties": {"iddesa": "1673020006", "nama": "Bumi Agung", "kec": "Dempo Utara", "idkab": "ID1673"}, "geometry": {"type": "Polygon", "coordinates": [[[103.19173960000006, -4.041469799999959], [103.19519490000016, -4.051745799999935], [103.19644110000007, -4.055451999999889], [103.19893340000004, -4.058836799999824], [103.20008500000012, -4.059804899999904], [103.20004980000004, -4.060151099999928], [103.19998670000012, -4.0607700999999], [103.19729180000007, -4.0620192999999745], [103.19256730000018, -4.067994699999929], [103.19413640000016, -4.073042699999974], [103.19099950000009, -4.072510399999885], [103.1858706000001, -4.071185299999968], [103.18256220000012, -4.065721399999973], [103.17744690000018, -4.0583334999999465], [103.17463029999999, -4.05792299999996], [103.17272600000018, -4.054584199999965], [103.17047830000018, -4.051626399999975], [103.17043910000018, -4.051574899999935], [103.17203280000001, -4.049700699999903], [103.17519780000009, -4.053183599999954], [103.17798379999999, -4.0541553999999], [103.18694260000018, -4.046451599999955], [103.18752540000008, -4.043749599999842], [103.1872441000001, -4.0405627999998615], [103.1916652000001, -4.04124859999996], [103.19173960000006, -4.041469799999959]]]}}, {"type": "Feature", "properties": {"iddesa": "1673020001", "nama": "Burung Dinang", "kec": "Dempo Utara", "idkab": "ID1673"}, "geometry": {"type": "Polygon", "coordinates": [[[103.23599540000004, -4.077333999999951], [103.2360331000001, -4.077448299999901], [103.23603240000006, -4.077748099999951], [103.23556220000006, -4.078175499999929], [103.2350067000001, -4.078559899999959], [103.23440810000017, -4.079158299999904], [103.23389530000014, -4.079542699999934], [103.23346800000019, -4.079884499999935], [103.23304060000015, -4.080226299999879], [103.23257010000015, -4.080782199999874], [103.23222750000019, -4.08133829999997], [103.23222640000012, -4.081852399999889], [103.23222520000019, -4.082409299999938], [103.23230970000009, -4.082795099999885], [103.23192430000017, -4.083436799999959], [103.23170990000017, -4.083950499999958], [103.23166630000014, -4.084378799999911], [103.23204920000018, -4.084850799999913], [103.2321331, -4.085493599999893], [103.23234530000019, -4.086008199999924], [103.23264310000013, -4.086394399999904], [103.2333246, -4.086909999999932], [103.23396409999998, -4.087125599999922], [103.23460399999999, -4.087126999999953], [103.23519920000007, -4.088113699999951], [103.23532590000008, -4.088670899999954], [103.23528240000019, -4.089056299999868], [103.2353242000001, -4.089441999999906], [103.23549420000012, -4.0897421999998755], [103.23553560000016, -4.090342099999873], [103.23604640000013, -4.090857299999868], [103.23664350000018, -4.090944299999933], [103.23694189999998, -4.0910734999998795], [103.23711190000006, -4.091373699999963], [103.2368977000001, -4.091758799999923], [103.2371096, -4.092401899999857], [103.23757840000007, -4.092659999999967], [103.23834490000007, -4.093304299999829], [103.23860010000004, -4.093647599999883], [103.23865410000008, -4.093648099999939], [103.23879020000015, -4.093968699999891], [103.23894990000008, -4.094129799999905], [103.23878950000011, -4.094290199999932], [103.2388680000002, -4.094973299999879], [103.2387869000001, -4.095455299999969], [103.23858600000017, -4.095856599999877], [103.2382648000002, -4.096378199999947], [103.23806380000008, -4.096779499999968], [103.23810200000008, -4.0976232999999525], [103.2385008, -4.0982267999999635], [103.23901930000011, -4.098951199999874], [103.23949820000013, -4.099554899999816], [103.23961690000016, -4.100157799999977], [103.23957560000014, -4.100720199999955], [103.23925460000004, -4.101161399999967], [103.23937290000003, -4.101924999999881], [103.23949210000018, -4.102327099999968], [103.23913070000009, -4.102928899999938], [103.23900920000017, -4.103571499999873], [103.23848810000004, -4.104012299999852], [103.23816750000015, -4.104252599999938], [103.23824730000018, -4.104333099999906], [103.23832590000012, -4.104976099999931], [103.23872510000012, -4.10541899999987], [103.2388444, -4.105740599999933], [103.23868310000017, -4.106342899999959], [103.2379618, -4.106823499999905], [103.23740070000014, -4.107264199999975], [103.23684070000013, -4.107182599999874], [103.23628050000019, -4.107181299999866], [103.23583940000009, -4.107622299999946], [103.23567900000012, -4.107782699999973], [103.23595850000015, -4.108064499999955], [103.23587690000016, -4.108787499999892], [103.23503549999998, -4.109307899999976], [103.23447450000015, -4.109668299999953], [103.23439390000004, -4.109949299999926], [103.2339921000002, -4.110671599999819], [103.23411180000016, -4.110832599999981], [103.23375150000015, -4.110952299999951], [103.23315020000018, -4.111433099999942], [103.23290940000015, -4.1117539999998485], [103.23274820000012, -4.112316099999816], [103.2326667000001, -4.112958799999944], [103.23246600000004, -4.1132394999999065], [103.23226530000011, -4.113560499999949], [103.23230500000005, -4.113681099999951], [103.23206429999999, -4.113961799999913], [103.23162300000007, -4.114483099999973], [103.23162270000006, -4.114643899999862], [103.23134240000013, -4.114723599999877], [103.23102140000003, -4.115164799999889], [103.23042020000003, -4.115605399999936], [103.23030010000008, -4.115645299999926], [103.23010060000007, -4.1153635999999665], [103.22990130000011, -4.115041799999915], [103.22926180000013, -4.114718999999923], [103.22902199999999, -4.114597899999978], [103.22858130000014, -4.11483799999985], [103.22878070000013, -4.115159799999901], [103.22838000000019, -4.1153999999999655], [103.22809910000001, -4.115801099999942], [103.22721860000019, -4.115879499999949], [103.22661840000006, -4.1159183999998845], [103.22617820000005, -4.115917399999887], [103.22589870000002, -4.115675699999883], [103.22541820000009, -4.115835299999958], [103.22517770000007, -4.11599549999994], [103.22473630000013, -4.1165971999998305], [103.22471080000014, -4.1166383999999425], [103.22441500000019, -4.117118699999878], [103.22393480000011, -4.117157799999916], [103.22309420000016, -4.117316699999947], [103.22229430000004, -4.117154199999902], [103.22173360000005, -4.117393999999933], [103.22095970000015, -4.117709799999943], [103.22089260000007, -4.117713499999979], [103.21989320000017, -4.11734969999992], [103.21937330000014, -4.117227999999955], [103.21861280000007, -4.11734679999995], [103.21817190000002, -4.117667199999971], [103.21793090000017, -4.118108599999914], [103.21760940000001, -4.118710499999963], [103.21776870000008, -4.119072499999902], [103.21768790000016, -4.119393699999932], [103.21760590000008, -4.1203175999999075], [103.21740490000019, -4.120718899999872], [103.2176444000001, -4.120960499999967], [103.21752310000016, -4.121562899999901], [103.21748210000015, -4.122004699999877], [103.2173215000002, -4.122245399999883], [103.21692050000007, -4.1226462999999285], [103.2169997000002, -4.123007999999913], [103.21731910000017, -4.123330199999941], [103.21779840000005, -4.123692799999901], [103.21771780000012, -4.123933699999952], [103.21735720000015, -4.12417389999996], [103.2170369000001, -4.1242535999999745], [103.21663730000006, -4.124011599999903], [103.21663630000018, -4.124493699999846], [103.21675510000006, -4.125016299999913], [103.21663380000012, -4.125618699999848], [103.21667300000018, -4.125980299999924], [103.21679240000009, -4.126261799999952], [103.21643190000015, -4.1264216999999235], [103.21619110000012, -4.126742599999943], [103.21639010000007, -4.127225199999884], [103.21606930000013, -4.127545899999973], [103.21562820000008, -4.127986799999917], [103.21550790000003, -4.128107099999966], [103.21550700000017, -4.128508799999963], [103.2152667000002, -4.128588599999887], [103.21534550000013, -4.129151299999933], [103.21518490000017, -4.129391999999939], [103.2149446000002, -4.129471799999976], [103.21518330000004, -4.130115099999898], [103.21526260000019, -4.1304366999999615], [103.2148612000002, -4.130998299999874], [103.21486070000014, -4.131239299999947], [103.21505980000012, -4.131641599999909], [103.21549920000007, -4.131963999999925], [103.2160590000002, -4.132166099999949], [103.21645850000004, -4.132448199999942], [103.21641749999998, -4.132849899999883], [103.21601690000006, -4.133090099999947], [103.21569660000006, -4.133169699999939], [103.21521640000009, -4.133208799999977], [103.2146956000002, -4.1334887999998955], [103.21445490000013, -4.1337694999998575], [103.21461440000019, -4.1340108999999075], [103.21497370000009, -4.134373299999879], [103.21533330000017, -4.13457499999987], [103.21529190000012, -4.135217799999964], [103.21489000000008, -4.13602039999995], [103.21484840000005, -4.136703299999965], [103.21492750000016, -4.137145399999952], [103.21520620000013, -4.137748699999918], [103.21572560000016, -4.138071199999956], [103.2158050000001, -4.138392799999849], [103.21596430000017, -4.138714599999901], [103.21572300000008, -4.139236399999902], [103.2152827000001, -4.139315699999827], [103.21484240000007, -4.139395099999888], [103.21440120000017, -4.1398761999999465], [103.21399970000016, -4.140477899999951], [103.21399880000007, -4.140879699999914], [103.21399830000001, -4.141080599999839], [103.21363770000005, -4.141320799999903], [103.21271630000018, -4.141800799999942], [103.2124351, -4.142282299999977], [103.21207460000005, -4.142482399999892], [103.21207290000007, -4.143205499999965], [103.21215230000007, -4.143446299999823], [103.21212660000009, -4.143661299999849], [103.21179030000013, -4.144165399999906], [103.21134200000017, -4.144781399999886], [103.2107260000002, -4.145396999999946], [103.21005500000007, -4.1456759999999235], [103.20943970000013, -4.146011199999862], [103.20837790000007, -4.146176999999966], [103.20753900000011, -4.1465677999999], [103.20681080000008, -4.147407599999951], [103.20636110000015, -4.148640599999965], [103.20619260000007, -4.149032899999952], [103.20485140000011, -4.149198099999921], [103.20390180000004, -4.149139899999909], [103.20317470000015, -4.149530899999945], [103.20233550000012, -4.15003379999996], [103.20160900000008, -4.150144299999965], [103.20121560000001, -4.151153099999931], [103.20054410000006, -4.151656399999922], [103.20020790000012, -4.152104399999871], [103.19987170000002, -4.152552399999934], [103.19953620000018, -4.152663799999971], [103.1983066000002, -4.1528853999999455], [103.19718870000008, -4.153163299999903], [103.1966295000002, -4.1533863999998175], [103.19657260000008, -4.153834999999901], [103.19657110000014, -4.154508099999816], [103.19617970000007, -4.154619399999945], [103.19595590000006, -4.1547871999998165], [103.19545390000008, -4.1544494999999415], [103.19523100000009, -4.154168499999969], [103.1952308000001, -4.154280699999902], [103.19511850000004, -4.15450479999987], [103.19517360000015, -4.154841499999975], [103.1950614000001, -4.1550655999999435], [103.19405549999999, -4.155175499999871], [103.19377590000016, -4.155287099999953], [103.19355220000011, -4.155398699999978], [103.19366330000008, -4.155679399999826], [103.19388610000004, -4.1559603999999695], [103.19355050000013, -4.156127899999888], [103.1933264000001, -4.1564078999999765], [103.19321420000006, -4.156631999999945], [103.19349160000007, -4.157474099999888], [103.19365820000019, -4.157923199999914], [103.19376930000016, -4.158203899999876], [103.19376900000009, -4.158316099999922], [103.1938244000001, -4.158540599999867], [103.19343270000019, -4.15882019999998], [103.1929304000002, -4.158594599999958], [103.19214860000017, -4.1584245999999325], [103.19209250000011, -4.158536599999877], [103.19153420000015, -4.158367099999964], [103.19142150000005, -4.1588155999999685], [103.19108610000018, -4.15887089999984], [103.19063890000012, -4.15898199999998], [103.1910283000002, -4.159712199999888], [103.19180930000016, -4.160218799999882], [103.1924226000001, -4.1607810999999515], [103.19270130000007, -4.161062299999969], [103.19320380000005, -4.161175599999922], [103.1936505000001, -4.161288799999966], [103.19420890000009, -4.161402299999963], [103.19459840000019, -4.162132399999962], [103.1944293000002, -4.162748999999906], [103.19437230000011, -4.163253799999836], [103.19398060000003, -4.1635332999998695], [103.19347700000009, -4.1638686999999095], [103.1931957000001, -4.164765599999953], [103.19352870000012, -4.165719899999942], [103.1936949000002, -4.166337399999975], [103.1933578, -4.1671779999999785], [103.19290940000002, -4.167793999999958], [103.19290810000012, -4.16835489999994], [103.19245990000013, -4.168914799999868], [103.19212329999999, -4.169531099999972], [103.19201120000014, -4.169699099999946], [103.19195410000003, -4.1702037999999675], [103.19195270000012, -4.170820899999967], [103.19144890000018, -4.171268399999917], [103.19049850000005, -4.171546699999965], [103.18943600000006, -4.1719929999999295], [103.18876480000011, -4.172327999999936], [103.18898670000004, -4.173001699999929], [103.18965610000015, -4.173451999999941], [103.18959990000013, -4.173620099999937], [103.18904040000018, -4.173955399999954], [103.18870510000016, -4.174010699999826], [103.188538, -4.173785899999871], [103.18786690000007, -4.174064899999962], [103.18741910000017, -4.174456499999849], [103.18747400000007, -4.1748492999999485], [103.1869623, -4.1752144999999246], [103.18630070000017, -4.174902599999882], [103.18596570000017, -4.1747896999999625], [103.1856299000001, -4.175069399999927], [103.1850161000001, -4.174731399999928], [103.1845133000001, -4.174730199999942], [103.1844789000001, -4.174738799999943], [103.1843021000002, -4.174782699999923], [103.18373300000019, -4.170608699999889], [103.18454190000011, -4.168993799999953], [103.18474480000003, -4.168286999999907], [103.18525740000018, -4.164145299999973], [103.18483290000006, -4.162683799999911], [103.18425000000013, -4.162272099999882], [103.1837525000002, -4.1621209999999], [103.18254740000015, -4.161006699999973], [103.1825275000001, -4.160982899999965], [103.18176200000016, -4.160403699999904], [103.18052200000005, -4.159013899999934], [103.18093990000017, -4.1574891999999295], [103.18112740000004, -4.156800399999952], [103.18107710000015, -4.1566790999999625], [103.18146110000015, -4.156134199999883], [103.18185280000006, -4.154300699999965], [103.18224280000015, -4.153245499999969], [103.18191980000006, -4.151804899999945], [103.18153030000019, -4.150075399999935], [103.18109800000013, -4.148751599999912], [103.18087170000007, -4.147572499999967], [103.17982530000018, -4.14517979999988], [103.17916410000015, -4.143844199999876], [103.17854210000019, -4.142444599999976], [103.17848840000005, -4.142226899999912], [103.17821310000016, -4.141810099999873], [103.17711050000008, -4.1406979999998725], [103.17697540000006, -4.140418199999942], [103.17655750000011, -4.139975599999957], [103.17525550000005, -4.137244399999929], [103.17459220000006, -4.13604719999995], [103.17422180000017, -4.135420899999872], [103.17367090000005, -4.134726099999966], [103.17312010000012, -4.133390199999894], [103.1730103000001, -4.133191999999951], [103.17269410000006, -4.132621299999869], [103.17133220000017, -4.130559799999958], [103.17072690000015, -4.129427799999974], [103.17023270000016, -4.128449999999873], [103.16908210000014, -4.126555299999893], [103.16858010000016, -4.125976499999979], [103.16747790000011, -4.124725699999942], [103.16658980000017, -4.122914699999853], [103.16621540000011, -4.1218339999999785], [103.16546760000006, -4.120575999999971], [103.16494060000014, -4.119689299999948], [103.16445210000006, -4.1190321999999355], [103.16431430000017, -4.118893199999889], [103.16365840000009, -4.118148799999972], [103.1628225, -4.117410999999947], [103.16272750000019, -4.117226499999958], [103.16191850000018, -4.116701599999942], [103.15846350000015, -4.113783499999897], [103.15814130000012, -4.113431499999933], [103.15769749999998, -4.1130525999998895], [103.15638220000005, -4.111725799999931], [103.15618170000016, -4.111523499999976], [103.15439050000009, -4.109577599999966], [103.1539793, -4.1081896999999685], [103.15315310000005, -4.107078199999933], [103.15315480000004, -4.106352599999866], [103.15288380000015, -4.1056504999999675], [103.15274260000018, -4.105412899999919], [103.1527576000002, -4.105323599999906], [103.1523670000002, -4.104311799999948], [103.15168560000012, -4.102969899999948], [103.15164329999999, -4.102913899999919], [103.15162260000005, -4.102845899999977], [103.15114260000013, -4.101900499999829], [103.15130380000016, -4.101796699999852], [103.15109500000011, -4.101109599999916], [103.15132260000013, -4.100278899999921], [103.15132979999998, -4.100267599999881], [103.15132979999998, -4.100252599999976], [103.15151280000003, -4.099584899999968], [103.15133209999999, -4.099265599999967], [103.15133370000012, -4.098570099999961], [103.15088730000014, -4.097996999999964], [103.15082700000016, -4.097502899999938], [103.1500011, -4.0962526999999795], [103.14997980000004, -4.096211799999878], [103.1498906000001, -4.095980099999963], [103.14962680000014, -4.095536099999833], [103.14900540000008, -4.094346899999948], [103.14916600000004, -4.094317399999966], [103.18057880000015, -4.088532799999825], [103.1891232000001, -4.087078099999815], [103.19088710000005, -4.086777799999936], [103.1913689000001, -4.087344699999846], [103.1922555000001, -4.086861699999929], [103.1932215000001, -4.086863899999855], [103.1941083000001, -4.086300099999903], [103.19475300000016, -4.085978199999943], [103.19555990000015, -4.085171599999967], [103.19604210000006, -4.0854960999999435], [103.19660620000019, -4.085254799999916], [103.19757510000011, -4.083963599999947], [103.1985433000001, -4.0829956999999695], [103.19951020000013, -4.082593699999961], [103.19999250000006, -4.082918199999881], [103.20079590000012, -4.083647499999927], [103.20103560000007, -4.084456399999965], [103.20216390000013, -4.083893099999898], [103.20264660000015, -4.0840557999999305], [103.20377380000014, -4.083977499999946], [103.20425740000019, -4.083736099999953], [103.20498040000012, -4.084384399999976], [103.2054642, -4.0840621999999485], [103.20578890000007, -4.082850299999961], [103.20627060000015, -4.083417299999951], [103.20667230000015, -4.083822399999974], [103.20731560000007, -4.084147099999939], [103.20755800000006, -4.083743499999969], [103.20771990000014, -4.083339699999954], [103.20707780000015, -4.08244899999994], [103.2076421000001, -4.082126899999935], [103.20820630000009, -4.081804899999952], [103.20901200000009, -4.0814832999998885], [103.20989680000014, -4.0818085999998175], [103.21046050000007, -4.0817290999999045], [103.21038130000005, -4.081162999999947], [103.21086540000016, -4.080679099999884], [103.21150920000014, -4.080761399999858], [103.21239600000013, -4.08019749999994], [103.2130413000001, -4.079633099999853], [103.21365980000007, -4.079408799999953], [103.21392750000001, -4.0793116999998915], [103.21433060000015, -4.079070099999967], [103.2145735000002, -4.078423899999962], [103.21570120000007, -4.0781030999999075], [103.21650630000005, -4.078104899999971], [103.21682790000006, -4.078267199999971], [103.21779470000007, -4.0779459999998835], [103.21843820000004, -4.078189999999893], [103.21932229999999, -4.078838599999926], [103.21988510000006, -4.0791631999998685], [103.22076950000019, -4.079650199999946], [103.22149350000007, -4.079894399999887], [103.22205700000012, -4.0798955999998725], [103.22253900000004, -4.080381699999975], [103.22294199999999, -4.0801400999998805], [103.22358680000008, -4.079818199999977], [103.22422970000014, -4.080304599999977], [103.22471350000001, -4.07998229999987], [103.22551940000011, -4.079579899999885], [103.22551920000006, -4.079660799999942], [103.22624389999999, -4.079581499999847], [103.22713030000017, -4.079179299999964], [103.22777560000009, -4.078614899999877], [103.22793890000008, -4.077564299999892], [103.22858270000006, -4.07764659999998], [103.22922780000016, -4.077162999999928], [103.22987130000013, -4.077406899999971], [103.23043500000006, -4.077327299999922], [103.23075720000003, -4.077247199999874], [103.23172320000003, -4.077249299999949], [103.23268840000014, -4.0776555999999005], [103.23301060000017, -4.077575499999966], [103.23373480000004, -4.077738799999963], [103.23437970000009, -4.077335999999946], [103.23478270000004, -4.077094399999851], [103.23582890000012, -4.077258399999835], [103.23599540000004, -4.077333999999951]]]}}, {"type": "Feature", "properties": {"iddesa": "1673011001", "nama": "Candi Jaya", "kec": "Dempo Tengah", "idkab": "ID1673"}, "geometry": {"type": "Polygon", "coordinates": [[[103.25468280000007, -4.09165969999998], [103.25457640000019, -4.091872299999977], [103.25445870000004, -4.0924567999999795], [103.25457410000013, -4.092924799999935], [103.25498130000011, -4.093101099999956], [103.25521320000007, -4.0935693999999785], [103.25523850000008, -4.0938022999998225], [103.2552703, -4.094095699999912], [103.25515300000006, -4.094504799999925], [103.25526890000009, -4.094738899999868], [103.25421970000014, -4.095262799999944], [103.25427640000004, -4.095964599999945], [103.25450790000019, -4.0966082999999], [103.25415670000007, -4.097426099999893], [103.25380530000012, -4.098360899999875], [103.25362969999998, -4.098769799999957], [103.25316260000005, -4.09935349999995], [103.25310360000014, -4.0997041999999055], [103.25327730000015, -4.10017229999994], [103.25321880000013, -4.100289099999884], [103.25292580000018, -4.101165599999945], [103.25257500000015, -4.101807999999892], [103.25245680000012, -4.10262629999994], [103.25245510000013, -4.10338639999992], [103.25257060000013, -4.103854399999932], [103.25187010000008, -4.104612999999972], [103.25204280000014, -4.105548899999974], [103.25210040000013, -4.1058413999999175], [103.25169090000014, -4.106717599999968], [103.25145709999998, -4.107126299999948], [103.25110660000013, -4.107593299999849], [103.25127900000018, -4.108646199999839], [103.25081120000004, -4.109580699999981], [103.25127500000019, -4.110517199999833], [103.25045820000014, -4.111217099999919], [103.25004960000007, -4.1116839999999115], [103.24998970000007, -4.112443899999903], [103.2499878000001, -4.113320999999928], [103.24963710000003, -4.113904899999909], [103.2493434000001, -4.115073699999812], [103.24840970000008, -4.116007199999956], [103.24847760000006, -4.116011999999898], [103.24858280000001, -4.116709199999946], [103.24805640000017, -4.117760499999974], [103.24700470000005, -4.1193953999999735], [103.24643050000014, -4.12004589999998], [103.24612900000005, -4.12038739999997], [103.24531270000017, -4.120911899999953], [103.24536680000006, -4.12278299999997], [103.2454826, -4.123075599999936], [103.24466470000004, -4.124301699999933], [103.24466220000016, -4.125412599999947], [103.24367039999998, -4.126287499999933], [103.24285220000019, -4.1276304999999525], [103.24156630000016, -4.12979109999992], [103.24068950000009, -4.131309299999941], [103.23934720000005, -4.132651199999941], [103.23864840000016, -4.132649599999922], [103.23794960000009, -4.132648099999869], [103.23561810000007, -4.133636899999885], [103.23293620000004, -4.1350925999998935], [103.23019560000012, -4.136782099999891], [103.22955390000016, -4.137306899999885], [103.2286754000001, -4.139526799999885], [103.22855580000015, -4.140929799999981], [103.22872740000014, -4.14233349999995], [103.22959710000015, -4.144031099999893], [103.2297265000002, -4.144315499999891], [103.23058230000015, -4.146196699999905], [103.2314512000001, -4.14824509999994], [103.23296310000012, -4.149242399999935], [103.2351731, -4.150533699999926], [103.23715140000013, -4.151239799999928], [103.23924860000005, -4.15089369999987], [103.24056570000016, -4.150833599999885], [103.24076220000006, -4.151130899999885], [103.24087600000007, -4.152300599999933], [103.24069970000005, -4.153060299999936], [103.24017370000007, -4.153877699999953], [103.2398810000002, -4.154578699999945], [103.23970480000014, -4.155279999999891], [103.23935310000019, -4.15627319999993], [103.23970030000015, -4.157267899999965], [103.23999020000014, -4.1578532999999425], [103.23952300000002, -4.15843689999997], [103.23893950000007, -4.158961899999895], [103.23888030000018, -4.159429499999874], [103.2387626000002, -4.159955499999967], [103.2388198000001, -4.160423299999934], [103.2392276000001, -4.1603657999999655], [103.23975130000008, -4.16054239999994], [103.24009970000014, -4.161010899999951], [103.23998220000004, -4.161478399999908], [103.23951580000016, -4.161711299999922], [103.2391651000001, -4.162295199999903], [103.23910460000008, -4.1632889999999065], [103.2392778000002, -4.163991099999976], [103.23886920000012, -4.1643993999999225], [103.23898370000018, -4.165276699999879], [103.23892490000014, -4.165568999999891], [103.23828320000013, -4.166035299999919], [103.23799140000017, -4.16632699999991], [103.23769890000011, -4.166910999999914], [103.23816430000005, -4.167145999999889], [103.23851230000008, -4.167789899999889], [103.23857000000004, -4.16802389999998], [103.23792880000013, -4.168314799999962], [103.23810190000006, -4.169016899999974], [103.2382173000002, -4.169484899999816], [103.2382740000001, -4.170186599999965], [103.23809840000013, -4.1705954999999335], [103.23798060000013, -4.171179999999822], [103.23757230000012, -4.171471399999973], [103.2369905000001, -4.171236199999953], [103.2364085000001, -4.171059499999956], [103.23541790000019, -4.171349599999928], [103.23518390000004, -4.171816899999953], [103.23535640000011, -4.1728111999999555], [103.23535340000018, -4.174155999999925], [103.23546890000017, -4.17456559999988], [103.23622460000018, -4.175210499999878], [103.2373295000001, -4.175914599999942], [103.23761910000007, -4.176616899999885], [103.23721040000004, -4.177083699999969], [103.23744200000016, -4.17766899999998], [103.2377319000002, -4.178254299999935], [103.23775560000018, -4.1786749999999415], [103.23778790000017, -4.179248399999949], [103.23801970000017, -4.179775199999938], [103.23871910000014, -4.179484399999922], [103.2394164000001, -4.180187599999954], [103.23912410000008, -4.1807131999999], [103.23912270000017, -4.181297899999947], [103.23917980000004, -4.18182419999988], [103.23941090000017, -4.1826432999998815], [103.23952520000006, -4.1836375999999404], [103.2396394000001, -4.18463179999992], [103.23952220000018, -4.18498239999991], [103.23899730000005, -4.18533199999996], [103.23812440000012, -4.185037699999953], [103.23690120000003, -4.18515189999988], [103.23631830000011, -4.185384499999941], [103.23637480000014, -4.186144699999886], [103.23643150000004, -4.186846499999945], [103.23631360000007, -4.187489399999947], [103.23619620000011, -4.187898399999938], [103.23619530000002, -4.188272599999891], [103.23596170000008, -4.1885994999999525], [103.2360320000002, -4.189695999999913], [103.235229, -4.190717399999869], [103.2340629000002, -4.191299499999957], [103.23340700000011, -4.191663399999868], [103.23297180000014, -4.1909315999998284], [103.23209850000018, -4.1908564999999385], [103.23166090000001, -4.191220899999962], [103.23122330000007, -4.191585399999838], [103.23129560000018, -4.191804799999943], [103.23071210000006, -4.192315099999973], [103.23049350000008, -4.19238769999987], [103.2299841000002, -4.192313499999955], [103.2294024000002, -4.192019799999969], [103.22896500000007, -4.192311099999927], [103.22874590000009, -4.192602999999906], [103.2281634000002, -4.1926747999999066], [103.22758140000019, -4.192527299999938], [103.22721840000014, -4.192087899999933], [103.22685410000003, -4.192233299999884], [103.2262719000002, -4.192158899999924], [103.22590680000019, -4.192669599999931], [103.22546930000004, -4.192960999999968], [103.2251050000001, -4.193106299999897], [103.22459550000002, -4.19310519999982], [103.22423180000015, -4.192958199999907], [103.22372180000002, -4.193176299999948], [103.22321190000014, -4.193321299999923], [103.22277580000014, -4.1930278999998905], [103.2208790000002, -4.1948507999999265], [103.2200761000002, -4.195799099999931], [103.2198537000001, -4.197552699999903], [103.21963300000016, -4.198575399999811], [103.21729760000017, -4.2012011999999], [103.21518500000019, -4.2018540999999345], [103.21249040000015, -4.202359499999886], [103.21292390000013, -4.203822299999956], [103.21300900000006, -4.204018799999972], [103.21343080000014, -4.2049927999999], [103.21386640000014, -4.205505399999879], [103.21335550000015, -4.206088899999941], [103.21197190000004, -4.2063049999998725], [103.21095070000013, -4.2071796999999265], [103.21036740000017, -4.207616899999948], [103.21058260000001, -4.209005999999874], [103.21159870000008, -4.210323899999935], [103.21290540000018, -4.211934799999938], [103.21377790000008, -4.212375399999871], [103.21472210000007, -4.213327699999979], [103.21486690000012, -4.213693399999954], [103.21464750000013, -4.214131399999928], [103.2140634000001, -4.214860999999928], [103.21333360000011, -4.215663199999938], [103.21325930000017, -4.216320899999914], [103.2134754000001, -4.217344599999876], [103.21325550000006, -4.218001799999911], [103.21441840000017, -4.218808499999966], [103.2156543000001, -4.219542199999978], [103.21689100000009, -4.219910499999912], [103.21827330000008, -4.220279099999971], [103.21914610000016, -4.220646499999873], [103.22045410000004, -4.2216726999998855], [103.22219790000008, -4.223138499999948], [103.22467020000016, -4.224386599999889], [103.22612560000016, -4.224609199999918], [103.22758130000017, -4.2247586999999385], [103.22903760000003, -4.224615899999947], [103.22998490000009, -4.224179499999821], [103.23107910000004, -4.2232318999999165], [103.2325355000001, -4.223015999999916], [103.23457450000006, -4.222728299999915], [103.23668340000012, -4.223756299999877], [103.23872040000009, -4.224345599999879], [103.2407563000001, -4.225446599999941], [103.24119140000005, -4.226178399999981], [103.24191580000013, -4.2277879999999755], [103.24207860000013, -4.227870199999927], [103.24235210000018, -4.228008299999885], [103.24293130000012, -4.229398199999935], [103.24402200000014, -4.2299853999999755], [103.24591310000011, -4.230720599999927], [103.24729520000005, -4.23123529999998], [103.24911500000019, -4.231312499999888], [103.25078960000019, -4.23124329999996], [103.2510819000002, -4.230732299999943], [103.25195520000017, -4.230880399999933], [103.25333800000004, -4.231029699999965], [103.2544308000002, -4.230666799999938], [103.25537870000011, -4.230011099999956], [103.2579267000001, -4.230016899999896], [103.25865440000007, -4.230164699999875], [103.26017840000003, -4.232287699999915], [103.26127570000006, -4.233299399999964], [103.26112130000007, -4.233434999999929], [103.25236280000013, -4.239721299999928], [103.24958260000017, -4.243733599999928], [103.24958160000006, -4.244166399999926], [103.2505048000001, -4.244415799999956], [103.25206870000017, -4.245568599999956], [103.25060350000007, -4.244957899999974], [103.2499803, -4.24483529999992], [103.24843930000009, -4.2445322999998325], [103.24740670000006, -4.244529899999975], [103.24479500000018, -4.244885499999896], [103.24425670000005, -4.244899499999917], [103.24396800000011, -4.245083099999931], [103.24236320000006, -4.244948699999895], [103.23897350000004, -4.2450368999999455], [103.2374016, -4.245558899999935], [103.23671950000005, -4.245361599999967], [103.23456060000012, -4.24577939999989], [103.23305780000015, -4.245310499999903], [103.23286240000016, -4.245267999999953], [103.23275860000007, -4.2452171999998995], [103.23254630000008, -4.245150999999964], [103.22898759999998, -4.24378059999998], [103.22839620000008, -4.243644999999958], [103.22546490000019, -4.2427267999999], [103.22367210000004, -4.242047099999979], [103.22345949999999, -4.241966499999876], [103.22339570000008, -4.241950399999894], [103.22327850000016, -4.241919799999948], [103.22255780000017, -4.241734699999881], [103.22224340000014, -4.241653799999938], [103.22178170000012, -4.241534999999885], [103.22171910000009, -4.241518899999903], [103.22085830000009, -4.241383899999903], [103.2206265000001, -4.2412376999998855], [103.22033190000008, -4.241161799999929], [103.21992300000016, -4.241056399999934], [103.21925260000012, -4.24109969999995], [103.21820940000009, -4.240620799999931], [103.21778320000004, -4.240513599999929], [103.2172615, -4.240382999999952], [103.21544980000004, -4.240335499999958], [103.21413000000007, -4.240797599999894], [103.2137350000001, -4.241086999999936], [103.21170690000014, -4.242274299999963], [103.21093960000007, -4.242696899999942], [103.20929940000008, -4.2437600999999745], [103.20890440000011, -4.244051499999841], [103.20729960000017, -4.245419299999924], [103.20639290000014, -4.245904199999927], [103.20565230000011, -4.246450599999832], [103.2051334000002, -4.246639899999934], [103.20408200000003, -4.247515399999827], [103.20345350000008, -4.247443799999928], [103.20261480000016, -4.247722299999964], [103.20079920000006, -4.247577799999931], [103.20010270000012, -4.246734799999899], [103.19952780000017, -4.24641819999988], [103.19792240000004, -4.245719399999928], [103.19492220000012, -4.243656499999929], [103.19403480000005, -4.243144599999937], [103.19349010000013, -4.242698099999927], [103.19224390000005, -4.241889399999934], [103.19110570000004, -4.241314699999975], [103.19069420000005, -4.240869999999859], [103.18971180000017, -4.2402148999998985], [103.18938830000019, -4.239990499999919], [103.18838580000005, -4.239625499999931], [103.1871369000001, -4.2384320999999545], [103.1867122000001, -4.238513699999942], [103.18537220000007, -4.238117899999963], [103.18431049999998, -4.2381714999999645], [103.18258020000019, -4.237438199999929], [103.18169730000017, -4.236700399999904], [103.18089620000012, -4.236030699999844], [103.18077310000007, -4.235927899999865], [103.18062840000016, -4.235806899999886], [103.17929099999998, -4.234289299999887], [103.17828930000007, -4.232604099999833], [103.17796630000015, -4.231367599999942], [103.1777312000001, -4.230713499999979], [103.1777347000002, -4.229187899999943], [103.17815370000005, -4.227247099999943], [103.17940030000017, -4.225661899999977], [103.17931160000012, -4.2254826999999295], [103.17987240000014, -4.22458649999993], [103.18015390000016, -4.223689699999966], [103.18060110000005, -4.223578499999917], [103.18088210000019, -4.222849999999937], [103.18121870000016, -4.222289799999942], [103.18205860000018, -4.221506499999975], [103.18251050000009, -4.221416799999929], [103.18252840000014, -4.221395399999949], [103.18344830000007, -4.220619799999895], [103.1836256000002, -4.220388299999911], [103.18418650000007, -4.2194359999999165], [103.18474720000006, -4.218595899999968], [103.18514020000009, -4.21775539999993], [103.18508550000018, -4.2172504999999205], [103.18542430000014, -4.2157366999999795], [103.18514750000014, -4.2146141999999145], [103.18518580000011, -4.213304299999891], [103.18512930000009, -4.21229929999987], [103.18476430000004, -4.211191599999893], [103.18465790000016, -4.208891499999936], [103.18443980000006, -4.206591199999934], [103.18433320000008, -4.204347199999972], [103.1845373000001, -4.203986599999894], [103.18456840000005, -4.201464499999929], [103.18457480000018, -4.20093849999995], [103.18434300000018, -4.200140199999964], [103.18459189999999, -4.199544299999957], [103.18460520000002, -4.19845539999983], [103.18457420000016, -4.196775099999968], [103.18430310000008, -4.19467659999998], [103.18419690000019, -4.194272999999896], [103.18389880000007, -4.192308999999909], [103.18398870000004, -4.192273099999966], [103.18380570000016, -4.190883499999927], [103.18431960000004, -4.189420099999893], [103.18448660000018, -4.188714999999945], [103.1846176000002, -4.188204399999961], [103.18470950000017, -4.186566399999947], [103.1844364000001, -4.183873299999959], [103.18431510000005, -4.182562399999938], [103.18406320000014, -4.180936199999962], [103.18406510000011, -4.180103999999858], [103.1839814000001, -4.177490999999918], [103.18389370000017, -4.176916399999811], [103.18395720000007, -4.176735699999938], [103.18393620000012, -4.176081499999896], [103.18421080000007, -4.175465099999883], [103.18406610000005, -4.1748413999998775], [103.1843021000002, -4.174782699999923], [103.1844789000001, -4.174738799999943], [103.1845133000001, -4.174730199999942], [103.1850161000001, -4.174731399999928], [103.1856299000001, -4.175069399999927], [103.18596570000017, -4.1747896999999625], [103.18630070000017, -4.174902599999882], [103.1869623, -4.1752144999999246], [103.18747400000007, -4.1748492999999485], [103.18741910000017, -4.174456499999849], [103.18786690000007, -4.174064899999962], [103.188538, -4.173785899999871], [103.18870510000016, -4.174010699999826], [103.18904040000018, -4.173955399999954], [103.18959990000013, -4.173620099999937], [103.18965610000015, -4.173451999999941], [103.18898670000004, -4.173001699999929], [103.18876480000011, -4.172327999999936], [103.18943600000006, -4.1719929999999295], [103.19049850000005, -4.171546699999965], [103.19144890000018, -4.171268399999917], [103.19195270000012, -4.170820899999967], [103.19195410000003, -4.1702037999999675], [103.19201120000014, -4.169699099999946], [103.19212329999999, -4.169531099999972], [103.19245990000013, -4.168914799999868], [103.19290810000012, -4.16835489999994], [103.19290940000002, -4.167793999999958], [103.1933578, -4.1671779999999785], [103.1936949000002, -4.166337399999975], [103.19352870000012, -4.165719899999942], [103.1931957000001, -4.164765599999953], [103.19347700000009, -4.1638686999999095], [103.19398060000003, -4.1635332999998695], [103.19437230000011, -4.163253799999836], [103.1944293000002, -4.162748999999906], [103.19459840000019, -4.162132399999962], [103.19420890000009, -4.161402299999963], [103.1936505000001, -4.161288799999966], [103.19320380000005, -4.161175599999922], [103.19270130000007, -4.161062299999969], [103.1924226000001, -4.1607810999999515], [103.19180930000016, -4.160218799999882], [103.1910283000002, -4.159712199999888], [103.19063890000012, -4.15898199999998], [103.19108610000018, -4.15887089999984], [103.19142150000005, -4.1588155999999685], [103.19153420000015, -4.158367099999964], [103.19209250000011, -4.158536599999877], [103.19214860000017, -4.1584245999999325], [103.1929304000002, -4.158594599999958], [103.19343270000019, -4.15882019999998], [103.1938244000001, -4.158540599999867], [103.19376900000009, -4.158316099999922], [103.19376930000016, -4.158203899999876], [103.19365820000019, -4.157923199999914], [103.19349160000007, -4.157474099999888], [103.19321420000006, -4.156631999999945], [103.1933264000001, -4.1564078999999765], [103.19355050000013, -4.156127899999888], [103.19388610000004, -4.1559603999999695], [103.19366330000008, -4.155679399999826], [103.19355220000011, -4.155398699999978], [103.19377590000016, -4.155287099999953], [103.19405549999999, -4.155175499999871], [103.1950614000001, -4.1550655999999435], [103.19517360000015, -4.154841499999975], [103.19511850000004, -4.15450479999987], [103.1952308000001, -4.154280699999902], [103.19523100000009, -4.154168499999969], [103.19545390000008, -4.1544494999999415], [103.19595590000006, -4.1547871999998165], [103.19617970000007, -4.154619399999945], [103.19657110000014, -4.154508099999816], [103.19657260000008, -4.153834999999901], [103.1966295000002, -4.1533863999998175], [103.19718870000008, -4.153163299999903], [103.1983066000002, -4.1528853999999455], [103.19953620000018, -4.152663799999971], [103.19987170000002, -4.152552399999934], [103.20020790000012, -4.152104399999871], [103.20054410000006, -4.151656399999922], [103.20121560000001, -4.151153099999931], [103.20160900000008, -4.150144299999965], [103.20233550000012, -4.15003379999996], [103.20317470000015, -4.149530899999945], [103.20390180000004, -4.149139899999909], [103.20485140000011, -4.149198099999921], [103.20619260000007, -4.149032899999952], [103.20636110000015, -4.148640599999965], [103.20681080000008, -4.147407599999951], [103.20753900000011, -4.1465677999999], [103.20837790000007, -4.146176999999966], [103.20943970000013, -4.146011199999862], [103.21005500000007, -4.1456759999999235], [103.2107260000002, -4.145396999999946], [103.21134200000017, -4.144781399999886], [103.21179030000013, -4.144165399999906], [103.21212660000009, -4.143661299999849], [103.21215230000007, -4.143446299999823], [103.21207290000007, -4.143205499999965], [103.21207460000005, -4.142482399999892], [103.2124351, -4.142282299999977], [103.21271630000018, -4.141800799999942], [103.21363770000005, -4.141320799999903], [103.21399830000001, -4.141080599999839], [103.21399880000007, -4.140879699999914], [103.21399970000016, -4.140477899999951], [103.21440120000017, -4.1398761999999465], [103.21484240000007, -4.139395099999888], [103.2152827000001, -4.139315699999827], [103.21572300000008, -4.139236399999902], [103.21596430000017, -4.138714599999901], [103.2158050000001, -4.138392799999849], [103.21572560000016, -4.138071199999956], [103.21520620000013, -4.137748699999918], [103.21492750000016, -4.137145399999952], [103.21484840000005, -4.136703299999965], [103.21489000000008, -4.13602039999995], [103.21529190000012, -4.135217799999964], [103.21533330000017, -4.13457499999987], [103.21497370000009, -4.134373299999879], [103.21461440000019, -4.1340108999999075], [103.21445490000013, -4.1337694999998575], [103.2146956000002, -4.1334887999998955], [103.21521640000009, -4.133208799999977], [103.21569660000006, -4.133169699999939], [103.21601690000006, -4.133090099999947], [103.21641749999998, -4.132849899999883], [103.21645850000004, -4.132448199999942], [103.2160590000002, -4.132166099999949], [103.21549920000007, -4.131963999999925], [103.21505980000012, -4.131641599999909], [103.21486070000014, -4.131239299999947], [103.2148612000002, -4.130998299999874], [103.21526260000019, -4.1304366999999615], [103.21518330000004, -4.130115099999898], [103.2149446000002, -4.129471799999976], [103.21518490000017, -4.129391999999939], [103.21534550000013, -4.129151299999933], [103.2152667000002, -4.128588599999887], [103.21550700000017, -4.128508799999963], [103.21550790000003, -4.128107099999966], [103.21562820000008, -4.127986799999917], [103.21606930000013, -4.127545899999973], [103.21639010000007, -4.127225199999884], [103.21619110000012, -4.126742599999943], [103.21643190000015, -4.1264216999999235], [103.21679240000009, -4.126261799999952], [103.21667300000018, -4.125980299999924], [103.21663380000012, -4.125618699999848], [103.21675510000006, -4.125016299999913], [103.21663630000018, -4.124493699999846], [103.21663730000006, -4.124011599999903], [103.2170369000001, -4.1242535999999745], [103.21735720000015, -4.12417389999996], [103.21771780000012, -4.123933699999952], [103.21779840000005, -4.123692799999901], [103.21731910000017, -4.123330199999941], [103.2169997000002, -4.123007999999913], [103.21692050000007, -4.1226462999999285], [103.2173215000002, -4.122245399999883], [103.21748210000015, -4.122004699999877], [103.21752310000016, -4.121562899999901], [103.2176444000001, -4.120960499999967], [103.21740490000019, -4.120718899999872], [103.21760590000008, -4.1203175999999075], [103.21768790000016, -4.119393699999932], [103.21776870000008, -4.119072499999902], [103.21760940000001, -4.118710499999963], [103.21793090000017, -4.118108599999914], [103.21817190000002, -4.117667199999971], [103.21861280000007, -4.11734679999995], [103.21937330000014, -4.117227999999955], [103.21989320000017, -4.11734969999992], [103.22089260000007, -4.117713499999979], [103.22095970000015, -4.117709799999943], [103.22173360000005, -4.117393999999933], [103.22229430000004, -4.117154199999902], [103.22309420000016, -4.117316699999947], [103.22393480000011, -4.117157799999916], [103.22441500000019, -4.117118699999878], [103.22471080000014, -4.1166383999999425], [103.22473630000013, -4.1165971999998305], [103.22517770000007, -4.11599549999994], [103.22541820000009, -4.115835299999958], [103.22589870000002, -4.115675699999883], [103.22617820000005, -4.115917399999887], [103.22661840000006, -4.1159183999998845], [103.22721860000019, -4.115879499999949], [103.22809910000001, -4.115801099999942], [103.22838000000019, -4.1153999999999655], [103.22878070000013, -4.115159799999901], [103.22858130000014, -4.11483799999985], [103.22902199999999, -4.114597899999978], [103.22926180000013, -4.114718999999923], [103.22990130000011, -4.115041799999915], [103.23010060000007, -4.1153635999999665], [103.23030010000008, -4.115645299999926], [103.23042020000003, -4.115605399999936], [103.23102140000003, -4.115164799999889], [103.23134240000013, -4.114723599999877], [103.23162270000006, -4.114643899999862], [103.23162300000007, -4.114483099999973], [103.23206429999999, -4.113961799999913], [103.23230500000005, -4.113681099999951], [103.23226530000011, -4.113560499999949], [103.23246600000004, -4.1132394999999065], [103.2326667000001, -4.112958799999944], [103.23274820000012, -4.112316099999816], [103.23290940000015, -4.1117539999998485], [103.23315020000018, -4.111433099999942], [103.23375150000015, -4.110952299999951], [103.23411180000016, -4.110832599999981], [103.2339921000002, -4.110671599999819], [103.23439390000004, -4.109949299999926], [103.23447450000015, -4.109668299999953], [103.23503549999998, -4.109307899999976], [103.23587690000016, -4.108787499999892], [103.23595850000015, -4.108064499999955], [103.23567900000012, -4.107782699999973], [103.23583940000009, -4.107622299999946], [103.23628050000019, -4.107181299999866], [103.23684070000013, -4.107182599999874], [103.23740070000014, -4.107264199999975], [103.2379618, -4.106823499999905], [103.23868310000017, -4.106342899999959], [103.2388444, -4.105740599999933], [103.23872510000012, -4.10541899999987], [103.23832590000012, -4.104976099999931], [103.23824730000018, -4.104333099999906], [103.23816750000015, -4.104252599999938], [103.23848810000004, -4.104012299999852], [103.23900920000017, -4.103571499999873], [103.23913070000009, -4.102928899999938], [103.23949210000018, -4.102327099999968], [103.23937290000003, -4.101924999999881], [103.23925460000004, -4.101161399999967], [103.23957560000014, -4.100720199999955], [103.23961690000016, -4.100157799999977], [103.23949820000013, -4.099554899999816], [103.23901930000011, -4.098951199999874], [103.2385008, -4.0982267999999635], [103.23810200000008, -4.0976232999999525], [103.23806380000008, -4.096779499999968], [103.2382648000002, -4.096378199999947], [103.23858600000017, -4.095856599999877], [103.2387869000001, -4.095455299999969], [103.2388680000002, -4.094973299999879], [103.23878950000011, -4.094290199999932], [103.23894990000008, -4.094129799999905], [103.23879020000015, -4.093968699999891], [103.23865410000008, -4.093648099999939], [103.23860010000004, -4.093647599999883], [103.23834490000007, -4.093304299999829], [103.23757840000007, -4.092659999999967], [103.2371096, -4.092401899999857], [103.2368977000001, -4.091758799999923], [103.23711190000006, -4.091373699999963], [103.23694189999998, -4.0910734999998795], [103.23664350000018, -4.090944299999933], [103.23604640000013, -4.090857299999868], [103.23553560000016, -4.090342099999873], [103.23549420000012, -4.0897421999998755], [103.2353242000001, -4.089441999999906], [103.23528240000019, -4.089056299999868], [103.23532590000008, -4.088670899999954], [103.23519920000007, -4.088113699999951], [103.23460399999999, -4.087126999999953], [103.23396409999998, -4.087125599999922], [103.2333246, -4.086909999999932], [103.23264310000013, -4.086394399999904], [103.23234530000019, -4.086008199999924], [103.2321331, -4.085493599999893], [103.23204920000018, -4.084850799999913], [103.23166630000014, -4.084378799999911], [103.23170990000017, -4.083950499999958], [103.23192430000017, -4.083436799999959], [103.23230970000009, -4.082795099999885], [103.23222520000019, -4.082409299999938], [103.23222640000012, -4.081852399999889], [103.23222750000019, -4.08133829999997], [103.23257010000015, -4.080782199999874], [103.23304060000015, -4.080226299999879], [103.23346800000019, -4.079884499999935], [103.23389530000014, -4.079542699999934], [103.23440810000017, -4.079158299999904], [103.2350067000001, -4.078559899999959], [103.23556220000006, -4.078175499999929], [103.23603240000006, -4.077748099999951], [103.2360331000001, -4.077448299999901], [103.23599540000004, -4.077333999999951], [103.23594830000002, -4.077190999999914], [103.23620470000009, -4.076977399999919], [103.23650370000018, -4.07680669999985], [103.23688780000015, -4.076764699999842], [103.23693080000015, -4.076593399999979], [103.23701680000016, -4.076293699999951], [103.2373586, -4.076080299999944], [103.23735940000006, -4.075694699999929], [103.2374453000001, -4.07543789999994], [103.23783010000011, -4.075053199999957], [103.23881280000006, -4.074369899999908], [103.23898420000006, -4.074027499999943], [103.23907070000013, -4.073513599999956], [103.23932780000007, -4.073000099999945], [103.23958450000015, -4.072657899999967], [103.23967050000016, -4.072358299999848], [103.23967160000007, -4.07184419999993], [103.24001350000015, -4.071544999999958], [103.2403985000002, -4.071074599999861], [103.24061280000018, -4.070646699999884], [103.24087070000019, -4.069747599999914], [103.24219490000013, -4.068979399999876], [103.24270700000005, -4.068894799999896], [103.24313390000003, -4.068810099999894], [103.24330540000017, -4.0683820999998375], [103.24373310000004, -4.067911699999911], [103.24420320000002, -4.067527199999972], [103.24471640000007, -4.066928599999926], [103.24488780000019, -4.066586199999904], [103.24484620000015, -4.066114899999832], [103.24450700000011, -4.065128799999968], [103.2445924000001, -4.065086099999974], [103.24472150000014, -4.064572299999895], [103.2449357000001, -4.064187199999935], [103.24531520000005, -4.064092899999935], [103.24544790000016, -4.064059799999882], [103.24531890000014, -4.064530799999943], [103.2451056000001, -4.064530299999888], [103.24493430000012, -4.064829799999927], [103.24510390000012, -4.065301499999919], [103.24557220000014, -4.065773699999909], [103.24565650000005, -4.066245199999969], [103.24616660000015, -4.067103099999883], [103.24620740000012, -4.067959999999971], [103.24637680000012, -4.0685172999999395], [103.24667460000006, -4.06894629999988], [103.24667380000017, -4.069289099999935], [103.24658760000017, -4.069717299999979], [103.24667210000001, -4.0701029999999605], [103.24632990000015, -4.070487799999967], [103.24624380000012, -4.07087319999988], [103.24628600000005, -4.071087499999862], [103.24598689999999, -4.071301099999971], [103.24598630000014, -4.071558099999891], [103.24624130000012, -4.071987099999944], [103.2463262, -4.072201499999949], [103.24632560000015, -4.072501299999942], [103.24619700000017, -4.072758099999874], [103.24628180000008, -4.073015299999952], [103.24632350000013, -4.07344379999995], [103.24632300000013, -4.073700899999892], [103.2462369000001, -4.074043399999937], [103.24636430000015, -4.074300699999981], [103.24623580000019, -4.074557499999912], [103.24614950000012, -4.0749856999999], [103.24619200000012, -4.075071499999979], [103.24627650000019, -4.075457199999903], [103.2466163000002, -4.076143399999921], [103.2465302, -4.076485899999966], [103.24670050000009, -4.0766576999999415], [103.24682860000019, -4.0766150999999695], [103.2470840000002, -4.076872699999967], [103.24708350000014, -4.077129799999852], [103.24729650000018, -4.077258799999868], [103.24780810000004, -4.077431199999921], [103.24827660000011, -4.077774999999917], [103.24853200000007, -4.078075399999932], [103.24899980000009, -4.078761899999961], [103.24916960000007, -4.07914779999993], [103.2491689000002, -4.079490599999872], [103.24916790000015, -4.079918999999961], [103.24950830000006, -4.080348099999924], [103.2500618000002, -4.0808633999999415], [103.25014620000007, -4.081291999999962], [103.25023040000013, -4.081806299999869], [103.25031450000012, -4.08240619999998], [103.2500148000002, -4.0828767999998945], [103.2497148000001, -4.083475899999939], [103.24971380000017, -4.083947199999841], [103.25022460000014, -4.08450519999991], [103.25086320000008, -4.0851063999999155], [103.25128870000009, -4.085664199999883], [103.25154390000006, -4.086007499999937], [103.2515430000002, -4.0864358999999695], [103.25149960000016, -4.08677849999998], [103.25149870000007, -4.087164099999825], [103.25175350000018, -4.087721599999952], [103.2521788000002, -4.088322299999902], [103.25251860000009, -4.089051299999937], [103.2529866000001, -4.089652099999967], [103.25358240000014, -4.090338899999949], [103.25396520000004, -4.090853799999934], [103.2543063, -4.09098309999996], [103.2545615000002, -4.091326299999935], [103.25460350000009, -4.091626299999973], [103.25468280000007, -4.09165969999998]]]}}, {"type": "Feature", "properties": {"iddesa": "1673040003", "nama": "Curup Jare", "kec": "Pagar Alam Utara", "idkab": "ID1673"}, "geometry": {"type": "Polygon", "coordinates": [[[103.23402040000002, -4.013973299999918], [103.23401280000013, -4.014753199999973], [103.23393340000013, -4.01562239999987], [103.2338422000002, -4.015736499999889], [103.23391320000007, -4.015995399999895], [103.23444180000007, -4.016470899999831], [103.23514160000008, -4.01723439999995], [103.23555590000007, -4.017666499999962], [103.23555550000003, -4.017853399999979], [103.2355624000001, -4.017887099999939], [103.23558480000014, -4.017995099999894], [103.23541400000005, -4.018133599999885], [103.23512400000004, -4.0182601999998155], [103.23508760000004, -4.018351099999961], [103.23487030000018, -4.018350599999906], [103.23452580000009, -4.018549899999869], [103.23430880000012, -4.018440299999952], [103.23416379999998, -4.01847639999994], [103.23372920000008, -4.018457299999966], [103.23356600000011, -4.018584199999964], [103.23349390000016, -4.018438599999911], [103.23313150000001, -4.018546899999933], [103.23313109999998, -4.01872869999994], [103.23170130000017, -4.018343699999889], [103.23155680000013, -4.018197899999905], [103.23132190000007, -4.017960999999843], [103.2310684000002, -4.017960499999958], [103.2288754000001, -4.01881039999995], [103.2287302000002, -4.018973799999969], [103.22853120000008, -4.018864199999939], [103.22838610000014, -4.018954799999904], [103.22824140000006, -4.018918099999894], [103.22811510000008, -4.018663299999957], [103.22791600000016, -4.018662799999902], [103.22766270000017, -4.018516799999929], [103.22739130000008, -4.018425299999876], [103.2270653000001, -4.018442799999889], [103.22670320000014, -4.018405599999937], [103.22657610000016, -4.018568999999957], [103.22606860000008, -4.018786099999886], [103.2257607000002, -4.018839999999898], [103.22563409999998, -4.018766999999912], [103.22552530000007, -4.018821299999956], [103.22545300000013, -4.018748399999879], [103.22527200000007, -4.0187115999999605], [103.22514520000004, -4.018711399999916], [103.2249460000001, -4.018747299999973], [103.22487350000011, -4.018783499999927], [103.22467390000014, -4.018928599999981], [103.22449270000004, -4.0190008999999804], [103.22425730000015, -4.019000399999868], [103.22416670000007, -4.019018399999936], [103.22404010000008, -4.01894539999995], [103.22384120000015, -4.01883579999992], [103.22364540000012, -4.018835399999887], [103.22362390000012, -4.018835299999978], [103.22354960000018, -4.018899699999963], [103.22305250000011, -4.018314699999962], [103.22270870000006, -4.018543799999918], [103.22225120000007, -4.0184278999998355], [103.22190840000013, -4.01819729999994], [103.2211087, -4.017620999999963], [103.21962310000004, -4.016698399999825], [103.21939570000006, -4.016008399999919], [103.21779550000014, -4.015200499999878], [103.2164211000001, -4.015772099999936], [103.21493150000015, -4.0166880999999535], [103.21390040000011, -4.017260399999941], [103.21229710000011, -4.017831499999943], [103.2114936000001, -4.0189788999998655], [103.21069210000002, -4.019206899999972], [103.20943310000013, -4.0193190999999615], [103.20886100000007, -4.01931779999984], [103.20783260000007, -4.018626099999892], [103.20691970000019, -4.017474899999854], [103.20656130000003, -4.016750999999886], [103.2061222000001, -4.015864399999828], [103.20533910000017, -4.007703799999888], [103.20524630000011, -4.0061593999999445], [103.20698310000012, -4.005952399999956], [103.21035180000013, -4.005471999999884], [103.21132340000003, -4.005409099999838], [103.21229490000013, -4.005378699999881], [103.21417510000009, -4.0044072999999685], [103.2144669000001, -4.00424529999998], [103.21508230000018, -4.00414909999995], [103.21657250000004, -4.003859699999964], [103.21741440000005, -4.003861499999971], [103.2194224000001, -4.003703299999927], [103.2209122000001, -4.003608999999926], [103.22175210000012, -4.004521299999908], [103.22213970000007, -4.004977499999939], [103.22265690000006, -4.005401299999903], [103.22317470000007, -4.005532499999902], [103.22401470000011, -4.006412399999874], [103.22472540000012, -4.007194399999946], [103.22495180000004, -4.007357499999955], [103.22540510000005, -4.00735839999993], [103.22598810000017, -4.007294699999875], [103.22663580000011, -4.007263599999874], [103.22699160000008, -4.007426899999814], [103.22734739999999, -4.007622799999922], [103.22767120000015, -4.00765599999994], [103.22805970000013, -4.007656899999915], [103.22838310000009, -4.007885199999976], [103.22890100000012, -4.007983899999886], [103.22928830000018, -4.008570099999815], [103.22964320000006, -4.009156199999893], [103.22993260000004, -4.010132399999918], [103.23035150000004, -4.011076399999979], [103.23158000000006, -4.011989599999936], [103.23306740000004, -4.01303339999987], [103.23402040000002, -4.013973299999918]]]}}, {"type": "Feature", "properties": {"iddesa": "1673040001", "nama": "Dempo Makmur", "kec": "Pagar Alam Utara", "idkab": "ID1673"}, "geometry": {"type": "Polygon", "coordinates": [[[103.17713410000005, -3.995296099999905], [103.17766740000013, -3.9954311999999277], [103.18282110000007, -3.9967373999999722], [103.18499420000006, -3.9972017999999707], [103.1862836000002, -3.997732699999915], [103.18808090000005, -3.9984726999999225], [103.19208220000019, -4.000090299999954], [103.19402420000011, -4.001588499999912], [103.19733770000016, -4.003779099999974], [103.20019510000014, -4.005279299999927], [103.2023682000002, -4.005743799999891], [103.20522860000005, -4.005864999999972], [103.20524630000011, -4.0061593999999445], [103.20533910000017, -4.007703799999888], [103.2061222000001, -4.015864399999828], [103.20656130000003, -4.016750999999886], [103.20691970000019, -4.017474899999854], [103.20783260000007, -4.018626099999892], [103.20886100000007, -4.01931779999984], [103.20943310000013, -4.0193190999999615], [103.21069210000002, -4.019206899999972], [103.2114936000001, -4.0189788999998655], [103.21229710000011, -4.017831499999943], [103.21390040000011, -4.017260399999941], [103.21493150000015, -4.0166880999999535], [103.2164211000001, -4.015772099999936], [103.21779550000014, -4.015200499999878], [103.21939570000006, -4.016008399999919], [103.21962310000004, -4.016698399999825], [103.2211087, -4.017620999999963], [103.22190840000013, -4.01819729999994], [103.22225120000007, -4.0184278999998355], [103.22270870000006, -4.018543799999918], [103.22305250000011, -4.018314699999962], [103.22354960000018, -4.018899699999963], [103.21872530000019, -4.023079899999971], [103.21856490000005, -4.024228999999934], [103.21845000000013, -4.024236999999971], [103.21839970000008, -4.024135499999943], [103.21812190000014, -4.024236299999927], [103.21787010000008, -4.023982299999943], [103.21764320000017, -4.023829699999851], [103.21731550000004, -4.023676899999884], [103.21706320000015, -4.023625699999911], [103.21676040000011, -4.02359969999992], [103.21655820000012, -4.023751299999958], [103.21625530000006, -4.023775999999941], [103.21600290000015, -4.023750099999916], [103.21585150000004, -4.023749799999905], [103.2157005000002, -4.023571999999945], [103.2132231, -4.0254167999999595], [103.21297070000008, -4.025416199999938], [103.21276890000007, -4.025365099999874], [103.21249040000015, -4.025769999999966], [103.21218700000009, -4.026022799999964], [103.21200950000014, -4.026402499999904], [103.21188290000015, -4.026604999999961], [103.21238710000011, -4.026859599999966], [103.21274060000007, -4.026784299999974], [103.21309409999998, -4.026683699999978], [103.21347300000008, -4.026532499999917], [103.21397780000012, -4.0265335999999365], [103.21445700000015, -4.026686699999971], [103.21483500000016, -4.026940999999965], [103.21546590000014, -4.026967699999943], [103.21594510000017, -4.027120799999921], [103.21617190000012, -4.027298799999926], [103.21662630000003, -4.027223699999922], [103.21710550000006, -4.027376799999956], [103.21750980000013, -4.027174999999886], [103.21733390000014, -4.026819799999885], [103.21700570000019, -4.026844399999959], [103.21672860000018, -4.026615699999979], [103.2170318000002, -4.026464299999873], [103.21756190000019, -4.0264400999998315], [103.21801720000019, -4.025959499999942], [103.21836990000008, -4.026239099999884], [103.21852050000012, -4.026644899999894], [103.21859610000013, -4.026670499999966], [103.21887260000011, -4.027177999999935], [103.21897320000005, -4.0273555999999076], [103.21892200000008, -4.027710299999967], [103.21924970000003, -4.027863099999877], [103.2194771, -4.02776219999987], [103.21990590000013, -4.027889899999877], [103.22033430000005, -4.028169599999956], [103.2207122000001, -4.028499899999929], [103.22086350000018, -4.028550999999936], [103.22162070000013, -4.028552599999898], [103.22162020000007, -4.02878069999997], [103.22177140000014, -4.028857099999868], [103.22154160000014, -4.030073099999868], [103.22113639999998, -4.030731199999877], [103.22090710000003, -4.031719199999884], [103.22067860000016, -4.032326999999839], [103.22067770000007, -4.032757799999956], [103.22067720000018, -4.032960599999967], [103.22032360000009, -4.033111899999938], [103.21969150000018, -4.033642699999973], [103.21936180000006, -4.034351699999945], [103.21923380000015, -4.0351623999998765], [103.21925700000008, -4.0361255999998775], [103.21910470000012, -4.036530799999923], [103.21897750000005, -4.036986699999829], [103.2189769000002, -4.037241099999903], [103.21843960000018, -4.036799899999892], [103.21829360000015, -4.037000599999885], [103.2180023000002, -4.037091299999929], [103.21749290000014, -4.037090199999966], [103.21698380000015, -4.036924599999907], [103.21643880000016, -4.036557999999957], [103.21609310000014, -4.036593799999935], [103.21520160000011, -4.03659179999994], [103.21465550000005, -4.0367184999999495], [103.21390930000013, -4.0368447999998125], [103.21323610000019, -4.0368797999999515], [103.21243540000006, -4.0369510999998965], [103.21152610000013, -4.036784699999885], [103.21090810000015, -4.03652749999992], [103.21041780000007, -4.036124499999971], [103.20890800000001, -4.035993299999973], [103.20772420000014, -4.036556999999959], [103.20788890000011, -4.03615549999995], [103.20788930000015, -4.035936199999924], [103.20783660000001, -4.0350773999999205], [103.20723670000012, -4.034875099999908], [103.20410710000016, -4.035032599999965], [103.20135860000016, -4.035665999999878], [103.1986012000001, -4.036351699999955], [103.19860140000009, -4.036242299999969], [103.19868450000001, -4.036225399999978], [103.19814030000015, -4.030235299999958], [103.19424400000014, -4.032506099999978], [103.19129790000011, -4.029336299999898], [103.19111930000008, -4.0291440999999395], [103.19060460000014, -4.028590299999905], [103.18581840000007, -4.030044999999916], [103.1847659, -4.029391399999952], [103.18534390000008, -4.024670899999819], [103.18486290000004, -4.022227599999894], [103.18324650000005, -4.021087899999941], [103.17814480000004, -4.017490799999905], [103.16233320000003, -4.019164799999942], [103.14539130000014, -4.018800799999951], [103.13019820000005, -4.01674139999983], [103.12210750000014, -4.015644699999939], [103.12173090000005, -4.015593599999875], [103.12170290000006, -4.01558979999993], [103.12165280000016, -4.015582999999879], [103.12159950000017, -4.015575799999908], [103.12168810000003, -4.015572599999928], [103.12167650000015, -4.015559099999962], [103.12184590000015, -4.0155549999998925], [103.12602480000004, -4.015454199999908], [103.12957190000009, -4.015462399999876], [103.13243310000001, -4.015239099999974], [103.13426540000012, -4.014553799999931], [103.13575450000002, -4.0138677999999], [103.13656870000011, -4.013917799999945], [103.14074180000006, -4.012095699999918], [103.14395520000016, -4.010637599999882], [103.14788570000013, -4.0090690999999765], [103.14938890000019, -4.008288499999935], [103.15066610000014, -4.007559399999934], [103.15167590000004, -4.006549799999959], [103.15396620000018, -4.005750699999965], [103.15476920000003, -4.0048331999999505], [103.15671390000017, -4.005067399999973], [103.15957400000019, -4.005303699999899], [103.16077000000018, -4.00539219999996], [103.16185200000018, -4.004999799999894], [103.16300899999999, -4.004277199999876], [103.16450110000017, -4.002212199999917], [103.16656480000006, -4.000378199999943], [103.16874350000018, -3.9983146999999235], [103.17046190000008, -3.997399299999927], [103.17401130000013, -3.9963729999999487], [103.17687440000009, -3.995230299999889], [103.17713410000005, -3.995296099999905]], [[103.19740450000018, -4.0254977999999255], [103.19742410000003, -4.025480399999935], [103.1989097, -4.0224834999999075], [103.1989485000002, -4.020693999999935], [103.19832110000016, -4.019990799999903], [103.19748430000004, -4.019146799999874], [103.19661140000011, -4.018864099999973], [103.1949322000001, -4.019737699999951], [103.19374320000009, -4.020191199999886], [103.19195980000018, -4.020818899999938], [103.19115310000001, -4.022150499999896], [103.19013590000009, -4.023937799999828], [103.18884230000015, -4.0242507999999475], [103.18779360000008, -4.024423899999874], [103.18737290000007, -4.02508969999991], [103.1874771000002, -4.025370599999974], [103.18792970000015, -4.026108499999907], [103.18841790000005, -4.026565799999844], [103.18894080000013, -4.027128399999924], [103.18911520000017, -4.027269099999955], [103.18960420000013, -4.027340399999957], [103.19044260000004, -4.027447499999937], [103.19131560000017, -4.027695099999846], [103.19257280000011, -4.028048799999965], [103.19316800000013, -4.028160899999932], [103.19740450000018, -4.0254977999999255]]]}}, {"type": "Feature", "properties": {"iddesa": "1673030008", "nama": "Gunung Dempo", "kec": "Pagar Alam Selatan", "idkab": "ID1673"}, "geometry": {"type": "MultiPolygon", "coordinates": [[[[103.12159950000017, -4.015575799999908], [103.12165280000016, -4.015582999999879], [103.12170290000006, -4.01558979999993], [103.12173090000005, -4.015593599999875], [103.12210750000014, -4.015644699999939], [103.13019820000005, -4.01674139999983], [103.14539130000014, -4.018800799999951], [103.16233320000003, -4.019164799999942], [103.17814480000004, -4.017490799999905], [103.18324650000005, -4.021087899999941], [103.18486290000004, -4.022227599999894], [103.18534390000008, -4.024670899999819], [103.1847659, -4.029391399999952], [103.18581840000007, -4.030044999999916], [103.19060460000014, -4.028590299999905], [103.19111930000008, -4.0291440999999395], [103.19129790000011, -4.029336299999898], [103.19424400000014, -4.032506099999978], [103.19814030000015, -4.030235299999958], [103.19868450000001, -4.036225399999978], [103.19860140000009, -4.036242299999969], [103.1986012000001, -4.036351699999955], [103.1986005, -4.03666539999989], [103.19817319999999, -4.039397999999949], [103.19173960000006, -4.041469799999959], [103.1916652000001, -4.04124859999996], [103.1872441000001, -4.0405627999998615], [103.18752540000008, -4.043749599999842], [103.18694260000018, -4.046451599999955], [103.17798379999999, -4.0541553999999], [103.17519780000009, -4.053183599999954], [103.17203280000001, -4.049700699999903], [103.17043910000018, -4.051574899999935], [103.17041850000004, -4.0515475999998785], [103.16446850000017, -4.057394699999975], [103.1705963, -4.061955599999862], [103.16847730000018, -4.064577899999847], [103.16625299999998, -4.069220899999948], [103.16263190000006, -4.068606399999908], [103.15741030000004, -4.063845399999877], [103.14364620000003, -4.069298199999878], [103.14320950000013, -4.069471099999873], [103.14321480000001, -4.069488799999931], [103.14312980000011, -4.069521999999893], [103.14260720000004, -4.068080599999917], [103.1422821000001, -4.066745899999887], [103.14197680000007, -4.065493099999969], [103.14180990000011, -4.064668799999822], [103.13978730000014, -4.059003399999938], [103.13826400000005, -4.0500979999999345], [103.1380913000001, -4.049762599999951], [103.13814040000011, -4.049375299999895], [103.13720470000015, -4.043904799999893], [103.13700060000014, -4.043518799999902], [103.13653070000015, -4.042092099999934], [103.13666170000016, -4.041871999999898], [103.13585069999999, -4.039973899999893], [103.13562970000004, -4.039077499999962], [103.13518170000009, -4.038408499999946], [103.13439660000012, -4.036570999999981], [103.13411830000018, -4.03560669999996], [103.1329739000002, -4.032676899999899], [103.1321956000001, -4.0308866999999395], [103.1314316000001, -4.02939379999998], [103.13111240000018, -4.028885199999877], [103.13085900000016, -4.028292199999953], [103.12803090000011, -4.024296699999923], [103.12403560000013, -4.021232899999916], [103.1238226000001, -4.020817099999874], [103.12219550000009, -4.0170351999999525], [103.12205360000007, -4.017034899999942], [103.12193530000008, -4.017055099999936], [103.12173220000017, -4.016438499999879], [103.1216939000002, -4.01636109999987], [103.12137910000007, -4.015724999999918], [103.12141370000006, -4.01561769999995], [103.12157560000014, -4.015594199999953], [103.12156810000005, -4.015576899999928], [103.12156570000008, -4.015571199999897], [103.12159950000017, -4.015575799999908]]], [[[103.19740450000018, -4.0254977999999255], [103.19316800000013, -4.028160899999932], [103.19257280000011, -4.028048799999965], [103.19131560000017, -4.027695099999846], [103.19044260000004, -4.027447499999937], [103.18960420000013, -4.027340399999957], [103.18911520000017, -4.027269099999955], [103.18894080000013, -4.027128399999924], [103.18841790000005, -4.026565799999844], [103.18792970000015, -4.026108499999907], [103.1874771000002, -4.025370599999974], [103.18737290000007, -4.02508969999991], [103.18779360000008, -4.024423899999874], [103.18884230000015, -4.0242507999999475], [103.19013590000009, -4.023937799999828], [103.19115310000001, -4.022150499999896], [103.19195980000018, -4.020818899999938], [103.19374320000009, -4.020191199999886], [103.1949322000001, -4.019737699999951], [103.19661140000011, -4.018864099999973], [103.19748430000004, -4.019146799999874], [103.19832110000016, -4.019990799999903], [103.1989485000002, -4.020693999999935], [103.1989097, -4.0224834999999075], [103.19742410000003, -4.025480399999935], [103.19740450000018, -4.0254977999999255]]]]}}, {"type": "Feature", "properties": {"iddesa": "1673020004", "nama": "Jangkar Mas", "kec": "Dempo Utara", "idkab": "ID1673"}, "geometry": {"type": "Polygon", "coordinates": [[[103.23637500000018, -4.03523789999997], [103.23638040000009, -4.035262599999896], [103.23633540000009, -4.036574099999882], [103.2365438000001, -4.0376322999999275], [103.23654320000003, -4.037928499999964], [103.23692070000004, -4.038690899999949], [103.23700400000018, -4.0391140999998925], [103.23691980000012, -4.03911399999987], [103.23691840000004, -4.039748599999882], [103.23797100000007, -4.0400893999999425], [103.2386875000002, -4.039963999999941], [103.23855960000009, -4.0406829999999445], [103.23864290000006, -4.041106299999967], [103.23834690000007, -4.041613299999938], [103.23889180000003, -4.0429260999999315], [103.2388476000001, -4.043856799999901], [103.2383398, -4.04491349999995], [103.23821010000012, -4.046436299999925], [103.23875520000013, -4.047622199999978], [103.2387958000001, -4.048341599999901], [103.23900420000012, -4.04939979999989], [103.23929780000009, -4.049992699999905], [103.23929660000016, -4.050585099999978], [103.23959110000015, -4.050754899999902], [103.23946930000005, -4.050766299999964], [103.23870620000014, -4.050837599999909], [103.23777970000003, -4.050624099999936], [103.23731600000002, -4.0507076999999185], [103.2375679000001, -4.051131299999895], [103.23748310000019, -4.051384999999925], [103.23773540000013, -4.051639399999942], [103.2375656000001, -4.052189099999907], [103.23710150000005, -4.052484199999924], [103.23625800000008, -4.052863199999933], [103.23566650000015, -4.053623399999935], [103.23516030000019, -4.053918499999952], [103.23452860000015, -4.05379019999998], [103.2342348000002, -4.053239499999961], [103.23364660000004, -4.052476699999943], [103.23297210000015, -4.052644399999963], [103.2324235000001, -4.053066299999955], [103.23174860000017, -4.053403299999957], [103.23111680000011, -4.0533172999999465], [103.23077960000012, -4.053401199999939], [103.23061220000011, -4.052850799999874], [103.23007270000005, -4.052939899999956], [103.23008780000009, -4.052806399999952], [103.23041040000015, -4.052564499999903], [103.23024950000013, -4.052483299999949], [103.23020080000003, -4.052500699999939], [103.23110500000007, -4.051186099999882], [103.23107390000013, -4.050600199999906], [103.23130190000018, -4.050080099999946], [103.2311097000001, -4.049005699999952], [103.23065700000012, -4.048549099999946], [103.22887730000014, -4.047308599999951], [103.22735350000016, -4.0476306999999565], [103.22599580000008, -4.0460981999999035], [103.22386000000012, -4.0446940999999015], [103.22347080000009, -4.04482349999995], [103.22313180000009, -4.044832399999905], [103.22253300000011, -4.043910199999971], [103.22182120000019, -4.043387899999914], [103.22126990000004, -4.043549399999961], [103.22088040000011, -4.043841499999871], [103.22065420000007, -4.043548099999953], [103.2205901000001, -4.043222499999899], [103.22085020000014, -4.042832599999883], [103.22104510000008, -4.042605199999912], [103.2211438000001, -4.041921999999943], [103.22046580000011, -4.040748999999892], [103.21975520000012, -4.039706099999933], [103.21977320000019, -4.039691699999821], [103.21985510000002, -4.039626599999849], [103.22107810000017, -4.039079299999969], [103.22137430000015, -4.0384875999999394], [103.22179660000012, -4.038065499999902], [103.22221820000016, -4.0379394999998794], [103.22259680000002, -4.038194199999907], [103.22297620000018, -4.03811039999988], [103.22297690000005, -4.037771899999939], [103.22276660000006, -4.037602199999924], [103.22323080000012, -4.03726469999998], [103.22428440000004, -4.037140099999817], [103.22470600000014, -4.037014099999965], [103.22487570000015, -4.0364644999999655], [103.22601390000017, -4.036170799999979], [103.22765720000007, -4.0360897999999565], [103.22883720000016, -4.035965399999952], [103.22938650000015, -4.035247399999889], [103.23001880000004, -4.035079499999938], [103.23006210000011, -4.034529599999928], [103.22955780000012, -4.0339360999999485], [103.23000410000009, -4.033862499999941], [103.23107510000006, -4.033685599999899], [103.23170710000011, -4.033686999999929], [103.23238250000003, -4.033096099999966], [103.23259380000013, -4.032800399999928], [103.2329734000001, -4.032631999999921], [103.23339480000016, -4.032590599999878], [103.23385780000007, -4.032803199999876], [103.23436380000004, -4.032592699999952], [103.23516420000016, -4.0326367999999775], [103.2355853000002, -4.032722299999932], [103.23571030000005, -4.033399499999916], [103.23604660000018, -4.033738699999958], [103.23637500000018, -4.03523789999997]]]}}, {"type": "Feature", "properties": {"iddesa": "1673011002", "nama": "Jokoh", "kec": "Dempo Tengah", "idkab": "ID1673"}, "geometry": {"type": "Polygon", "coordinates": [[[103.28471900000017, -4.118122999999969], [103.2845875000001, -4.1183070999999245], [103.28421689999999, -4.118862699999966], [103.2842159000001, -4.119295499999964], [103.28427650000015, -4.119790199999954], [103.28390640000009, -4.1200984999998695], [103.28341300000011, -4.120468399999936], [103.2827966000001, -4.120776199999909], [103.28224230000006, -4.12083679999995], [103.2818109000001, -4.121021399999961], [103.28113250000007, -4.121514499999819], [103.28106980000001, -4.122070799999904], [103.28106930000018, -4.122318099999973], [103.2816235000002, -4.122257499999932], [103.28236230000005, -4.12232089999992], [103.28273120000017, -4.122568999999942], [103.28254570000013, -4.122939599999938], [103.28223739999999, -4.123124399999881], [103.28205220000012, -4.123371299999974], [103.2815576000001, -4.124297599999977], [103.28143340000008, -4.124791899999934], [103.28118580000006, -4.125409599999955], [103.28087600000015, -4.126274499999909], [103.28075140000016, -4.126954299999966], [103.28118080000019, -4.127697099999864], [103.28179470000015, -4.128563999999926], [103.28203970000015, -4.129182799999967], [103.28191560000005, -4.129615299999955], [103.28154510000013, -4.13010909999997], [103.2809900000002, -4.1305406999998695], [103.28111130000008, -4.131406499999912], [103.28123140000008, -4.132828699999891], [103.28122860000019, -4.134127099999944], [103.28135080000004, -4.134560099999874], [103.28128810000015, -4.135054599999933], [103.2809784000001, -4.135919499999943], [103.28073100000006, -4.1364134999999465], [103.28029950000007, -4.136659899999927], [103.27956100000006, -4.136472799999979], [103.27937540000016, -4.136905199999944], [103.27949680000012, -4.137709199999961], [103.27930980000008, -4.138759799999946], [103.27936990000006, -4.139439999999979], [103.27949220000005, -4.139811199999883], [103.27930670000018, -4.14018179999988], [103.2788139000001, -4.140304299999912], [103.27856660000003, -4.140736599999968], [103.27880970000007, -4.142220899999927], [103.27911440000008, -4.143705399999931], [103.27923070000008, -4.143705599999976], [103.27917570000017, -4.143829099999948], [103.27911210000008, -4.144756399999949], [103.27886450000017, -4.1453740999999695], [103.27837080000018, -4.145867599999974], [103.27787660000013, -4.146608399999877], [103.27750540000017, -4.147411399999896], [103.2775026000001, -4.148709699999927], [103.27786660000004, -4.1500789999998915], [103.27793010000016, -4.150318099999879], [103.2784203, -4.151431999999943], [103.27915710000008, -4.152422799999954], [103.27964830000019, -4.1530420999999365], [103.2803246000002, -4.153538199999957], [103.28001550000005, -4.154093899999907], [103.27995050000015, -4.155701299999862], [103.27994880000017, -4.156443199999956], [103.28025470000011, -4.1573711999998295], [103.28123630000016, -4.159042599999907], [103.28228010000015, -4.1604050999999345], [103.28258680000016, -4.160962199999858], [103.28326290000012, -4.161520099999905], [103.28387850000007, -4.161583199999882], [103.28424730000006, -4.161893199999952], [103.28468020000014, -4.161028499999929], [103.28492750000004, -4.160596299999952], [103.28548300000017, -4.159979299999975], [103.28622080000008, -4.1604754999999045], [103.28701930000005, -4.161404599999969], [103.2874493000001, -4.161900099999912], [103.28652390000013, -4.162701899999888], [103.28750440000005, -4.1648678999998765], [103.28540360000017, -4.168201899999872], [103.28422749999999, -4.171043199999872], [103.28003130000008, -4.1751762999999755], [103.27226210000015, -4.179981599999962], [103.27236890000006, -4.1799850999999535], [103.27220040000014, -4.180043299999966], [103.27176450000019, -4.182267999999851], [103.27157750000015, -4.183318599999893], [103.26768850000008, -4.187699599999917], [103.26703830000008, -4.188933099999929], [103.26645180000008, -4.190046099999904], [103.26366260000003, -4.198262599999964], [103.26082400000018, -4.200976599999876], [103.26081610000006, -4.204562399999929], [103.25803020000012, -4.211233199999867], [103.26085570000015, -4.214454399999852], [103.26134370000017, -4.216557499999965], [103.26141930000006, -4.216557499999965], [103.26140500000008, -4.216681299999891], [103.26243790000012, -4.2229277999999795], [103.26242570000016, -4.2284301999998775], [103.26129420000018, -4.23328319999996], [103.26127570000006, -4.233299399999964], [103.26017840000003, -4.232287699999915], [103.25865440000007, -4.230164699999875], [103.2579267000001, -4.230016899999896], [103.25537870000011, -4.230011099999956], [103.2544308000002, -4.230666799999938], [103.25333800000004, -4.231029699999965], [103.25195520000017, -4.230880399999933], [103.2510819000002, -4.230732299999943], [103.25078960000019, -4.23124329999996], [103.24911500000019, -4.231312499999888], [103.24729520000005, -4.23123529999998], [103.24591310000011, -4.230720599999927], [103.24402200000014, -4.2299853999999755], [103.24293130000012, -4.229398199999935], [103.24235210000018, -4.228008299999885], [103.24207860000013, -4.227870199999927], [103.24191580000013, -4.2277879999999755], [103.24119140000005, -4.226178399999981], [103.2407563000001, -4.225446599999941], [103.23872040000009, -4.224345599999879], [103.23668340000012, -4.223756299999877], [103.23457450000006, -4.222728299999915], [103.2325355000001, -4.223015999999916], [103.23107910000004, -4.2232318999999165], [103.22998490000009, -4.224179499999821], [103.22903760000003, -4.224615899999947], [103.22758130000017, -4.2247586999999385], [103.22612560000016, -4.224609199999918], [103.22467020000016, -4.224386599999889], [103.22219790000008, -4.223138499999948], [103.22045410000004, -4.2216726999998855], [103.21914610000016, -4.220646499999873], [103.21827330000008, -4.220279099999971], [103.21689100000009, -4.219910499999912], [103.2156543000001, -4.219542199999978], [103.21441840000017, -4.218808499999966], [103.21325550000006, -4.218001799999911], [103.2134754000001, -4.217344599999876], [103.21325930000017, -4.216320899999914], [103.21333360000011, -4.215663199999938], [103.2140634000001, -4.214860999999928], [103.21464750000013, -4.214131399999928], [103.21486690000012, -4.213693399999954], [103.21472210000007, -4.213327699999979], [103.21377790000008, -4.212375399999871], [103.21290540000018, -4.211934799999938], [103.21159870000008, -4.210323899999935], [103.21058260000001, -4.209005999999874], [103.21036740000017, -4.207616899999948], [103.21095070000013, -4.2071796999999265], [103.21197190000004, -4.2063049999998725], [103.21335550000015, -4.206088899999941], [103.21386640000014, -4.205505399999879], [103.21343080000014, -4.2049927999999], [103.21300900000006, -4.204018799999972], [103.21292390000013, -4.203822299999956], [103.21249040000015, -4.202359499999886], [103.21518500000019, -4.2018540999999345], [103.21729760000017, -4.2012011999999], [103.21963300000016, -4.198575399999811], [103.2198537000001, -4.197552699999903], [103.2200761000002, -4.195799099999931], [103.2208790000002, -4.1948507999999265], [103.22277580000014, -4.1930278999998905], [103.22321190000014, -4.193321299999923], [103.22372180000002, -4.193176299999948], [103.22423180000015, -4.192958199999907], [103.22459550000002, -4.19310519999982], [103.2251050000001, -4.193106299999897], [103.22546930000004, -4.192960999999968], [103.22590680000019, -4.192669599999931], [103.2262719000002, -4.192158899999924], [103.22685410000003, -4.192233299999884], [103.22721840000014, -4.192087899999933], [103.22758140000019, -4.192527299999938], [103.2281634000002, -4.1926747999999066], [103.22874590000009, -4.192602999999906], [103.22896500000007, -4.192311099999927], [103.2294024000002, -4.192019799999969], [103.2299841000002, -4.192313499999955], [103.23049350000008, -4.19238769999987], [103.23071210000006, -4.192315099999973], [103.23129560000018, -4.191804799999943], [103.23122330000007, -4.191585399999838], [103.23166090000001, -4.191220899999962], [103.23209850000018, -4.1908564999999385], [103.23297180000014, -4.1909315999998284], [103.23340700000011, -4.191663399999868], [103.2340629000002, -4.191299499999957], [103.235229, -4.190717399999869], [103.2360320000002, -4.189695999999913], [103.23596170000008, -4.1885994999999525], [103.23619530000002, -4.188272599999891], [103.23619620000011, -4.187898399999938], [103.23631360000007, -4.187489399999947], [103.23643150000004, -4.186846499999945], [103.23637480000014, -4.186144699999886], [103.23631830000011, -4.185384499999941], [103.23690120000003, -4.18515189999988], [103.23812440000012, -4.185037699999953], [103.23899730000005, -4.18533199999996], [103.23952220000018, -4.18498239999991], [103.2396394000001, -4.18463179999992], [103.23952520000006, -4.1836375999999404], [103.23941090000017, -4.1826432999998815], [103.23917980000004, -4.18182419999988], [103.23912270000017, -4.181297899999947], [103.23912410000008, -4.1807131999999], [103.2394164000001, -4.180187599999954], [103.23871910000014, -4.179484399999922], [103.23801970000017, -4.179775199999938], [103.23778790000017, -4.179248399999949], [103.23775560000018, -4.1786749999999415], [103.2377319000002, -4.178254299999935], [103.23744200000016, -4.17766899999998], [103.23721040000004, -4.177083699999969], [103.23761910000007, -4.176616899999885], [103.2373295000001, -4.175914599999942], [103.23622460000018, -4.175210499999878], [103.23546890000017, -4.17456559999988], [103.23535340000018, -4.174155999999925], [103.23535640000011, -4.1728111999999555], [103.23518390000004, -4.171816899999953], [103.23541790000019, -4.171349599999928], [103.2364085000001, -4.171059499999956], [103.2369905000001, -4.171236199999953], [103.23757230000012, -4.171471399999973], [103.23798060000013, -4.171179999999822], [103.23809840000013, -4.1705954999999335], [103.2382740000001, -4.170186599999965], [103.2382173000002, -4.169484899999816], [103.23810190000006, -4.169016899999974], [103.23792880000013, -4.168314799999962], [103.23857000000004, -4.16802389999998], [103.23851230000008, -4.167789899999889], [103.23816430000005, -4.167145999999889], [103.23769890000011, -4.166910999999914], [103.23799140000017, -4.16632699999991], [103.23828320000013, -4.166035299999919], [103.23892490000014, -4.165568999999891], [103.23898370000018, -4.165276699999879], [103.23886920000012, -4.1643993999999225], [103.2392778000002, -4.163991099999976], [103.23910460000008, -4.1632889999999065], [103.2391651000001, -4.162295199999903], [103.23951580000016, -4.161711299999922], [103.23998220000004, -4.161478399999908], [103.24009970000014, -4.161010899999951], [103.23975130000008, -4.16054239999994], [103.2392276000001, -4.1603657999999655], [103.2388198000001, -4.160423299999934], [103.2387626000002, -4.159955499999967], [103.23888030000018, -4.159429499999874], [103.23893950000007, -4.158961899999895], [103.23952300000002, -4.15843689999997], [103.23999020000014, -4.1578532999999425], [103.23970030000015, -4.157267899999965], [103.23935310000019, -4.15627319999993], [103.23970480000014, -4.155279999999891], [103.2398810000002, -4.154578699999945], [103.24017370000007, -4.153877699999953], [103.24069970000005, -4.153060299999936], [103.24087600000007, -4.152300599999933], [103.24076220000006, -4.151130899999885], [103.24056570000016, -4.150833599999885], [103.23924860000005, -4.15089369999987], [103.23715140000013, -4.151239799999928], [103.2351731, -4.150533699999926], [103.23296310000012, -4.149242399999935], [103.2314512000001, -4.14824509999994], [103.23058230000015, -4.146196699999905], [103.2297265000002, -4.144315499999891], [103.22959710000015, -4.144031099999893], [103.22872740000014, -4.14233349999995], [103.22855580000015, -4.140929799999981], [103.2286754000001, -4.139526799999885], [103.22955390000016, -4.137306899999885], [103.23019560000012, -4.136782099999891], [103.23293620000004, -4.1350925999998935], [103.23561810000007, -4.133636899999885], [103.23794960000009, -4.132648099999869], [103.23864840000016, -4.132649599999922], [103.23934720000005, -4.132651199999941], [103.24068950000009, -4.131309299999941], [103.24156630000016, -4.12979109999992], [103.24285220000019, -4.1276304999999525], [103.24367039999998, -4.126287499999933], [103.24466220000016, -4.125412599999947], [103.24466470000004, -4.124301699999933], [103.2454826, -4.123075599999936], [103.24536680000006, -4.12278299999997], [103.24531270000017, -4.120911899999953], [103.24612900000005, -4.12038739999997], [103.24643050000014, -4.12004589999998], [103.24700470000005, -4.1193953999999735], [103.24805640000017, -4.117760499999974], [103.24858280000001, -4.116709199999946], [103.24847760000006, -4.116011999999898], [103.24840970000008, -4.116007199999956], [103.2493434000001, -4.115073699999812], [103.24963710000003, -4.113904899999909], [103.2499878000001, -4.113320999999928], [103.24998970000007, -4.112443899999903], [103.25004960000007, -4.1116839999999115], [103.25045820000014, -4.111217099999919], [103.25127500000019, -4.110517199999833], [103.25081120000004, -4.109580699999981], [103.25127900000018, -4.108646199999839], [103.25110660000013, -4.107593299999849], [103.25145709999998, -4.107126299999948], [103.25169090000014, -4.106717599999968], [103.25210040000013, -4.1058413999999175], [103.25204280000014, -4.105548899999974], [103.25187010000008, -4.104612999999972], [103.25257060000013, -4.103854399999932], [103.25245510000013, -4.10338639999992], [103.25245680000012, -4.10262629999994], [103.25257500000015, -4.101807999999892], [103.25292580000018, -4.101165599999945], [103.25321880000013, -4.100289099999884], [103.25327730000015, -4.10017229999994], [103.25310360000014, -4.0997041999999055], [103.25316260000005, -4.09935349999995], [103.25362969999998, -4.098769799999957], [103.25380530000012, -4.098360899999875], [103.25415670000007, -4.097426099999893], [103.25450790000019, -4.0966082999999], [103.25427640000004, -4.095964599999945], [103.25421970000014, -4.095262799999944], [103.25526890000009, -4.094738899999868], [103.25515300000006, -4.094504799999925], [103.2552703, -4.094095699999912], [103.25523850000008, -4.0938022999998225], [103.25521320000007, -4.0935693999999785], [103.25498130000011, -4.093101099999956], [103.25457410000013, -4.092924799999935], [103.25445870000004, -4.0924567999999795], [103.25457640000019, -4.091872299999977], [103.25468280000007, -4.09165969999998], [103.25475180000012, -4.091521899999975], [103.25527630000016, -4.091347599999949], [103.2562673000001, -4.090823499999885], [103.25720060000003, -4.090065399999958], [103.25906800000018, -4.088198399999953], [103.26262350000019, -4.08656899999994], [103.26408100000003, -4.085753499999896], [103.26542530000006, -4.083417599999962], [103.2710767000001, -4.0819680999998695], [103.27515700000004, -4.079988799999967], [103.2756229000002, -4.0799312999999415], [103.2759718000001, -4.080165999999963], [103.2766716000001, -4.079699699999935], [103.2785107000002, -4.078320799999972], [103.27991710000003, -4.07985269999989], [103.28009540000005, -4.07998229999987], [103.28044040000003, -4.080732699999885], [103.27973770000011, -4.081903099999977], [103.279672, -4.085360099999946], [103.28205820000011, -4.08829499999996], [103.28240800000009, -4.088471499999969], [103.27801510000006, -4.096138099999905], [103.27508510000013, -4.101874099999861], [103.27549040000008, -4.103339799999901], [103.27402480000012, -4.106500799999935], [103.27296350000006, -4.111537699999872], [103.2729004000002, -4.117737699999964], [103.27288950000019, -4.118803299999911], [103.27440650000011, -4.118923799999948], [103.27604390000005, -4.117345299999897], [103.27966450000014, -4.116122599999926], [103.28471900000017, -4.118122999999969]]]}}, {"type": "Feature", "properties": {"iddesa": "1673010004", "nama": "Kance Diwe", "kec": "Dempo Selatan", "idkab": "ID1673"}, "geometry": {"type": "Polygon", "coordinates": [[[103.35875010000012, -4.064223999999967], [103.35869340000005, -4.064280599999961], [103.35811290000015, -4.064337699999953], [103.35832170000003, -4.064475399999878], [103.37115480000011, -4.072931899999958], [103.37138690000012, -4.0729323999999], [103.37167690000012, -4.073049499999911], [103.37179250000014, -4.073282899999981], [103.37190850000013, -4.073341399999833], [103.3719665000001, -4.073341499999913], [103.37231490000016, -4.0732838999999785], [103.37243140000004, -4.073050999999964], [103.37260580000009, -4.072934799999928], [103.37260690000016, -4.072410299999888], [103.37272360000009, -4.072060799999917], [103.37283960000008, -4.072119299999883], [103.3732457000001, -4.072236699999905], [103.37365220000015, -4.072120999999925], [103.37371090000005, -4.071771399999875], [103.3737119000001, -4.071305099999904], [103.37382810000014, -4.071247099999937], [103.37388680000004, -4.070897499999944], [103.37394520000004, -4.070722799999885], [103.37411970000011, -4.070548299999928], [103.37423630000018, -4.070257099999878], [103.37406260000017, -4.070081899999877], [103.3738309000002, -4.069848299999933], [103.37389030000014, -4.069148999999868], [103.37394860000018, -4.0690325999999], [103.37423830000017, -4.069266299999981], [103.37435410000012, -4.069441399999903], [103.37470280000002, -4.069208899999921], [103.37476150000009, -4.068859399999894], [103.37511020000017, -4.068626899999913], [103.37551730000013, -4.068219799999895], [103.37598240000005, -4.067870999999911], [103.3766799, -4.067347899999959], [103.37708540000017, -4.067756699999961], [103.37766490000018, -4.068224099999895], [103.37841920000005, -4.068342199999904], [103.37859320000007, -4.068400799999949], [103.37888280000004, -4.068692799999951], [103.37899829999998, -4.068984499999942], [103.37917160000012, -4.069392799999889], [103.37957730000011, -4.069684999999879], [103.37980979999998, -4.069510699999967], [103.3802745000001, -4.069336799999974], [103.38079690000012, -4.069337799999971], [103.38120260000011, -4.069629999999961], [103.38172390000011, -4.07015559999985], [103.38305670000005, -4.0712656999999695], [103.38346190000004, -4.071791099999814], [103.38433120000019, -4.0724338999999645], [103.38502590000013, -4.07336789999988], [103.38524130000019, -4.0734829999998965], [103.38496110000006, -4.073657999999909], [103.38451600000019, -4.073657099999934], [103.38420450000018, -4.07365649999997], [103.38410040000008, -4.073838499999908], [103.38274400000012, -4.073868199999879], [103.3822282000001, -4.074555799999928], [103.3822239000001, -4.076708099999962], [103.37887450000005, -4.079628299999968], [103.37883760000005, -4.079943599999979], [103.37812860000014, -4.080703399999948], [103.3772279000001, -4.081024299999854], [103.3765201000001, -4.081345699999872], [103.37619790000014, -4.081732399999908], [103.37613170000014, -4.0826359999999795], [103.3758728000002, -4.083539299999927], [103.37529090000004, -4.085151999999937], [103.37477210000009, -4.087410399999953], [103.3739320000002, -4.089538999999945], [103.37353210000015, -4.089983399999937], [103.3734007000001, -4.090036899999916], [103.37296880000008, -4.090252599999928], [103.37264470000008, -4.090311099999951], [103.3719362000001, -4.0909551999998826], [103.37064580000009, -4.093211999999937], [103.37031070000006, -4.09328609999983], [103.36890920000013, -4.093595799999946], [103.36717210000012, -4.0942377999999735], [103.36491590000009, -4.097202799999877], [103.36368610000017, -4.097552899999926], [103.36332670000007, -4.0974798999998825], [103.36279340000016, -4.097121299999969], [103.3625706000002, -4.0972101999999495], [103.36230310000013, -4.097477799999979], [103.36217510000017, -4.097584499999925], [103.36114150000009, -4.097582399999965], [103.36074600000006, -4.097117099999821], [103.36038970000004, -4.097250399999837], [103.36016680000012, -4.097428799999932], [103.36017810000016, -4.09758039999997], [103.35964340000015, -4.09757929999995], [103.35932090000011, -4.0980950999999095], [103.35938320000008, -4.099063499999943], [103.35931780000004, -4.0996443999999315], [103.35905940000015, -4.10022489999983], [103.35918640000017, -4.100999799999897], [103.35931490000013, -4.101064599999916], [103.3605358000001, -4.101325299999928], [103.36111330000006, -4.101907499999868], [103.36149660000018, -4.103070299999956], [103.36162150000018, -4.104878099999894], [103.36110350000013, -4.1066845999998804], [103.36116540000012, -4.107846699999925], [103.36125180000016, -4.108079299999929], [103.36126590000009, -4.108117499999878], [103.36129220000015, -4.108188199999972], [103.36132550000002, -4.108189599999889], [103.36209660000009, -4.109122599999978], [103.36321030000005, -4.10955539999992], [103.36320940000013, -4.1099857999998335], [103.36303660000004, -4.1106741999999485], [103.36277670000004, -4.111964999999884], [103.3631170000001, -4.113256999999862], [103.36208570000008, -4.114460099999917], [103.36040360000015, -4.115500899999972], [103.36033880000014, -4.1154906999999525], [103.35981370000019, -4.115313799999967], [103.35928810000007, -4.115312699999947], [103.35900460000005, -4.115758099999937], [103.35856770000015, -4.1158302999999705], [103.35779470000011, -4.116517399999964], [103.35719050000006, -4.118496199999925], [103.35615970000003, -4.119440999999938], [103.35547140000011, -4.12064479999998], [103.35529400000013, -4.12348529999997], [103.35606230000013, -4.125122599999941], [103.35597340000004, -4.126671999999871], [103.35870780000016, -4.131154299999935], [103.36042200000009, -4.13141609999991], [103.36110700000006, -4.131847999999934], [103.36152900000019, -4.13512019999996], [103.36187090000004, -4.1356373999999505], [103.36161220000014, -4.136325599999964], [103.36075330000011, -4.137098599999945], [103.36126560000008, -4.138132699999915], [103.36237840000013, -4.138995899999941], [103.36331800000005, -4.140719699999977], [103.36323990000017, -4.1436643999999205], [103.36411850000002, -4.144919699999946], [103.3639871000002, -4.144960699999956], [103.36359429999999, -4.148318299999971], [103.36327820000014, -4.152934999999957], [103.36297100000013, -4.153242199999966], [103.36235270000014, -4.155703499999959], [103.36296210000012, -4.157551699999942], [103.3605037000001, -4.16031699999985], [103.3599137000001, -4.1604233999999565], [103.35988080000004, -4.160380799999871], [103.35912300000007, -4.160379199999909], [103.35836470000004, -4.160594999999944], [103.35749860000016, -4.16059319999988], [103.35725790000009, -4.160902499999963], [103.35713010000018, -4.160925599999928], [103.35590250000007, -4.161538699999937], [103.35589880000009, -4.163316399999928], [103.35581470000005, -4.163361599999973], [103.35565110000005, -4.163959099999943], [103.35567940000004, -4.1640210999999], [103.35466780000002, -4.165537799999811], [103.35420960000016, -4.1660722999998825], [103.35418510000005, -4.1660757999999305], [103.35385970000016, -4.166401199999939], [103.35372340000004, -4.1666393999998945], [103.35282390000003, -4.1676886999998715], [103.35312400000004, -4.170767499999954], [103.35289850000004, -4.170823599999892], [103.35255150000006, -4.170692199999962], [103.35211880000014, -4.170528199999978], [103.35130600000008, -4.170906999999886], [103.35114180000016, -4.171071199999972], [103.34913780000005, -4.17106699999988], [103.3491340000001, -4.172913899999912], [103.34882290000013, -4.1750679999998965], [103.34823110000019, -4.175955199999862], [103.34788510000016, -4.175954399999966], [103.34750539999999, -4.176334099999963], [103.34767110000001, -4.1767946999999594], [103.34696400000013, -4.1778547999999205], [103.34679850000015, -4.177854399999887], [103.34652690000007, -4.178288699999939], [103.34614670000019, -4.178885699999967], [103.34576620000018, -4.179645799999946], [103.3456235000001, -4.1796785999999315], [103.3448034000001, -4.179676799999925], [103.34452140000019, -4.179534499999875], [103.34408830000007, -4.1795335999999], [103.34381850000011, -4.17915249999993], [103.34311580000008, -4.178661899999895], [103.34252170000013, -4.17800839999984], [103.3420880000001, -4.178279299999872], [103.34143890000007, -4.178060499999958], [103.34078930000015, -4.178059099999928], [103.34028660000013, -4.1784359999999765], [103.34023140000016, -4.178435899999954], [103.33974360000013, -4.178777199999956], [103.33948830000014, -4.178925999999819], [103.33923610000005, -4.179132199999913], [103.33771190000004, -4.1801986999999485], [103.33764500000001, -4.1802264999999466], [103.3376127000002, -4.180268099999921], [103.33716100000015, -4.180584099999976], [103.33689329999999, -4.1810120999999185], [103.33645170000005, -4.181365299999925], [103.3359638, -4.181690399999923], [103.3361796000001, -4.182071299999905], [103.33620080000009, -4.182119499999885], [103.33562290000003, -4.183043399999974], [103.33347290000017, -4.184885699999882], [103.3323582000001, -4.186278699999946], [103.33200240000019, -4.186301699999888], [103.33190660000008, -4.186421499999938], [103.33071040000004, -4.1864188999999215], [103.33051380000012, -4.188852899999972], [103.33031790000007, -4.189287399999955], [103.33046220000011, -4.189491199999907], [103.32980790000016, -4.197592499999928], [103.3297045000001, -4.197764799999959], [103.32937840000011, -4.198361999999918], [103.32894400000009, -4.198958899999923], [103.32856329999998, -4.1998276999999575], [103.32812880000012, -4.200478999999916], [103.3277485000001, -4.201130299999818], [103.32769380000019, -4.201401999999916], [103.32763710000012, -4.201876299999981], [103.3272538, -4.202553799999976], [103.32687870000007, -4.202813299999889], [103.32660760000005, -4.203030199999887], [103.3262814000002, -4.2036816999998905], [103.32606360000011, -4.204279099999951], [103.32579149999998, -4.20493069999992], [103.32580740000009, -4.205110299999944], [103.3257650000001, -4.20518519999996], [103.32544860000007, -4.20980179999998], [103.32450830000005, -4.211367499999881], [103.32442440000005, -4.211395399999958], [103.3242611, -4.211775499999874], [103.32398970000014, -4.212155399999972], [103.32371800000004, -4.212589599999831], [103.32369710000006, -4.212589499999979], [103.32371320000016, -4.212691499999892], [103.32360240000008, -4.212875999999881], [103.31715400000013, -4.217479299999923], [103.31561310000018, -4.221169799999927], [103.31681950000018, -4.2304068999999345], [103.31649760000016, -4.237485999999819], [103.31637580000006, -4.23781589999993], [103.31433870000006, -4.2433297999999695], [103.31204750000006, -4.246675999999923], [103.31034010000019, -4.249169499999823], [103.30941020000012, -4.251320799999917], [103.30847490000019, -4.251960299999894], [103.30739050000017, -4.252718799999968], [103.30673890000008, -4.25364129999997], [103.30506740000015, -4.2545248999999785], [103.30489610000001, -4.254615499999943], [103.30392160000002, -4.254613399999926], [103.30235160000018, -4.254609899999934], [103.30166580000008, -4.254573999999877], [103.3010122, -4.254786499999966], [103.30067230000014, -4.255095399999959], [103.29985990000006, -4.255256599999939], [103.29753000000005, -4.256175399999961], [103.29579640000014, -4.256715099999951], [103.29357499999998, -4.257525399999906], [103.29275450000011, -4.257729399999903], [103.29268670000005, -4.257755199999906], [103.29258960000016, -4.257770399999856], [103.29119170000013, -4.2581178999998315], [103.28908070000011, -4.2579501999998115], [103.28756550000014, -4.257675099999972], [103.28608820000011, -4.257266999999956], [103.28517130000012, -4.25718059999997], [103.28500650000018, -4.257180199999937], [103.28410180000009, -4.257178199999885], [103.28231530000005, -4.257174199999895], [103.28069120000015, -4.257170599999938], [103.2787431000001, -4.256840099999977], [103.27722740000007, -4.256782399999906], [103.27506190000014, -4.2567774999999415], [103.27311309999999, -4.256718799999874], [103.27221100000014, -4.256603499999926], [103.27102940000009, -4.256526399999927], [103.27102040000005, -4.256525799999906], [103.2701525, -4.25623319999994], [103.27068250000019, -4.254267599999935], [103.27268990000016, -4.252315599999974], [103.27211000000017, -4.245303299999932], [103.27298250000007, -4.242424699999958], [103.27384940000019, -4.242100599999958], [103.27514990000014, -4.241559999999936], [103.2755163000001, -4.24146449999995], [103.2762335000001, -4.241127599999857], [103.2766137000001, -4.240584999999896], [103.27731960000006, -4.239608299999929], [103.27791650000006, -4.238957399999947], [103.27794080000012, -4.2385666999999785], [103.27808500000015, -4.236240299999963], [103.27896850000008, -4.228361699999823], [103.28124720000017, -4.226084099999923], [103.28200559999999, -4.225868399999911], [103.28271000000001, -4.2255437999999685], [103.28373950000014, -4.2251112999999805], [103.28412240000017, -4.223318699999936], [103.28412430000014, -4.222449099999892], [103.28412850000018, -4.2205468999998175], [103.28326680000009, -4.218533999999977], [103.2845347, -4.2165500999999495], [103.28614570000008, -4.2140293999999585], [103.28620240000015, -4.212888199999952], [103.28639410000005, -4.21239949999989], [103.28636580000017, -4.212399399999981], [103.28658880000017, -4.209464999999852], [103.28778150000005, -4.208652399999949], [103.28795010000016, -4.205826599999966], [103.29152640000012, -4.204203999999947], [103.29262170000015, -4.198390999999901], [103.29674020000004, -4.196389099999919], [103.29934580000014, -4.193025099999943], [103.30129940000018, -4.190800999999965], [103.30125270000019, -4.187376899999947], [103.30456060000017, -4.184666499999878], [103.30580700000007, -4.184016999999869], [103.30678240000015, -4.183529999999905], [103.30711230000009, -4.1811936999999375], [103.30718120000012, -4.18114039999989], [103.30830509999998, -4.180272299999899], [103.3085382000001, -4.180172599999935], [103.30846780000013, -4.180163999999934], [103.31004020000006, -4.178971699999977], [103.31204690000015, -4.177182399999879], [103.31470590000009, -4.17409019999991], [103.31573700000013, -4.17289669999991], [103.31558000000012, -4.170341899999926], [103.31650130000014, -4.16985469999986], [103.31633970000007, -4.169473899999957], [103.31590920000019, -4.168277299999886], [103.31591050000009, -4.167679499999906], [103.3161284000002, -4.167027699999892], [103.31618430000003, -4.1662125999999375], [103.3161315000001, -4.165560299999811], [103.31597120000015, -4.164581599999906], [103.31564940000015, -4.163167799999826], [103.31532580000004, -4.162623599999904], [103.31484090000004, -4.161535599999979], [103.31446410000012, -4.160556499999927], [103.31468170000005, -4.160067799999922], [103.31511710000018, -4.158927399999868], [103.31522640000014, -4.1584384999999315], [103.31452530000007, -4.15724119999993], [103.31380600000006, -4.156152899999938], [103.3137156000002, -4.156152499999962], [103.31317610000013, -4.155336099999943], [103.31269070000013, -4.154465499999844], [103.31263750000016, -4.154030499999976], [103.31285580000014, -4.153215799999828], [103.31301969999998, -4.152509599999917], [103.31356140000008, -4.152293299999883], [103.3142663000001, -4.151751299999887], [103.3148091000001, -4.151045899999872], [103.31524340000016, -4.1504489999999805], [103.31600330000015, -4.149472299999957], [103.31660000000011, -4.1488756999999055], [103.31687130000017, -4.148550199999875], [103.31660250000016, -4.14767999999998], [103.31644170000015, -4.14691879999998], [103.31687560000017, -4.1465392999998585], [103.3173642000001, -4.145833799999934], [103.31785290000005, -4.145128299999897], [103.3181252, -4.144367899999963], [103.31851050000012, -4.143790299999864], [103.31855960000007, -4.143716599999891], [103.31888600000008, -4.142956399999946], [103.31867100000005, -4.142195099999924], [103.31856480000016, -4.141216499999871], [103.31835050000018, -4.140183399999955], [103.3194906, -4.138609699999961], [103.31992580000014, -4.1375779999998485], [103.32030620000018, -4.136872199999971], [103.32031040000015, -4.1348612999999546], [103.32047360000018, -4.134481199999925], [103.32090920000013, -4.133231999999964], [103.32063960000005, -4.132742299999961], [103.3203160000001, -4.132198099999869], [103.32020930000016, -4.1314369999999485], [103.3198859000002, -4.130784099999914], [103.3201572000001, -4.1305128999998715], [103.32053640000004, -4.130350699999951], [103.32053740000015, -4.12986149999989], [103.32097010000007, -4.130025499999874], [103.32113270000019, -4.129917099999943], [103.32107990000009, -4.129319199999941], [103.32129720000012, -4.128939199999877], [103.32129760000015, -4.128721799999937], [103.3215688000002, -4.128450599999951], [103.32183880000014, -4.1287772999999675], [103.32205470000008, -4.129049499999951], [103.32243330000011, -4.12921329999989], [103.32265030000013, -4.128996399999892], [103.3226511000002, -4.128615899999943], [103.3229227000001, -4.128127299999846], [103.32319440000003, -4.127638799999943], [103.3231952000001, -4.12725829999988], [103.32319650000005, -4.126660499999957], [103.32341370000006, -4.126334799999938], [103.32341440000016, -4.126008699999943], [103.32336090000013, -4.1256824999998685], [103.32357810000019, -4.125356899999929], [103.32412000000005, -4.1250861999999415], [103.32476969999999, -4.124978899999917], [103.32520220000009, -4.125251599999956], [103.32547280000011, -4.125252199999977], [103.32585130000012, -4.1254703999999265], [103.32617590000018, -4.125525399999958], [103.32633840000011, -4.125471399999981], [103.32647520000006, -4.125403099999971], [103.32664040000009, -4.125138899999854], [103.32668480000018, -4.124831099999938], [103.32672970000016, -4.124347499999828], [103.32703710000004, -4.123908399999891], [103.3272995000001, -4.124084899999957], [103.3276061000002, -4.124085499999978], [103.32769420000005, -4.123821899999939], [103.32795790000017, -4.123382699999922], [103.32835330000006, -4.122811799999965], [103.32839750000016, -4.122592099999963], [103.32848600000017, -4.122196499999916], [103.32866110000009, -4.12219679999987], [103.3288360000002, -4.122329099999888], [103.32914220000015, -4.12250569999992], [103.32927360000014, -4.122505999999873], [103.32940520000005, -4.122418299999879], [103.32971260000005, -4.122023199999887], [103.3300197000001, -4.121759999999881], [103.33041390000017, -4.121716799999945], [103.33076450000004, -4.121629599999835], [103.33098340000004, -4.121630099999948], [103.33098360000008, -4.121542099999942], [103.33098440000015, -4.1211902999999666], [103.3309854000002, -4.120706599999949], [103.33098610000008, -4.120354799999973], [103.33103070000004, -4.119959099999903], [103.33129400000018, -4.119739799999877], [103.33164430000005, -4.119740499999921], [103.33190700000011, -4.119785099999888], [103.33203890000016, -4.119521499999848], [103.3323023000001, -4.119214199999931], [103.33247820000008, -4.118862799999874], [103.33247900000015, -4.118510999999899], [103.33252360000012, -4.118115299999943], [103.33291790000004, -4.118028199999912], [103.33318120000018, -4.117764899999884], [103.3337944000001, -4.117766199999835], [103.33431980000006, -4.117811299999914], [103.33453910000009, -4.117679799999962], [103.33475860000016, -4.117416399999911], [103.3349782000002, -4.117109099999823], [103.33533000000017, -4.116406199999915], [103.3359005000001, -4.115835699999877], [103.33655840000017, -4.115397399999949], [103.33682190000013, -4.115002099999913], [103.33682300000004, -4.114518399999952], [103.3365616000001, -4.1138142999999445], [103.33630010000013, -4.1132420999999795], [103.33595060000016, -4.112801599999841], [103.33617010000006, -4.11253819999996], [103.33652160000014, -4.112011199999813], [103.33682890000017, -4.111660099999881], [103.33722380000017, -4.111265099999969], [103.33766330000014, -4.110518499999955], [103.33770800000008, -4.1101227999998855], [103.33762160000003, -4.109550899999817], [103.33789250000007, -4.109144699999945], [103.33822410000016, -4.10947909999993], [103.33882630000005, -4.109566799999868], [103.33914300000015, -4.109472099999948], [103.33968740000012, -4.109309399999972], [103.34037600000005, -4.10922439999996], [103.34089460000013, -4.108102199999962], [103.34115280000003, -4.108102699999961], [103.34218650000008, -4.107586399999889], [103.34287580000012, -4.107155799999873], [103.34330770000014, -4.106379099999913], [103.34356760000014, -4.105515499999967], [103.34356880000007, -4.104910699999948], [103.34382750000015, -4.1046519999999305], [103.34434470000014, -4.104220999999882], [103.34477590000012, -4.103789899999924], [103.34494940000008, -4.103098999999872], [103.34538040000007, -4.102754299999958], [103.34529500000008, -4.102408399999945], [103.34615560000003, -4.102410199999895], [103.34675780000015, -4.102497899999946], [103.34667290000004, -4.101892899999882], [103.34667420000017, -4.101287999999954], [103.34655050000003, -4.10093089999998], [103.34657290000013, -4.10093089999998], [103.34703770000004, -4.1006521999998995], [103.34657460000011, -4.1000918999999385], [103.34657590000018, -4.099439299999915], [103.34667010000015, -4.098786899999936], [103.3469494000002, -4.098414499999876], [103.34667090000005, -4.098413999999934], [103.34667170000012, -4.098041099999875], [103.34667300000007, -4.0973884999999655], [103.34741500000018, -4.097762899999964], [103.34797320000018, -4.097204699999963], [103.34806720000012, -4.0966454999999655], [103.34778879999999, -4.096551699999907], [103.3472329, -4.095991199999901], [103.3472341000001, -4.095431799999972], [103.34788400000008, -4.095433199999945], [103.34862670000007, -4.095434699999885], [103.34807060000003, -4.094967399999916], [103.34714370000012, -4.094219699999883], [103.34714510000003, -4.093567099999973], [103.34770420000012, -4.092542699999967], [103.34844770000018, -4.09217139999987], [103.34919070000018, -4.0920796999999425], [103.34974890000018, -4.09152139999992], [103.34919330000002, -4.090774499999952], [103.3488237000002, -4.089934699999901], [103.34836080000008, -4.089281099999937], [103.34808320000019, -4.088814399999933], [103.34817680000015, -4.088441699999919], [103.34892000000019, -4.088256699999874], [103.34957990000004, -4.0878168999998366], [103.34975670000011, -4.087699099999952], [103.34975820000005, -4.086953299999948], [103.34975920000016, -4.0864870999999425], [103.35022490000011, -4.085742299999936], [103.35041170000011, -4.085183299999869], [103.35078310000011, -4.085184099999935], [103.35134110000013, -4.084719099999916], [103.3518989000001, -4.08434729999982], [103.35245660000004, -4.0840687999999545], [103.35347960000013, -4.0832317999999646], [103.35431760000017, -4.082021599999962], [103.3547835, -4.081183499999952], [103.35450580000014, -4.080809999999872], [103.35469260000013, -4.080250999999976], [103.3550649, -4.079785599999923], [103.35543760000013, -4.079133799999909], [103.35646100000008, -4.078110399999957], [103.35711140000006, -4.077831999999944], [103.35757730000006, -4.076993899999877], [103.35813530000007, -4.076528899999971], [103.35888010000002, -4.075504899999942], [103.35832400000004, -4.075037599999916], [103.35823310000018, -4.074105199999963], [103.35767600000008, -4.074103999999977], [103.35721320000016, -4.0734504999999785], [103.35721520000016, -4.072424999999953], [103.3569369, -4.072331199999894], [103.35703070000017, -4.07186519999982], [103.35712480000012, -4.0712127999998415], [103.35694010000009, -4.070746299999939], [103.35647670000014, -4.07037239999994], [103.35619950000012, -4.069719199999895], [103.3561081000002, -4.068973199999959], [103.35564510000006, -4.068412899999885], [103.35564700000003, -4.0674805999999535], [103.35639040000012, -4.067109199999948], [103.35694920000014, -4.066271299999869], [103.35722850000019, -4.065898999999888], [103.35778610000011, -4.065620399999943], [103.35806480000008, -4.065527799999927], [103.35806630000019, -4.064781899999957], [103.35760320000009, -4.064221599999939], [103.35875010000012, -4.064223999999967]]]}}, {"type": "Feature", "properties": {"iddesa": "1673011005", "nama": "Karang Dalo", "kec": "Dempo Tengah", "idkab": "ID1673"}, "geometry": {"type": "Polygon", "coordinates": [[[103.27927190000014, -4.038836199999821], [103.27934620000008, -4.038884099999962], [103.28007610000009, -4.039354499999888], [103.28286140000012, -4.042811899999947], [103.28556050000014, -4.043464799999981], [103.28859740000007, -4.044056699999942], [103.2908091000001, -4.042982799999891], [103.29148450000002, -4.042891799999893], [103.29295860000013, -4.042340199999842], [103.29544450000014, -4.04228379999995], [103.2987904000002, -4.041859399999851], [103.30173630000007, -4.041927199999975], [103.30425140000017, -4.042548899999872], [103.30455760000007, -4.042699199999959], [103.30450310000003, -4.04269649999992], [103.30473430000012, -4.043751699999916], [103.30438310000005, -4.044278399999882], [103.3041477000001, -4.045215399999961], [103.3041368000001, -4.04557269999998], [103.30408510000007, -4.047266099999831], [103.3034434000001, -4.047206199999948], [103.30285750000013, -4.0483182999999485], [103.30233120000008, -4.0489030999999045], [103.30209630000019, -4.049605799999881], [103.30063400000017, -4.051301999999964], [103.30057399999998, -4.05206359999994], [103.3006309000001, -4.052766899999938], [103.29946140000015, -4.053936399999884], [103.29928420000005, -4.054990699999905], [103.29758720000012, -4.057272399999874], [103.29770330000014, -4.057565599999975], [103.29723370000005, -4.058912299999918], [103.29723290000015, -4.059263899999905], [103.2958295000002, -4.060667199999841], [103.29466470000011, -4.05960999999985], [103.2933821000002, -4.059079999999938], [103.29198300000007, -4.058432399999958], [103.2906991000001, -4.058488299999965], [103.28953320000005, -4.05795849999987], [103.28869200000008, -4.057513699999959], [103.28835540000011, -4.057199399999945], [103.28781279999998, -4.057049599999914], [103.28736890000005, -4.056949499999973], [103.28702450000014, -4.056403599999953], [103.28658100000007, -4.056105299999956], [103.2857421000001, -4.0560539999999605], [103.28500220000018, -4.055854199999942], [103.28436100000005, -4.0556545999999685], [103.28391810000016, -4.055058899999949], [103.28327550000012, -4.055503599999895], [103.2810080000001, -4.054210199999886], [103.28096220000003, -4.052524999999832], [103.27987860000007, -4.0514819999999645], [103.27968260000017, -4.050837299999898], [103.2796838000001, -4.0502424999999675], [103.27894480000009, -4.049646199999927], [103.2788477000002, -4.048902599999963], [103.2787517000001, -4.047613899999931], [103.27850450000005, -4.047811599999932], [103.27759730000014, -4.045739999999967], [103.27737480000019, -4.045231999999942], [103.27744180000008, -4.045606399999883], [103.27747240000008, -4.045777399999906], [103.27744550000017, -4.045910799999945], [103.27723580000008, -4.045429499999898], [103.27705670000017, -4.045018399999947], [103.27638340000004, -4.044184899999948], [103.2755254000001, -4.043566699999872], [103.27524990000006, -4.043257999999923], [103.27516730000013, -4.043091299999901], [103.27488320000009, -4.04251759999994], [103.27485330000013, -4.042147699999816], [103.27519130000019, -4.041932699999961], [103.27537490000009, -4.042179699999963], [103.27617180000016, -4.042643599999963], [103.27654010000003, -4.042644399999972], [103.27690850000016, -4.042552699999931], [103.27709330000016, -4.042214099999967], [103.2770943000001, -4.041751899999838], [103.27740200000017, -4.041382699999929], [103.27780180000019, -4.040982999999812], [103.27789470000005, -4.040551699999924], [103.27783480000005, -4.039842799999974], [103.27851080000005, -4.039443699999879], [103.27894110000011, -4.039136399999961], [103.27897280000008, -4.038643399999955], [103.27927190000014, -4.038836199999821]]]}}, {"type": "Feature", "properties": {"iddesa": "1673040009", "nama": "Kuripan Babas", "kec": "Pagar Alam Utara", "idkab": "ID1673"}, "geometry": {"type": "Polygon", "coordinates": [[[103.24678390000003, -3.998614899999893], [103.24728660000005, -3.998937699999942], [103.24772990000014, -3.9990722999999093], [103.24804030000007, -3.9991174999998975], [103.24870570000007, -3.999118899999928], [103.24883890000007, -3.999074599999915], [103.24897150000004, -3.999297699999886], [103.2490150000001, -3.9996986999999535], [103.24941310000014, -4.000234099999943], [103.24958280000016, -4.000454199999922], [103.2497228000002, -4.000635699999862], [103.25007660000017, -4.001126499999941], [103.25056340000015, -4.001662099999976], [103.25122759999999, -4.002242699999954], [103.25193620000005, -4.002778799999874], [103.25265150000007, -4.0031397999999285], [103.25122410000006, -4.004567199999883], [103.25061600000004, -4.005305499999963], [103.25057130000005, -4.005359799999951], [103.25057040000019, -4.00578019999989], [103.25052280000017, -4.006293899999946], [103.2504764000002, -4.006659899999931], [103.25045520000003, -4.006644399999971], [103.25041809999999, -4.006617399999868], [103.25025860000011, -4.006847699999923], [103.2499397000002, -4.007290599999976], [103.24942540000012, -4.008176599999956], [103.24905330000007, -4.008708099999865], [103.24866350000013, -4.009203999999954], [103.24848640000005, -4.009434299999896], [103.24834440000001, -4.009511699999905], [103.24792410000009, -4.009431599999971], [103.24746540000012, -4.009341399999926], [103.24707990000019, -4.009652799999969], [103.24667970000013, -4.009889699999917], [103.2462511, -4.009561799999972], [103.24620640000006, -4.009725199999821], [103.24620579999998, -4.010007699999903], [103.24623500000013, -4.010171199999945], [103.24617540000014, -4.010379199999932], [103.24593810000005, -4.010557099999971], [103.24570110000019, -4.01066069999996], [103.24544920000011, -4.0107492999999295], [103.24528630000015, -4.010793599999943], [103.24524190000017, -4.01079349999992], [103.24507920000002, -4.01074849999992], [103.24497550000018, -4.010763199999815], [103.24478300000004, -4.010777599999926], [103.2445165000002, -4.010821599999929], [103.24430920000009, -4.010836099999892], [103.2440428000001, -4.010820599999931], [103.2439247000001, -4.010686599999872], [103.24386560000016, -4.010612099999946], [103.24398440000004, -4.010419099999922], [103.24379220000014, -4.010329499999898], [103.2435997, -4.010343999999861], [103.24352570000013, -4.01034379999993], [103.24352340000013, -4.011428999999907], [103.24334590000018, -4.011383999999907], [103.24309450000015, -4.011264499999925], [103.24296120000014, -4.01126429999988], [103.24275400000005, -4.011263799999938], [103.24262080000005, -4.011263499999927], [103.24233950000018, -4.011248099999875], [103.24229510000009, -4.011247999999966], [103.24211750000012, -4.011247599999933], [103.24189540000003, -4.011261999999874], [103.24165850000014, -4.011305999999877], [103.2415549000001, -4.0113057999999455], [103.2414957000002, -4.011305699999923], [103.24140690000013, -4.011275799999964], [103.24131820000008, -4.011201299999925], [103.24123970000016, -4.013311999999928], [103.24106240000003, -4.013177799999937], [103.24081100000001, -4.013043499999924], [103.24054490000003, -4.0128793999999175], [103.24014540000019, -4.012774499999978], [103.23971630000005, -4.012699199999929], [103.2393166, -4.012728099999947], [103.23904990000017, -4.012846399999944], [103.23873900000018, -4.01287549999995], [103.23807300000016, -4.012799699999903], [103.2376733000001, -4.012813699999924], [103.23724400000015, -4.012827699999946], [103.23700710000008, -4.012812299999894], [103.23660760000007, -4.012766799999952], [103.23616370000008, -4.0126469999999586], [103.23567520000017, -4.012645899999882], [103.23517190000013, -4.012659699999972], [103.23480150000017, -4.012807499999951], [103.23403180000008, -4.012805899999876], [103.23402040000002, -4.013973299999918], [103.23306740000004, -4.01303339999987], [103.23158000000006, -4.011989599999936], [103.23035150000004, -4.011076399999979], [103.22993260000004, -4.010132399999918], [103.22964320000006, -4.009156199999893], [103.22928830000018, -4.008570099999815], [103.22890100000012, -4.007983899999886], [103.22838310000009, -4.007885199999976], [103.22805970000013, -4.007656899999915], [103.22767120000015, -4.00765599999994], [103.22734739999999, -4.007622799999922], [103.22699160000008, -4.007426899999814], [103.22663580000011, -4.007263599999874], [103.22598810000017, -4.007294699999875], [103.22540510000005, -4.00735839999993], [103.22495180000004, -4.007357499999955], [103.22472540000012, -4.007194399999946], [103.22401470000011, -4.006412399999874], [103.22317470000007, -4.005532499999902], [103.22265690000006, -4.005401299999903], [103.22213970000007, -4.004977499999939], [103.22175210000012, -4.004521299999908], [103.2209122000001, -4.003608999999926], [103.2194224000001, -4.003703299999927], [103.21741440000005, -4.003861499999971], [103.21657250000004, -4.003859699999964], [103.21508230000018, -4.00414909999995], [103.2144669000001, -4.00424529999998], [103.21417510000009, -4.0044072999999685], [103.21229490000013, -4.005378699999881], [103.21132340000003, -4.005409099999838], [103.21035180000013, -4.005471999999884], [103.20698310000012, -4.005952399999956], [103.20524630000011, -4.0061593999999445], [103.20522860000005, -4.005864999999972], [103.2023682000002, -4.005743799999891], [103.20019510000014, -4.005279299999927], [103.19733770000016, -4.003779099999974], [103.19402420000011, -4.001588499999912], [103.19208220000019, -4.000090299999954], [103.18808090000005, -3.9984726999999225], [103.1862836000002, -3.997732699999915], [103.18781110000009, -3.997667399999841], [103.19120940000005, -3.998151299999904], [103.19492350000007, -3.9987945999999397], [103.19974430000013, -3.999519799999973], [103.20353870000002, -3.999607499999968], [103.20678100000009, -3.99913829999997], [103.20804520000007, -3.9994585999999686], [103.21152269999999, -3.9998631999998793], [103.21610900000007, -3.9993967999999427], [103.22164370000007, -3.999011899999971], [103.22456940000018, -3.998700699999972], [103.22520100000003, -3.9990989999998874], [103.22591230000012, -3.9991799999998534], [103.22654480000006, -3.999181399999941], [103.22773110000014, -3.998945699999979], [103.23018270000011, -3.9985540999999216], [103.23176480000012, -3.9980811999998878], [103.23326710000003, -3.998004999999978], [103.23461120000007, -3.9979284999999436], [103.23555990000006, -3.997930599999961], [103.23658840000007, -3.99753579999998], [103.23706350000009, -3.9972192999998697], [103.23777650000011, -3.9965062999999645], [103.23909280000015, -3.9953448999999637], [103.23912300000018, -3.9953182999998944], [103.23959580000019, -3.9960337999999638], [103.23991050000012, -3.9967489999999657], [103.24017630000009, -3.997084199999904], [103.24020340000004, -3.9975226999999336], [103.24032420000009, -3.99754449999989], [103.24062950000013, -3.997852299999863], [103.24062860000004, -3.998251699999969], [103.24064529999998, -3.998311999999885], [103.24071970000011, -3.998589799999934], [103.24144990000013, -3.998897199999874], [103.24145320000008, -3.9988985999999045], [103.24197280000004, -3.9990839999998116], [103.24246200000005, -3.999177199999963], [103.2427256000002, -3.999372199999925], [103.2429201000001, -3.999516099999937], [103.24417330000006, -3.9999795999999037], [103.24552000000011, -3.999644599999897], [103.24576510000014, -3.999430099999927], [103.24597970000013, -3.9992154999999343], [103.24620400000003, -3.9990285999999173], [103.24642940000001, -3.999076799999841], [103.24664440000004, -3.998754399999882], [103.24675080000014, -3.998647999999889], [103.24678390000003, -3.998614899999893]]]}}, {"type": "Feature", "properties": {"iddesa": "1673010002", "nama": "Lubuk Buntak", "kec": "Dempo Selatan", "idkab": "ID1673"}, "geometry": {"type": "Polygon", "coordinates": [[[103.35875010000012, -4.064223999999967], [103.35760320000009, -4.064221599999939], [103.35806630000019, -4.064781899999957], [103.35806480000008, -4.065527799999927], [103.35778610000011, -4.065620399999943], [103.35722850000019, -4.065898999999888], [103.35694920000014, -4.066271299999869], [103.35639040000012, -4.067109199999948], [103.35564700000003, -4.0674805999999535], [103.35564510000006, -4.068412899999885], [103.3561081000002, -4.068973199999959], [103.35619950000012, -4.069719199999895], [103.35647670000014, -4.07037239999994], [103.35694010000009, -4.070746299999939], [103.35712480000012, -4.0712127999998415], [103.35703070000017, -4.07186519999982], [103.3569369, -4.072331199999894], [103.35721520000016, -4.072424999999953], [103.35721320000016, -4.0734504999999785], [103.35767600000008, -4.074103999999977], [103.35823310000018, -4.074105199999963], [103.35832400000004, -4.075037599999916], [103.35888010000002, -4.075504899999942], [103.35813530000007, -4.076528899999971], [103.35757730000006, -4.076993899999877], [103.35711140000006, -4.077831999999944], [103.35646100000008, -4.078110399999957], [103.35543760000013, -4.079133799999909], [103.3550649, -4.079785599999923], [103.35469260000013, -4.080250999999976], [103.35450580000014, -4.080809999999872], [103.3547835, -4.081183499999952], [103.35431760000017, -4.082021599999962], [103.35347960000013, -4.0832317999999646], [103.35245660000004, -4.0840687999999545], [103.3518989000001, -4.08434729999982], [103.35134110000013, -4.084719099999916], [103.35078310000011, -4.085184099999935], [103.35041170000011, -4.085183299999869], [103.35022490000011, -4.085742299999936], [103.34975920000016, -4.0864870999999425], [103.34975820000005, -4.086953299999948], [103.34975670000011, -4.087699099999952], [103.34957990000004, -4.0878168999998366], [103.34892000000019, -4.088256699999874], [103.34817680000015, -4.088441699999919], [103.34808320000019, -4.088814399999933], [103.34836080000008, -4.089281099999937], [103.3488237000002, -4.089934699999901], [103.34919330000002, -4.090774499999952], [103.34974890000018, -4.09152139999992], [103.34919070000018, -4.0920796999999425], [103.34844770000018, -4.09217139999987], [103.34770420000012, -4.092542699999967], [103.34714510000003, -4.093567099999973], [103.34714370000012, -4.094219699999883], [103.34807060000003, -4.094967399999916], [103.34862670000007, -4.095434699999885], [103.34788400000008, -4.095433199999945], [103.3472341000001, -4.095431799999972], [103.3472329, -4.095991199999901], [103.34778879999999, -4.096551699999907], [103.34806720000012, -4.0966454999999655], [103.34797320000018, -4.097204699999963], [103.34741500000018, -4.097762899999964], [103.34667300000007, -4.0973884999999655], [103.34667170000012, -4.098041099999875], [103.34667090000005, -4.098413999999934], [103.3469494000002, -4.098414499999876], [103.34667010000015, -4.098786899999936], [103.34657590000018, -4.099439299999915], [103.34657460000011, -4.1000918999999385], [103.34703770000004, -4.1006521999998995], [103.34657290000013, -4.10093089999998], [103.34655050000003, -4.10093089999998], [103.3459230000002, -4.100929599999972], [103.34490380000005, -4.099901999999929], [103.3443475000002, -4.0995278999998845], [103.34379100000018, -4.099246999999934], [103.34276990000006, -4.099151699999936], [103.34202770000013, -4.098870499999919], [103.34147240000016, -4.098030299999948], [103.34100890000019, -4.0976563999999485], [103.34045170000007, -4.097748499999909], [103.33952420000008, -4.097280399999931], [103.33878280000005, -4.0966262999999685], [103.33850540000014, -4.0960662999999045], [103.33878530000004, -4.095414299999959], [103.3385079000002, -4.094854399999917], [103.33850930000011, -4.094201799999837], [103.3384178, -4.093548999999825], [103.33823230000013, -4.093455399999868], [103.33739840000004, -4.0926145999999335], [103.33740020000005, -4.091775499999812], [103.33740189999997, -4.090936499999941], [103.33740380000017, -4.090004199999953], [103.33749800000015, -4.0893517999999744], [103.33805640000014, -4.0887003999999365], [103.33805810000013, -4.087861399999952], [103.33870880000012, -4.0874897999999575], [103.33935980000018, -4.086931799999945], [103.3393612000001, -4.086279199999979], [103.33954880000016, -4.085347299999967], [103.33982830000019, -4.084881699999869], [103.3398294000001, -4.084322399999962], [103.34010930000017, -4.08367039999996], [103.34066730000018, -4.08320539999994], [103.34085550000009, -4.081993799999964], [103.34141420000014, -4.081155899999885], [103.34215740000019, -4.080970999999977], [103.3429918000001, -4.081532099999947], [103.34345680000007, -4.081160099999977], [103.34373620000008, -4.080694599999902], [103.34373820000008, -4.07976229999997], [103.34383250000002, -4.079016699999897], [103.34429790000019, -4.078458299999966], [103.34476290000009, -4.0780862999999385], [103.34522820000007, -4.077527899999836], [103.34569300000015, -4.077249199999869], [103.3456943000001, -4.076596599999959], [103.34615970000004, -4.076038199999857], [103.3467184000001, -4.075200299999892], [103.34634900000009, -4.074267199999952], [103.34690700000004, -4.073802199999932], [103.34737350000012, -4.072684499999923], [103.3473746000002, -4.072125099999937], [103.34691190000012, -4.071378299999935], [103.34700670000012, -4.070446199999935], [103.34617150000014, -4.070257999999967], [103.34561500000007, -4.069977199999926], [103.3455229000001, -4.069604099999935], [103.34552430000002, -4.068951499999969], [103.34524650000014, -4.068577999999945], [103.34534090000017, -4.067832399999929], [103.34524990000006, -4.066899899999953], [103.34506540000007, -4.0663401999999], [103.34497390000018, -4.065687399999888], [103.34432550000014, -4.064940199999967], [103.3450701000001, -4.064009499999884], [103.34488480000005, -4.063822699999889], [103.3452564000001, -4.063730199999952], [103.34572129999998, -4.063358199999925], [103.34609350000005, -4.062986099999932], [103.34609560000007, -4.061960599999907], [103.34581800000018, -4.0614938999999595], [103.34517020000004, -4.06046699999996], [103.3447060000002, -4.060466099999871], [103.34470450000009, -4.061211899999876], [103.34414759999999, -4.061117499999966], [103.34349850000012, -4.060743299999899], [103.34331440000017, -4.0599970999999755], [103.34266620000017, -4.059156699999903], [103.34220310000006, -4.0585963999998285], [103.34146190000018, -4.057848999999976], [103.34118250000017, -4.05831459999996], [103.34044050000006, -4.057940199999962], [103.33923470000013, -4.057378299999925], [103.33939930000008, -4.057180899999935], [103.33970010000007, -4.056819899999937], [103.33933040000005, -4.055980099999886], [103.33979520000014, -4.0557013999999185], [103.34026000000006, -4.055422599999929], [103.3409102, -4.055237499999976], [103.34128230000005, -4.054865399999926], [103.34193320000008, -4.054400599999951], [103.34184110000012, -4.054027499999961], [103.34184200000004, -4.053561299999956], [103.34212230000014, -4.052722799999856], [103.34203020000012, -4.052349699999979], [103.34209090000019, -4.051988399999914], [103.34212420000011, -4.05179059999989], [103.34240340000008, -4.05141819999983], [103.3431473, -4.050860399999863], [103.34388999999999, -4.050861899999973], [103.34426210000004, -4.050489799999923], [103.3443561000002, -4.049930599999925], [103.3446363000001, -4.049092099999939], [103.34426700000012, -4.048065799999904], [103.34426840000003, -4.047413299999903], [103.34430120000007, -4.047105699999975], [103.34436190000014, -4.047080499999936], [103.3449733000001, -4.046826099999919], [103.34538100000009, -4.046127499999955], [103.3456384000001, -4.045955999999876], [103.34590410000004, -4.045778899999959], [103.34636900000015, -4.045488399999897], [103.34689060000011, -4.045839199999875], [103.34723930000018, -4.045606799999916], [103.34752930000019, -4.04572399999995], [103.34776040000014, -4.046248999999875], [103.34810920000007, -4.0459582999998815], [103.34845790000014, -4.0457257999999], [103.34892200000013, -4.045843399999967], [103.34909570000013, -4.046018599999968], [103.34909370000014, -4.047009399999979], [103.34897650000005, -4.047591999999952], [103.34885960000014, -4.047999699999934], [103.3489031000002, -4.048176299999909], [103.34908980000017, -4.048932699999966], [103.34902950000014, -4.050039899999831], [103.34902850000009, -4.0505644999998935], [103.34949140000003, -4.051264799999899], [103.34949000000006, -4.051964199999873], [103.34966290000017, -4.05254739999998], [103.34995120000002, -4.053480499999921], [103.34994970000008, -4.054238199999929], [103.35035320000009, -4.055579499999965], [103.35052500000012, -4.056745499999977], [103.35093030000007, -4.0572125999999], [103.35092910000014, -4.057795399999975], [103.35092780000019, -4.058436499999914], [103.35086870000009, -4.0589608999998745], [103.3509257, -4.0594855999999595], [103.35098290000013, -4.059893699999975], [103.35150560000005, -4.059719899999948], [103.3520281000001, -4.059662699999933], [103.3525514000001, -4.059197499999925], [103.35295800000011, -4.05902349999991], [103.35330600000015, -4.059140799999909], [103.35353770000012, -4.059374399999967], [103.35318870000003, -4.0597815999998375], [103.3527812000001, -4.06036359999996], [103.3528384, -4.060771699999975], [103.35347580000018, -4.061297599999932], [103.35382370000019, -4.061473099999887], [103.35417190000004, -4.061473799999874], [103.35475180000003, -4.0617081999998845], [103.35510010000007, -4.061708899999871], [103.35556489999999, -4.061476699999957], [103.35591370000009, -4.061185999999964], [103.3562048, -4.060720299999957], [103.35591540000007, -4.060369999999921], [103.35556830000013, -4.059786499999973], [103.35568460000013, -4.059670199999857], [103.3561489, -4.059671099999946], [103.35649720000004, -4.059671799999876], [103.35678850000016, -4.059089599999936], [103.35731100000004, -4.059032399999921], [103.35748550000011, -4.058857899999964], [103.35789180000017, -4.05885869999986], [103.35847190000004, -4.058976499999915], [103.35887790000004, -4.059152099999892], [103.35934170000002, -4.059386199999892], [103.35980590000008, -4.059445399999902], [103.36021210000013, -4.059504499999889], [103.36073370000008, -4.059855299999981], [103.36067510000004, -4.060146599999939], [103.36055820000013, -4.060554299999978], [103.3604997000001, -4.060787399999924], [103.36061500000005, -4.061195599999962], [103.36090470000005, -4.061429299999929], [103.36113570000015, -4.062012599999946], [103.36078680000008, -4.0623032999999396], [103.36020600000012, -4.062535199999957], [103.35991530000007, -4.062767799999904], [103.35950850000017, -4.063000099999954], [103.3591598000001, -4.06323249999997], [103.35904300000004, -4.06358199999994], [103.35904230000011, -4.063931699999955], [103.35875010000012, -4.064223999999967]]]}}, {"type": "Feature", "properties": {"iddesa": "1673020002", "nama": "Muara Siban", "kec": "Dempo Utara", "idkab": "ID1673"}, "geometry": {"type": "Polygon", "coordinates": [[[103.23007270000005, -4.052939899999956], [103.23004670000006, -4.05317029999992], [103.23004480000009, -4.054059899999913], [103.2296821000001, -4.05418039999995], [103.22948020000007, -4.054422499999873], [103.2296004000001, -4.054705899999874], [103.22980100000018, -4.055070199999932], [103.23016310000008, -4.055192299999817], [103.23076760000004, -4.054991499999971], [103.23104940000007, -4.055032499999925], [103.23100860000005, -4.055275099999903], [103.23056540000016, -4.055354999999963], [103.23040440000017, -4.05535459999993], [103.2306053000001, -4.055557199999896], [103.23052220000017, -4.056729699999835], [103.23048080000007, -4.057255299999952], [103.23076160000005, -4.05774109999993], [103.23096260000017, -4.057903299999964], [103.2311231000001, -4.058146299999976], [103.23083990000015, -4.058752199999844], [103.23100060000013, -4.058954799999981], [103.2313624000002, -4.059198199999969], [103.2315632000001, -4.059481699999878], [103.23148190000012, -4.059804999999926], [103.23124020000006, -4.059844899999916], [103.23123930000014, -4.060289699999942], [103.23123850000007, -4.0606535999999664], [103.2313185000001, -4.060896399999876], [103.2311971000002, -4.061179199999913], [103.23115610000019, -4.061502599999926], [103.23131630000012, -4.061907299999859], [103.23204130000005, -4.0618279999999345], [103.23236310000004, -4.061949999999911], [103.23252320000017, -4.062435599999958], [103.23252240000011, -4.062799499999869], [103.2329648000001, -4.063043099999959], [103.2330456000002, -4.062921999999958], [103.2337293000001, -4.0633278999998765], [103.23445380000004, -4.063450799999941], [103.23505850000015, -4.063168999999959], [103.23566260000018, -4.063129899999922], [103.23638810000017, -4.062807999999961], [103.23671100000007, -4.062444799999923], [103.23691300000007, -4.062162199999875], [103.23739530000006, -4.062567599999966], [103.23767720000006, -4.06256819999993], [103.23787900000008, -4.062366499999939], [103.23796010000007, -4.062123999999926], [103.23888640000013, -4.062045199999886], [103.23932990000003, -4.061803499999883], [103.23993430000013, -4.06160269999998], [103.24013650000018, -4.061198799999943], [103.24082110000018, -4.061200299999882], [103.24150710000009, -4.060514299999966], [103.2419905000001, -4.06047499999994], [103.24231340000017, -4.060111699999879], [103.2434687, -4.0598313999999505], [103.24346460000004, -4.059846599999958], [103.24338810000012, -4.06012579999998], [103.24353490000016, -4.06067129999991], [103.24447010000011, -4.061862799999972], [103.24520820000004, -4.062855599999978], [103.24555200000009, -4.063649299999952], [103.24531520000005, -4.064092899999935], [103.2449357000001, -4.064187199999935], [103.24472150000014, -4.064572299999895], [103.2445924000001, -4.065086099999974], [103.24450700000011, -4.065128799999968], [103.24484620000015, -4.066114899999832], [103.24488780000019, -4.066586199999904], [103.24471640000007, -4.066928599999926], [103.24420320000002, -4.067527199999972], [103.24373310000004, -4.067911699999911], [103.24330540000017, -4.0683820999998375], [103.24313390000003, -4.068810099999894], [103.24270700000005, -4.068894799999896], [103.24219490000013, -4.068979399999876], [103.24087070000019, -4.069747599999914], [103.24061280000018, -4.070646699999884], [103.2403985000002, -4.071074599999861], [103.24001350000015, -4.071544999999958], [103.23967160000007, -4.07184419999993], [103.23967050000016, -4.072358299999848], [103.23958450000015, -4.072657899999967], [103.23932780000007, -4.073000099999945], [103.23907070000013, -4.073513599999956], [103.23898420000006, -4.074027499999943], [103.23881280000006, -4.074369899999908], [103.23783010000011, -4.075053199999957], [103.2374453000001, -4.07543789999994], [103.23735940000006, -4.075694699999929], [103.2373586, -4.076080299999944], [103.23701680000016, -4.076293699999951], [103.23693080000015, -4.076593399999979], [103.23688780000015, -4.076764699999842], [103.23650370000018, -4.07680669999985], [103.23620470000009, -4.076977399999919], [103.23594830000002, -4.077190999999914], [103.23599540000004, -4.077333999999951], [103.23582890000012, -4.077258399999835], [103.23478270000004, -4.077094399999851], [103.23437970000009, -4.077335999999946], [103.23373480000004, -4.077738799999963], [103.23301060000017, -4.077575499999966], [103.23268840000014, -4.0776555999999005], [103.23172320000003, -4.077249299999949], [103.23075720000003, -4.077247199999874], [103.23043500000006, -4.077327299999922], [103.22987130000013, -4.077406899999971], [103.22922780000016, -4.077162999999928], [103.22858270000006, -4.07764659999998], [103.22793890000008, -4.077564299999892], [103.22777560000009, -4.078614899999877], [103.22713030000017, -4.079179299999964], [103.22624389999999, -4.079581499999847], [103.22551920000006, -4.079660799999942], [103.22551940000011, -4.079579899999885], [103.22471350000001, -4.07998229999987], [103.22422970000014, -4.080304599999977], [103.22358680000008, -4.079818199999977], [103.22294199999999, -4.0801400999998805], [103.22253900000004, -4.080381699999975], [103.22205700000012, -4.0798955999998725], [103.22149350000007, -4.079894399999887], [103.22076950000019, -4.079650199999946], [103.21988510000006, -4.0791631999998685], [103.21932229999999, -4.078838599999926], [103.21843820000004, -4.078189999999893], [103.21779470000007, -4.0779459999998835], [103.21682790000006, -4.078267199999971], [103.21650630000005, -4.078104899999971], [103.21570120000007, -4.0781030999999075], [103.2145735000002, -4.078423899999962], [103.21433060000015, -4.079070099999967], [103.21392750000001, -4.0793116999998915], [103.21365980000007, -4.079408799999953], [103.2136920000001, -4.079248899999925], [103.21381620000005, -4.079050399999971], [103.21369280000016, -4.078876099999832], [103.21354500000018, -4.078577599999903], [103.21366890000013, -4.078503299999966], [103.21366940000019, -4.07827959999986], [103.21364510000012, -4.07808069999993], [103.21339790000007, -4.077931099999887], [103.21310120000004, -4.077781299999913], [103.21273070000012, -4.0774573999999575], [103.2124343000001, -4.077183299999945], [103.21253370000017, -4.076984699999912], [103.21245980000009, -4.076835499999902], [103.21218720000013, -4.076983999999868], [103.21211250000016, -4.077207499999872], [103.21206220000005, -4.077580199999886], [103.21186450000005, -4.077430599999957], [103.21179100000018, -4.077082499999847], [103.21141910000017, -4.077404799999954], [103.2110721000002, -4.077602799999909], [103.21092390000001, -4.077503099999831], [103.2107999000001, -4.077602199999944], [103.21062730000017, -4.0773035999999365], [103.21008270000004, -4.077376899999933], [103.2100821000002, -4.077625399999931], [103.20983340000004, -4.078171599999962], [103.20938710000007, -4.078543399999944], [103.20899100000014, -4.07856739999994], [103.2085459000001, -4.078392399999871], [103.20827370000012, -4.078366999999901], [103.2079761, -4.0786644999998884], [103.20785220000005, -4.07873879999994], [103.20760430000018, -4.078887399999871], [103.20733260000009, -4.078663099999972], [103.20698580000015, -4.078811399999893], [103.20683680000008, -4.0790347999998176], [103.2064893000001, -4.079456499999878], [103.20636580000019, -4.079381699999942], [103.20616740000014, -4.079555199999959], [103.20582020000018, -4.079852599999981], [103.20542440000008, -4.079777199999967], [103.2049787000002, -4.079875599999923], [103.20475630000004, -4.07972599999988], [103.20431120000018, -4.079526199999975], [103.20431290000016, -4.078755799999897], [103.20394240000007, -4.078431899999941], [103.20364620000004, -4.078083299999946], [103.20312710000007, -4.077783899999872], [103.20327600000013, -4.077585399999975], [103.2020154000001, -4.076886699999875], [103.20169410000017, -4.076687099999901], [103.20159480000012, -4.076811199999952], [103.20216330000011, -4.077160399999968], [103.20201360000016, -4.0777067999998735], [103.20179130000008, -4.0774825999998825], [103.20137050000005, -4.077506499999913], [103.20100050000019, -4.076934099999903], [103.20065490000019, -4.076535699999965], [103.20038300000004, -4.076410799999962], [103.20023390000017, -4.07665899999995], [103.20003550000007, -4.076857399999938], [103.19971370000013, -4.0768814999998995], [103.19986320000004, -4.076409699999942], [103.19929430000002, -4.076259299999947], [103.19874990000011, -4.076233199999933], [103.19847850000002, -4.075859799999932], [103.19818179999999, -4.075709999999958], [103.19776090000016, -4.075808499999937], [103.19746480000003, -4.075385299999937], [103.19696980000009, -4.075409099999945], [103.19667240000018, -4.075557499999945], [103.19637460000007, -4.075929599999938], [103.19568260000017, -4.075505599999929], [103.19553360000009, -4.075728899999945], [103.19521210000016, -4.07562879999989], [103.19518770000008, -4.075454799999818], [103.19533720000004, -4.075007799999867], [103.19513980000005, -4.07475879999987], [103.19491740000012, -4.074584299999913], [103.19506650000017, -4.074336099999869], [103.19479450000006, -4.074186399999917], [103.1947705, -4.073863299999914], [103.19459810000012, -4.073490099999958], [103.19451130000004, -4.073402599999838], [103.19462070000009, -4.073124899999925], [103.1942433000001, -4.073060799999951], [103.19413640000016, -4.073042699999974], [103.19256730000018, -4.067994699999929], [103.19729180000007, -4.0620192999999745], [103.19998670000012, -4.0607700999999], [103.20004980000004, -4.060151099999928], [103.20023360000016, -4.060059299999978], [103.20095680000009, -4.060788699999932], [103.20156090000017, -4.060749599999895], [103.20244780000019, -4.060306799999864], [103.20289120000012, -4.060105599999929], [103.20333400000015, -4.060146999999972], [103.20389610000012, -4.060916599999871], [103.2042170000002, -4.061483399999872], [103.20397370000018, -4.06221069999998], [103.20486020000016, -4.061970099999883], [103.20522270000009, -4.061930399999881], [103.20614680000017, -4.0628220999999485], [103.20642970000017, -4.062377899999888], [103.20667170000007, -4.062216699999965], [103.20747760000017, -4.061935499999947], [103.20775940000004, -4.061976499999901], [103.20812120000011, -4.062260399999957], [103.2091288000002, -4.061858299999869], [103.21009580000009, -4.061577399999919], [103.21118460000008, -4.060851899999932], [103.21166940000006, -4.060165599999891], [103.2116709, -4.059478199999944], [103.21171230000004, -4.058952599999884], [103.21183360000015, -4.058710299999916], [103.2123192000002, -4.057619599999896], [103.21320650000007, -4.056974599999933], [103.21437270000013, -4.057704999999885], [103.21521800000005, -4.05782819999996], [103.21558090000008, -4.05762679999998], [103.21578200000016, -4.057748599999911], [103.21723130000004, -4.057873099999938], [103.21828030000012, -4.056945399999904], [103.21936580000005, -4.0577564999998685], [103.21984920000006, -4.057676699999945], [103.22017230000017, -4.057232599999963], [103.21969070000011, -4.056463199999882], [103.22013460000005, -4.056059899999923], [103.22086010000004, -4.055737999999849], [103.22162470000006, -4.055941799999914], [103.22174500000011, -4.05618469999996], [103.22186370000014, -4.057155499999965], [103.2223066000002, -4.05715639999994], [103.2223473000002, -4.056954299999916], [103.22295210000016, -4.056591699999956], [103.22331390000005, -4.056875599999898], [103.22391830000015, -4.056715199999871], [103.22420140000014, -4.056149699999878], [103.22420250000005, -4.055664499999978], [103.22388150000012, -4.055138099999965], [103.22392200000007, -4.055016899999941], [103.2239224000001, -4.054855099999884], [103.2243256000001, -4.05461339999988], [103.22440570000015, -4.054815799999915], [103.22593780000005, -4.0538890999998785], [103.22766880000012, -4.054135499999859], [103.22851420000006, -4.054258699999934], [103.2287161000001, -4.053976099999886], [103.22887910000009, -4.05308679999996], [103.22968540000016, -4.052684199999931], [103.23020080000003, -4.052500699999939], [103.23024950000013, -4.052483299999949], [103.23041040000015, -4.052564499999903], [103.23008780000009, -4.052806399999952], [103.23007270000005, -4.052939899999956]]]}}, {"type": "Feature", "properties": {"iddesa": "1673030007", "nama": "Nendagung", "kec": "Pagar Alam Selatan", "idkab": "ID1673"}, "geometry": {"type": "Polygon", "coordinates": [[[103.2375198000002, -4.022606499999881], [103.23757040000015, -4.023798899999974], [103.23821440000012, -4.023692499999868], [103.23823360000011, -4.024726899999905], [103.24057310000006, -4.024473399999977], [103.24076160000004, -4.026650199999892], [103.24095440000019, -4.026801499999976], [103.24106100000012, -4.02710339999993], [103.24125220000013, -4.02798729999995], [103.24172340000001, -4.028419299999882], [103.24215120000008, -4.029045199999928], [103.24219660000011, -4.029453099999898], [103.24227070000018, -4.030118699999889], [103.24227630000013, -4.030169599999965], [103.24227670000016, -4.030172999999877], [103.24227840000015, -4.030188399999815], [103.2422802000001, -4.030203999999969], [103.24234070000011, -4.0307478999999375], [103.24234799999999, -4.031002499999943], [103.24244680000004, -4.034431599999891], [103.23637500000018, -4.03523789999997], [103.23604660000018, -4.033738699999958], [103.23571030000005, -4.033399499999916], [103.2355853000002, -4.032722299999932], [103.23516420000016, -4.0326367999999775], [103.23436380000004, -4.032592699999952], [103.23385780000007, -4.032803199999876], [103.23339480000016, -4.032590599999878], [103.2329734000001, -4.032631999999921], [103.23259380000013, -4.032800399999928], [103.23238250000003, -4.033096099999966], [103.23170710000011, -4.033686999999929], [103.23107510000006, -4.033685599999899], [103.23000410000009, -4.033862499999941], [103.22955780000012, -4.0339360999999485], [103.23006210000011, -4.034529599999928], [103.23001880000004, -4.035079499999938], [103.22938650000015, -4.035247399999889], [103.22883720000016, -4.035965399999952], [103.22765720000007, -4.0360897999999565], [103.22601390000017, -4.036170799999979], [103.22487570000015, -4.0364644999999655], [103.22470600000014, -4.037014099999965], [103.22428440000004, -4.037140099999817], [103.22323080000012, -4.03726469999998], [103.22276660000006, -4.037602199999924], [103.22297690000005, -4.037771899999939], [103.22297620000018, -4.03811039999988], [103.22259680000002, -4.038194199999907], [103.22221820000016, -4.0379394999998794], [103.22179660000012, -4.038065499999902], [103.22137430000015, -4.0384875999999394], [103.22107810000017, -4.039079299999969], [103.21985510000002, -4.039626599999849], [103.21977320000019, -4.039691699999821], [103.21957810000004, -4.03931979999993], [103.21955380000014, -4.038888799999825], [103.21912630000014, -4.038203599999974], [103.21897650000017, -4.037442899999917], [103.2189769000002, -4.037241099999903], [103.21897750000005, -4.036986699999829], [103.21910470000012, -4.036530799999923], [103.21925700000008, -4.0361255999998775], [103.21923380000015, -4.0351623999998765], [103.21936180000006, -4.034351699999945], [103.21969150000018, -4.033642699999973], [103.22032360000009, -4.033111899999938], [103.22067720000018, -4.032960599999967], [103.22067770000007, -4.032757799999956], [103.22067860000016, -4.032326999999839], [103.22090710000003, -4.031719199999884], [103.22113639999998, -4.030731199999877], [103.22154160000014, -4.030073099999868], [103.22177140000014, -4.028857099999868], [103.22162020000007, -4.02878069999997], [103.22162070000013, -4.028552599999898], [103.22086350000018, -4.028550999999936], [103.2207122000001, -4.028499899999929], [103.22033430000005, -4.028169599999956], [103.21990590000013, -4.027889899999877], [103.2194771, -4.02776219999987], [103.21924970000003, -4.027863099999877], [103.21892200000008, -4.027710299999967], [103.21897320000005, -4.0273555999999076], [103.21887260000011, -4.027177999999935], [103.21859610000013, -4.026670499999966], [103.21852050000012, -4.026644899999894], [103.21836990000008, -4.026239099999884], [103.21801720000019, -4.025959499999942], [103.21756190000019, -4.0264400999998315], [103.2170318000002, -4.026464299999873], [103.21672860000018, -4.026615699999979], [103.21700570000019, -4.026844399999959], [103.21733390000014, -4.026819799999885], [103.21750980000013, -4.027174999999886], [103.21710550000006, -4.027376799999956], [103.21662630000003, -4.027223699999922], [103.21617190000012, -4.027298799999926], [103.21594510000017, -4.027120799999921], [103.21546590000014, -4.026967699999943], [103.21483500000016, -4.026940999999965], [103.21445700000015, -4.026686699999971], [103.21397780000012, -4.0265335999999365], [103.21347300000008, -4.026532499999917], [103.21309409999998, -4.026683699999978], [103.21274060000007, -4.026784299999974], [103.21238710000011, -4.026859599999966], [103.21188290000015, -4.026604999999961], [103.21200950000014, -4.026402499999904], [103.21218700000009, -4.026022799999964], [103.21249040000015, -4.025769999999966], [103.21276890000007, -4.025365099999874], [103.21297070000008, -4.025416199999938], [103.2132231, -4.0254167999999595], [103.2157005000002, -4.023571999999945], [103.21585150000004, -4.023749799999905], [103.21600290000015, -4.023750099999916], [103.21625530000006, -4.023775999999941], [103.21655820000012, -4.023751299999958], [103.21676040000011, -4.02359969999992], [103.21706320000015, -4.023625699999911], [103.21731550000004, -4.023676899999884], [103.21764320000017, -4.023829699999851], [103.21787010000008, -4.023982299999943], [103.21812190000014, -4.024236299999927], [103.21839970000008, -4.024135499999943], [103.21845000000013, -4.024236999999971], [103.21856490000005, -4.024228999999934], [103.21855720000013, -4.02429479999995], [103.21863030000014, -4.024340199999813], [103.21890550000018, -4.024319499999876], [103.21926520000005, -4.024362799999892], [103.21954030000012, -4.02436339999997], [103.21987880000006, -4.024385399999915], [103.22006950000019, -4.024300799999935], [103.22062040000014, -4.024004499999933], [103.22102200000012, -4.024239099999875], [103.22150820000002, -4.024495199999933], [103.22171900000006, -4.02485699999994], [103.22220580000004, -4.0248792999998955], [103.22248110000004, -4.024773699999969], [103.22279860000003, -4.02473179999987], [103.22320070000012, -4.024775199999908], [103.22356010000016, -4.024924799999951], [103.22389830000009, -4.0251380999999355], [103.22400420000014, -4.025095799999974], [103.22419470000011, -4.025074899999936], [103.22472330000011, -4.025309899999911], [103.22516780000012, -4.025289599999951], [103.22546410000012, -4.025247699999852], [103.22603620000007, -4.024951499999929], [103.22626860000008, -4.025143199999889], [103.22635340000016, -4.025079699999878], [103.22669210000015, -4.025016599999901], [103.22707320000006, -4.024953699999969], [103.22722130000005, -4.024996499999929], [103.22735610000018, -4.025155199999915], [103.22740280000016, -4.025160499999913], [103.22809630000017, -4.024892699999953], [103.22823210000018, -4.024107399999934], [103.22901580000018, -4.023480599999914], [103.2300678000002, -4.02280949999988], [103.23044710000016, -4.023079699999869], [103.23055870000013, -4.023169699999869], [103.23062610000005, -4.023035199999924], [103.2308268000001, -4.023215199999811], [103.23120660000012, -4.023328299999946], [103.23192180000012, -4.023329799999942], [103.23232420000005, -4.023285799999883], [103.23257030000013, -4.023196499999926], [103.23283850000013, -4.023197099999891], [103.23295030000014, -4.023197399999958], [103.2332416000001, -4.022861299999931], [103.23364400000014, -4.022794899999951], [103.23411370000014, -4.022661199999959], [103.23422560000012, -4.022571699999958], [103.23456080000017, -4.022617299999979], [103.23503030000012, -4.022573399999885], [103.23543230000013, -4.02270899999985], [103.23567880000013, -4.022440099999869], [103.23617020000012, -4.022598299999913], [103.23623740000016, -4.022531099999981], [103.23637120000001, -4.022666099999924], [103.23648340000005, -4.022464299999854], [103.23670260000011, -4.022411699999964], [103.23670620000001, -4.022454399999901], [103.23678790000002, -4.022421799999961], [103.23696620000004, -4.0224772999999345], [103.2372814000002, -4.022574399999883], [103.2374231, -4.022592499999973], [103.23750080000008, -4.022602399999926], [103.2375198000002, -4.022606499999881]]]}}, {"type": "Feature", "properties": {"iddesa": "1673011004", "nama": "Padang Temu", "kec": "Dempo Tengah", "idkab": "ID1673"}, "geometry": {"type": "Polygon", "coordinates": [[[103.28869200000008, -4.057513699999959], [103.28830920000001, -4.057311299999981], [103.28836550000005, -4.058307599999978], [103.28772210000011, -4.0590093999999795], [103.28672940000007, -4.059358799999927], [103.2860922000001, -4.059406699999897], [103.28562099999999, -4.059239299999888], [103.2848039000001, -4.059296099999813], [103.28451089999999, -4.059881499999847], [103.28381070000017, -4.059879999999964], [103.28328490000018, -4.060171799999978], [103.2822321000001, -4.061341499999855], [103.2812969000002, -4.0621011999999155], [103.28001140000003, -4.062918799999977], [103.2791354000002, -4.063268499999936], [103.27866620000009, -4.064380799999981], [103.27843200000012, -4.064790499999958], [103.27930600000013, -4.065378299999907], [103.27906910000007, -4.067018499999904], [103.2792414000001, -4.068307999999945], [103.2798201, -4.070594399999834], [103.28016630000008, -4.072411599999896], [103.27946250000008, -4.074109399999941], [103.27858370000001, -4.075748099999942], [103.2791059000001, -4.077155599999855], [103.27916280000017, -4.0778587999999445], [103.2784617000001, -4.078267499999924], [103.2785107000002, -4.078320799999972], [103.2766716000001, -4.079699699999935], [103.2759718000001, -4.080165999999963], [103.2756229000002, -4.0799312999999415], [103.27515700000004, -4.079988799999967], [103.2710767000001, -4.0819680999998695], [103.26542530000006, -4.083417599999962], [103.26408100000003, -4.085753499999896], [103.26262350000019, -4.08656899999994], [103.25906800000018, -4.088198399999953], [103.25720060000003, -4.090065399999958], [103.2562673000001, -4.090823499999885], [103.25527630000016, -4.091347599999949], [103.25475180000012, -4.091521899999975], [103.25468280000007, -4.09165969999998], [103.25460350000009, -4.091626299999973], [103.2545615000002, -4.091326299999935], [103.2543063, -4.09098309999996], [103.25396520000004, -4.090853799999934], [103.25358240000014, -4.090338899999949], [103.2529866000001, -4.089652099999967], [103.25251860000009, -4.089051299999937], [103.2521788000002, -4.088322299999902], [103.25175350000018, -4.087721599999952], [103.25149870000007, -4.087164099999825], [103.25149960000016, -4.08677849999998], [103.2515430000002, -4.0864358999999695], [103.25154390000006, -4.086007499999937], [103.25128870000009, -4.085664199999883], [103.25086320000008, -4.0851063999999155], [103.25022460000014, -4.08450519999991], [103.24971380000017, -4.083947199999841], [103.2497148000001, -4.083475899999939], [103.2500148000002, -4.0828767999998945], [103.25031450000012, -4.08240619999998], [103.25023040000013, -4.081806299999869], [103.25014620000007, -4.081291999999962], [103.2500618000002, -4.0808633999999415], [103.24950830000006, -4.080348099999924], [103.24916790000015, -4.079918999999961], [103.2491689000002, -4.079490599999872], [103.24916960000007, -4.07914779999993], [103.24899980000009, -4.078761899999961], [103.24853200000007, -4.078075399999932], [103.24827660000011, -4.077774999999917], [103.24780810000004, -4.077431199999921], [103.24729650000018, -4.077258799999868], [103.24708350000014, -4.077129799999852], [103.2470840000002, -4.076872699999967], [103.24682860000019, -4.0766150999999695], [103.24670050000009, -4.0766576999999415], [103.2465302, -4.076485899999966], [103.2466163000002, -4.076143399999921], [103.24627650000019, -4.075457199999903], [103.24619200000012, -4.075071499999979], [103.24614950000012, -4.0749856999999], [103.24623580000019, -4.074557499999912], [103.24636430000015, -4.074300699999981], [103.2462369000001, -4.074043399999937], [103.24632300000013, -4.073700899999892], [103.24632350000013, -4.07344379999995], [103.24628180000008, -4.073015299999952], [103.24619700000017, -4.072758099999874], [103.24632560000015, -4.072501299999942], [103.2463262, -4.072201499999949], [103.24624130000012, -4.071987099999944], [103.24598630000014, -4.071558099999891], [103.24598689999999, -4.071301099999971], [103.24628600000005, -4.071087499999862], [103.24624380000012, -4.07087319999988], [103.24632990000015, -4.070487799999967], [103.24667210000001, -4.0701029999999605], [103.24658760000017, -4.069717299999979], [103.24667380000017, -4.069289099999935], [103.24667460000006, -4.06894629999988], [103.24637680000012, -4.0685172999999395], [103.24620740000012, -4.067959999999971], [103.24616660000015, -4.067103099999883], [103.24565650000005, -4.066245199999969], [103.24557220000014, -4.065773699999909], [103.24510390000012, -4.065301499999919], [103.24493430000012, -4.064829799999927], [103.2451056000001, -4.064530299999888], [103.24531890000014, -4.064530799999943], [103.24544790000016, -4.064059799999882], [103.24531520000005, -4.064092899999935], [103.24555200000009, -4.063649299999952], [103.24520820000004, -4.062855599999978], [103.24447010000011, -4.061862799999972], [103.24353490000016, -4.06067129999991], [103.24338810000012, -4.06012579999998], [103.24346460000004, -4.059846599999958], [103.2434687, -4.0598313999999505], [103.24353730000018, -4.059580999999923], [103.2437842, -4.0595319999998765], [103.24413040000007, -4.059185799999909], [103.24452500000018, -4.059285799999941], [103.24472270000001, -4.059137599999929], [103.24496980000004, -4.058989399999916], [103.24526610000004, -4.058890899999938], [103.2455629000001, -4.058594199999902], [103.24566200000015, -4.058396199999947], [103.24585950000011, -4.0583965999999805], [103.2463034000001, -4.058496699999921], [103.24674790000012, -4.058348999999964], [103.24699540000012, -4.058002599999895], [103.2470464000001, -4.057259399999964], [103.24744080000005, -4.057458499999825], [103.24862400000006, -4.058055699999954], [103.2491666000002, -4.058155999999883], [103.24990700000018, -4.058108099999913], [103.25025300000004, -4.057860999999889], [103.2506982000001, -4.057415999999932], [103.25089660000015, -4.0569207999999435], [103.25114330000014, -4.056970899999897], [103.25163680000014, -4.056971999999973], [103.25178430000005, -4.057269599999927], [103.25208190000018, -4.056576499999949], [103.25247770000004, -4.056081699999936], [103.25307070000008, -4.055736099999933], [103.25376120000004, -4.055935799999872], [103.25514280000016, -4.056087499999876], [103.25588199999999, -4.056584699999917], [103.2564240000001, -4.05703189999997], [103.25745950000015, -4.057430599999918], [103.25824830000005, -4.057828799999925], [103.2582981000001, -4.057630699999947], [103.25889130000013, -4.057185899999922], [103.25973090000014, -4.056890399999872], [103.26057050000014, -4.056644399999868], [103.26150830000012, -4.056596799999852], [103.26185400000014, -4.056498499999975], [103.26229910000018, -4.056053399999939], [103.26284270000002, -4.0557075999998915], [103.26284310000005, -4.0555093999999485], [103.26323890000015, -4.055064199999947], [103.26412820000019, -4.0546200999999655], [103.26442380000015, -4.054868499999941], [103.2649164, -4.055315599999972], [103.26575600000007, -4.055020099999865], [103.26620120000013, -4.054574999999886], [103.26639960000017, -4.054079799999954], [103.26590770000018, -4.05333539999998], [103.26600670000016, -4.053186899999957], [103.26610620000008, -4.052840199999878], [103.26635480000004, -4.051948599999946], [103.26699860000019, -4.050909299999887], [103.26798630000019, -4.050613999999882], [103.26941750000015, -4.050617099999954], [103.27079970000011, -4.050471399999935], [103.27154030000008, -4.050373799999932], [103.27213380000018, -4.049780399999918], [103.27262770000016, -4.049583199999972], [103.27366410000013, -4.049585399999955], [103.27465100000006, -4.049686599999973], [103.2753919000001, -4.049390899999935], [103.27578790000018, -4.048846499999854], [103.27593670000005, -4.0484998999999675], [103.27657900000008, -4.0481543999998735], [103.27687580000014, -4.047808099999884], [103.2768768000002, -4.04736209999993], [103.27727200000004, -4.047164699999939], [103.2773714000001, -4.046867499999962], [103.27737260000004, -4.046272799999883], [103.27744550000017, -4.045910799999945], [103.27747240000008, -4.045777399999906], [103.27744180000008, -4.045606399999883], [103.27737480000019, -4.045231999999942], [103.27759730000014, -4.045739999999967], [103.27850450000005, -4.047811599999932], [103.2787517000001, -4.047613899999931], [103.2788477000002, -4.048902599999963], [103.27894480000009, -4.049646199999927], [103.2796838000001, -4.0502424999999675], [103.27968260000017, -4.050837299999898], [103.27987860000007, -4.0514819999999645], [103.28096220000003, -4.052524999999832], [103.2810080000001, -4.054210199999886], [103.28327550000012, -4.055503599999895], [103.28391810000016, -4.055058899999949], [103.28436100000005, -4.0556545999999685], [103.28500220000018, -4.055854199999942], [103.2857421000001, -4.0560539999999605], [103.28658100000007, -4.056105299999956], [103.28702450000014, -4.056403599999953], [103.28736890000005, -4.056949499999973], [103.28781279999998, -4.057049599999914], [103.28835540000011, -4.057199399999945], [103.28869200000008, -4.057513699999959]]]}}, {"type": "Feature", "properties": {"iddesa": "1673040004", "nama": "Pagar Alam", "kec": "Pagar Alam Utara", "idkab": "ID1673"}, "geometry": {"type": "Polygon", "coordinates": [[[103.25253580000009, -4.015040599999963], [103.25263880000006, -4.015071299999931], [103.25270000000017, -4.0151065999999105], [103.25263810000018, -4.015396899999871], [103.25270810000012, -4.015405799999883], [103.25281330000013, -4.015406099999836], [103.25307620000001, -4.015380199999925], [103.25336560000017, -4.015301699999895], [103.25368110000016, -4.01526709999996], [103.25396980000005, -4.0154964999999265], [103.25417090000019, -4.015690599999914], [103.25430210000019, -4.015805199999818], [103.25438080000015, -4.015893399999925], [103.25453840000006, -4.015920099999903], [103.25467860000009, -4.01592919999996], [103.25507249999998, -4.0161500999999475], [103.25505380000004, -4.0166955999999345], [103.25522880000017, -4.016783999999973], [103.25521100000009, -4.016951099999858], [103.2552681000002, -4.017139699999916], [103.25537630000008, -4.0174970999999005], [103.25536679999999, -4.01785789999991], [103.2555506000001, -4.017937399999937], [103.25619780000005, -4.018501999999842], [103.25589990000009, -4.018527799999845], [103.25575420000007, -4.018758699999921], [103.25573500000013, -4.018695599999944], [103.25565820000014, -4.018831899999952], [103.25552200000004, -4.018976599999917], [103.2553776000002, -4.019018899999878], [103.25522450000017, -4.0191209999998705], [103.25501240000017, -4.01900959999989], [103.25497860000007, -4.018941299999938], [103.2548429000002, -4.018813099999932], [103.25468180000018, -4.0187274999999545], [103.25447789999998, -4.018726999999956], [103.25429950000017, -4.018769299999917], [103.25423150000006, -4.018769099999929], [103.25396000000012, -4.018674699999906], [103.25368000000009, -4.018537699999968], [103.25339940000015, -4.018673499999977], [103.25322900000003, -4.018911999999943], [103.25302480000005, -4.019124799999929], [103.2529568000001, -4.019107599999927], [103.25288850000015, -4.019286499999907], [103.2527863000002, -4.019448399999874], [103.25251410000004, -4.019626899999935], [103.2522347000002, -4.019208399999911], [103.25166760000019, -4.018303099999969], [103.25131210000006, -4.01773089999989], [103.25115910000005, -4.017807299999902], [103.25095500000003, -4.017943299999956], [103.25077640000018, -4.018045299999869], [103.2506403000001, -4.018147299999953], [103.25055510000016, -4.018257999999889], [103.25052940000018, -4.018360299999927], [103.25051210000015, -4.018496799999923], [103.25048630000015, -4.018667299999947], [103.25046060000017, -4.018778099999963], [103.2504180000002, -4.018846199999871], [103.25037520000018, -4.019008199999973], [103.25031550000006, -4.019101899999896], [103.25026450000007, -4.019135899999981], [103.25009460000007, -4.019135499999948], [103.24991620000003, -4.019169299999874], [103.24991160000019, -4.019218499999965], [103.24986760000013, -4.019006999999874], [103.24978610000011, -4.018879899999945], [103.24956300000014, -4.018961499999932], [103.2493771, -4.019005899999968], [103.24922070000008, -4.019199599999979], [103.24907190000016, -4.019251499999939], [103.24871520000016, -4.019273099999964], [103.24843280000005, -4.019287499999905], [103.24818800000003, -4.019343599999843], [103.24814280000004, -4.019353999999964], [103.24800140000008, -4.019480599999895], [103.24787470000007, -4.019659399999966], [103.24785980000007, -4.019659399999966], [103.24766660000006, -4.019658899999968], [103.24751800000001, -4.0196436999999605], [103.2473917000001, -4.019628499999953], [103.24725780000017, -4.019695399999819], [103.2471314, -4.019717499999956], [103.24701230000011, -4.019799299999875], [103.2468487000001, -4.019866099999888], [103.24675190000005, -4.019955499999924], [103.24671450000017, -4.020059899999865], [103.24659560000009, -4.020067099999949], [103.24634300000014, -4.020066499999871], [103.2462017000002, -4.020110999999929], [103.24606020000004, -4.020230099999935], [103.24594870000004, -4.02025969999994], [103.2457703, -4.020304099999976], [103.24545830000017, -4.020258699999886], [103.24522800000011, -4.020228299999928], [103.24504200000018, -4.020309999999938], [103.24469980000009, -4.020480899999882], [103.24453620000008, -4.0205252999999175], [103.2444692000002, -4.020577399999979], [103.24440210000017, -4.020696699999974], [103.24440190000013, -4.020808599999896], [103.24440900000019, -4.020965299999887], [103.24434180000014, -4.021084599999938], [103.24418559999998, -4.02118129999991], [103.24403680000012, -4.021255599999961], [103.24401440000003, -4.02131519999989], [103.24399170000015, -4.021471899999881], [103.24399990000012, -4.021607099999869], [103.24385380000007, -4.021651899999938], [103.24383960000017, -4.021885999999881], [103.2437435, -4.021954699999981], [103.24346910000003, -4.021967899999879], [103.2432494000002, -4.022063799999955], [103.24301620000006, -4.022063299999957], [103.24287900000007, -4.022090599999842], [103.24271420000014, -4.022200399999974], [103.24249460000004, -4.022227499999872], [103.24212430000017, -4.022199199999932], [103.24156210000018, -4.0221014999999625], [103.24138400000004, -4.022018499999831], [103.24130150000013, -4.022114699999975], [103.24119150000007, -4.022224699999924], [103.24078010000017, -4.022196299999962], [103.24057430000016, -4.02220959999994], [103.24036860000018, -4.022181599999897], [103.24021760000016, -4.022250099999894], [103.24012140000019, -4.02231879999988], [103.23984710000002, -4.022318199999916], [103.23962760000018, -4.022317699999974], [103.23950400000007, -4.022358799999893], [103.23950380000008, -4.022455199999968], [103.23933910000011, -4.022496199999921], [103.2391059000002, -4.022536999999829], [103.23899640000019, -4.022412799999927], [103.23888720000019, -4.022178399999916], [103.2388186, -4.022150699999941], [103.23851680000013, -4.02219139999994], [103.23832460000017, -4.022245999999825], [103.23813230000007, -4.02238339999991], [103.2379481000001, -4.022502499999973], [103.23789880000015, -4.02253439999987], [103.23769280000016, -4.0226440999999795], [103.2375198000002, -4.022606499999881], [103.23750080000008, -4.022602399999926], [103.2374231, -4.022592499999973], [103.2372814000002, -4.022574399999883], [103.23696620000004, -4.0224772999999345], [103.23678790000002, -4.022421799999961], [103.23670620000001, -4.022454399999901], [103.23670260000011, -4.022411699999964], [103.23667720000014, -4.022111199999927], [103.23665260000007, -4.020227799999816], [103.2366825000002, -4.019652899999926], [103.23631130000007, -4.019177699999943], [103.2358108000002, -4.018946599999936], [103.2356111000002, -4.018601099999955], [103.23561160000008, -4.018371099999911], [103.23561210000008, -4.018126699999868], [103.23558480000014, -4.017995099999894], [103.2355624000001, -4.017887099999939], [103.23555550000003, -4.017853399999979], [103.23555590000007, -4.017666499999962], [103.23514160000008, -4.01723439999995], [103.23444180000007, -4.016470899999831], [103.23391320000007, -4.015995399999895], [103.2338422000002, -4.015736499999889], [103.23393340000013, -4.01562239999987], [103.23395700000015, -4.015592899999945], [103.23415730000016, -4.015622099999916], [103.23437170000017, -4.015795099999934], [103.23447170000009, -4.01588159999983], [103.23494480000016, -4.015580699999873], [103.23520250000013, -4.015552499999956], [103.23547430000008, -4.015653699999973], [103.23567430000008, -4.0158266999998204], [103.2357750000001, -4.015625599999964], [103.23563230000019, -4.015409699999964], [103.23567550000018, -4.015280399999824], [103.23587640000011, -4.015065199999981], [103.23603410000004, -4.0149648999999386], [103.23609140000013, -4.014950599999963], [103.2362773000001, -4.015022899999906], [103.23669240000015, -4.015052599999876], [103.23707890000014, -4.015038999999945], [103.23737950000015, -4.0150683999999615], [103.23752250000007, -4.015126299999963], [103.23773680000005, -4.015342399999895], [103.23782230000018, -4.015515099999959], [103.23785030000005, -4.01581699999997], [103.23783550000002, -4.016018199999962], [103.23786400000012, -4.016104599999892], [103.23817850000017, -4.01629209999993], [103.23852220000003, -4.016264099999944], [103.23889450000007, -4.016207399999871], [103.23915230000011, -4.0161216999998715], [103.23923910000019, -4.0157049999999685], [103.23936880000008, -4.015331499999945], [103.23956970000017, -4.0150875999999585], [103.2396559, -4.014929599999846], [103.24034300000005, -4.014945499999897], [103.24061510000018, -4.014888499999927], [103.2407293, -4.015046899999959], [103.24100130000016, -4.015061899999864], [103.24130210000015, -4.014976299999887], [103.24163150000004, -4.0149050999999645], [103.24180350000006, -4.014790499999947], [103.24193200000008, -4.014948899999922], [103.2418026000002, -4.015207399999895], [103.24178800000004, -4.015379899999971], [103.24195910000014, -4.015696499999876], [103.24213070000013, -4.0157687999999325], [103.24243130000013, -4.015769399999954], [103.24271760000005, -4.015769999999918], [103.24288970000009, -4.015626599999962], [103.24300410000012, -4.015713099999914], [103.24316149999999, -4.015727899999888], [103.24333340000004, -4.015656299999932], [103.24356300000017, -4.015426799999943], [103.24366360000016, -4.015240199999937], [103.24395000000004, -4.015168899999935], [103.2441075000001, -4.015154899999914], [103.24422180000016, -4.015298899999948], [103.24445070000007, -4.015328099999863], [103.24470840000009, -4.015328699999827], [103.24510970000006, -4.015128299999958], [103.24516710000006, -4.015056499999957], [103.24533880000001, -4.015099999999904], [103.24558210000009, -4.015114899999901], [103.24575390000007, -4.015115299999934], [103.24596940000015, -4.014770699999929], [103.24618410000016, -4.0147711999998705], [103.24648460000014, -4.014814899999919], [103.24671330000007, -4.015002299999821], [103.24692790000006, -4.015060299999902], [103.24714240000003, -4.015146999999956], [103.24741450000016, -4.015090099999952], [103.2476152000001, -4.014989899999932], [103.24775830000004, -4.015018999999938], [103.24790120000011, -4.015134299999886], [103.24790300000012, -4.015160699999967], [103.2479769000002, -4.015175699999929], [103.24805570000012, -4.015202199999919], [103.2481433000001, -4.015202399999964], [103.2482928, -4.014921199999947], [103.24847750000004, -4.014639999999929], [103.24870570000007, -4.014429299999904], [103.24888960000004, -4.014500099999907], [103.2489947000002, -4.014526699999976], [103.24918700000012, -4.0147294999998735], [103.24933570000013, -4.014852999999903], [103.2494672000002, -4.014844499999981], [103.24961630000013, -4.01475679999993], [103.24962520000014, -4.014721599999973], [103.24976520000018, -4.014783499999908], [103.24990540000005, -4.014818999999932], [103.25002810000007, -4.014801699999907], [103.25011610000007, -4.014599499999974], [103.25015140000016, -4.014502799999946], [103.25036180000012, -4.014441599999941], [103.25051060000004, -4.014521199999876], [103.25061560000017, -4.014582999999959], [103.25066780000009, -4.014759099999935], [103.25089520000006, -4.014997199999925], [103.25096510000014, -4.015067699999975], [103.25119290000015, -4.015094599999884], [103.25124540000007, -4.015103499999952], [103.2514037000002, -4.01483989999997], [103.25156170000014, -4.014716999999905], [103.25165820000012, -4.014673199999947], [103.25191200000017, -4.014796999999874], [103.2520433000002, -4.014885199999981], [103.25214850000003, -4.014876699999888], [103.25230600000009, -4.01497379999995], [103.2523760000002, -4.015017899999975], [103.25248990000017, -4.015026999999975], [103.25253580000009, -4.015040599999963]]]}}, {"type": "Feature", "properties": {"iddesa": "1673020005", "nama": "Pagar Wangi", "kec": "Dempo Utara", "idkab": "ID1673"}, "geometry": {"type": "Polygon", "coordinates": [[[103.2189769000002, -4.037241099999903], [103.21897650000017, -4.037442899999917], [103.21912630000014, -4.038203599999974], [103.21955380000014, -4.038888799999825], [103.21957810000004, -4.03931979999993], [103.21977320000019, -4.039691699999821], [103.21975520000012, -4.039706099999933], [103.22046580000011, -4.040748999999892], [103.2211438000001, -4.041921999999943], [103.22104510000008, -4.042605199999912], [103.22085020000014, -4.042832599999883], [103.2205901000001, -4.043222499999899], [103.22065420000007, -4.043548099999953], [103.22088040000011, -4.043841499999871], [103.22126990000004, -4.043549399999961], [103.22182120000019, -4.043387899999914], [103.22253300000011, -4.043910199999971], [103.22313180000009, -4.044832399999905], [103.22347080000009, -4.04482349999995], [103.22386000000012, -4.0446940999999015], [103.22599580000008, -4.0460981999999035], [103.22735350000016, -4.0476306999999565], [103.22887730000014, -4.047308599999951], [103.23065700000012, -4.048549099999946], [103.2311097000001, -4.049005699999952], [103.23130190000018, -4.050080099999946], [103.23107390000013, -4.050600199999906], [103.23110500000007, -4.051186099999882], [103.23020080000003, -4.052500699999939], [103.22968540000016, -4.052684199999931], [103.22887910000009, -4.05308679999996], [103.2287161000001, -4.053976099999886], [103.22851420000006, -4.054258699999934], [103.22766880000012, -4.054135499999859], [103.22593780000005, -4.0538890999998785], [103.22440570000015, -4.054815799999915], [103.2243256000001, -4.05461339999988], [103.2239224000001, -4.054855099999884], [103.22392200000007, -4.055016899999941], [103.22388150000012, -4.055138099999965], [103.22420250000005, -4.055664499999978], [103.22420140000014, -4.056149699999878], [103.22391830000015, -4.056715199999871], [103.22331390000005, -4.056875599999898], [103.22295210000016, -4.056591699999956], [103.2223473000002, -4.056954299999916], [103.2223066000002, -4.05715639999994], [103.22186370000014, -4.057155499999965], [103.22174500000011, -4.05618469999996], [103.22162470000006, -4.055941799999914], [103.22086010000004, -4.055737999999849], [103.22013460000005, -4.056059899999923], [103.21969070000011, -4.056463199999882], [103.22017230000017, -4.057232599999963], [103.21984920000006, -4.057676699999945], [103.21936580000005, -4.0577564999998685], [103.21828030000012, -4.056945399999904], [103.21723130000004, -4.057873099999938], [103.21578200000016, -4.057748599999911], [103.21558090000008, -4.05762679999998], [103.21521800000005, -4.05782819999996], [103.21437270000013, -4.057704999999885], [103.21320650000007, -4.056974599999933], [103.2123192000002, -4.057619599999896], [103.21183360000015, -4.058710299999916], [103.21171230000004, -4.058952599999884], [103.2116709, -4.059478199999944], [103.21166940000006, -4.060165599999891], [103.21118460000008, -4.060851899999932], [103.21009580000009, -4.061577399999919], [103.2091288000002, -4.061858299999869], [103.20812120000011, -4.062260399999957], [103.20775940000004, -4.061976499999901], [103.20747760000017, -4.061935499999947], [103.20667170000007, -4.062216699999965], [103.20642970000017, -4.062377899999888], [103.20614680000017, -4.0628220999999485], [103.20522270000009, -4.061930399999881], [103.20486020000016, -4.061970099999883], [103.20397370000018, -4.06221069999998], [103.2042170000002, -4.061483399999872], [103.20389610000012, -4.060916599999871], [103.20333400000015, -4.060146999999972], [103.20289120000012, -4.060105599999929], [103.20244780000019, -4.060306799999864], [103.20156090000017, -4.060749599999895], [103.20095680000009, -4.060788699999932], [103.20023360000016, -4.060059299999978], [103.20004980000004, -4.060151099999928], [103.20008500000012, -4.059804899999904], [103.19893340000004, -4.058836799999824], [103.19644110000007, -4.055451999999889], [103.19519490000016, -4.051745799999935], [103.19173960000006, -4.041469799999959], [103.19817319999999, -4.039397999999949], [103.1986005, -4.03666539999989], [103.1986012000001, -4.036351699999955], [103.20135860000016, -4.035665999999878], [103.20410710000016, -4.035032599999965], [103.20723670000012, -4.034875099999908], [103.20783660000001, -4.0350773999999205], [103.20788930000015, -4.035936199999924], [103.20788890000011, -4.03615549999995], [103.20772420000014, -4.036556999999959], [103.20890800000001, -4.035993299999973], [103.21041780000007, -4.036124499999971], [103.21090810000015, -4.03652749999992], [103.21152610000013, -4.036784699999885], [103.21243540000006, -4.0369510999998965], [103.21323610000019, -4.0368797999999515], [103.21390930000013, -4.0368447999998125], [103.21465550000005, -4.0367184999999495], [103.21520160000011, -4.03659179999994], [103.21609310000014, -4.036593799999935], [103.21643880000016, -4.036557999999957], [103.21698380000015, -4.036924599999907], [103.21749290000014, -4.037090199999966], [103.2180023000002, -4.037091299999929], [103.21829360000015, -4.037000599999885], [103.21843960000018, -4.036799899999892], [103.2189769000002, -4.037241099999903]]]}}, {"type": "Feature", "properties": {"iddesa": "1673011003", "nama": "Pelang Kenidai", "kec": "Dempo Tengah", "idkab": "ID1673"}, "geometry": {"type": "Polygon", "coordinates": [[[103.34237840000014, -4.0403140999998755], [103.3423444, -4.040359999999964], [103.34237820000016, -4.04040619999995], [103.34272190000019, -4.040876699999899], [103.34318480000007, -4.041576999999847], [103.34341530000017, -4.04239339999998], [103.34358790000005, -4.043151499999908], [103.34393440000014, -4.043968099999972], [103.34381680000018, -4.044725599999936], [103.34381560000008, -4.0453083999999535], [103.34392980000013, -4.046241099999918], [103.34416020000015, -4.047115799999915], [103.34427630000016, -4.047116099999926], [103.34430120000007, -4.047105699999975], [103.34426840000003, -4.047413299999903], [103.34426700000012, -4.048065799999904], [103.3446363000001, -4.049092099999939], [103.3443561000002, -4.049930599999925], [103.34426210000004, -4.050489799999923], [103.34388999999999, -4.050861899999973], [103.3431473, -4.050860399999863], [103.34240340000008, -4.05141819999983], [103.34212420000011, -4.05179059999989], [103.34209090000019, -4.051988399999914], [103.34203020000012, -4.052349699999979], [103.34212230000014, -4.052722799999856], [103.34184200000004, -4.053561299999956], [103.34184110000012, -4.054027499999961], [103.34193320000008, -4.054400599999951], [103.34128230000005, -4.054865399999926], [103.3409102, -4.055237499999976], [103.34026000000006, -4.055422599999929], [103.33979520000014, -4.0557013999999185], [103.33933040000005, -4.055980099999886], [103.33970010000007, -4.056819899999937], [103.33939930000008, -4.057180899999935], [103.33927820000014, -4.057204899999874], [103.33884710000018, -4.057636099999968], [103.3385015, -4.058326599999873], [103.33824230000005, -4.058844499999907], [103.33772600000015, -4.0588434999999095], [103.33729590000013, -4.058756199999891], [103.33660810000003, -4.058495499999935], [103.33600650000017, -4.05814869999989], [103.33574800000008, -4.058320899999956], [103.33548890000014, -4.058752399999946], [103.33531420000008, -4.060048199999869], [103.33522580000005, -4.061171299999955], [103.33505250000013, -4.061775799999907], [103.33462160000016, -4.062120499999935], [103.33410530000009, -4.0621194999999375], [103.33350290000016, -4.062118199999816], [103.33315880000009, -4.0621174999999425], [103.3326416000001, -4.0625484999998775], [103.33246900000006, -4.0628072999999745], [103.33178040000007, -4.06289229999993], [103.33134950000016, -4.063236999999901], [103.3306609, -4.063321999999914], [103.32997220000004, -4.063493399999913], [103.3298845000001, -4.06427089999994], [103.33005520000017, -4.064962499999979], [103.32996860000009, -4.065221499999893], [103.3291945000002, -4.065047099999958], [103.329023, -4.064787499999966], [103.3285076000002, -4.0643543999999], [103.32816320000012, -4.064440099999899], [103.32790420000003, -4.06487159999989], [103.32755860000003, -4.065562199999931], [103.32703960000003, -4.0668571999999585], [103.32669260000011, -4.068238999999892], [103.32574300000005, -4.06970589999986], [103.32574160000013, -4.070397199999945], [103.3252249000002, -4.070568899999955], [103.32445050000007, -4.07056729999988], [103.32436340000015, -4.071085499999981], [103.32461990000007, -4.071863699999938], [103.32444730000014, -4.0721225999998865], [103.32401700000008, -4.072121699999968], [103.32341450000013, -4.072206799999947], [103.3226401, -4.072205199999871], [103.32203900000019, -4.071599099999901], [103.32135240000008, -4.070733599999869], [103.32117980000015, -4.070992499999818], [103.32109230000003, -4.071683499999949], [103.32100570000017, -4.071942599999829], [103.32057510000004, -4.072114499999941], [103.32031680000017, -4.072200399999929], [103.31945760000013, -4.0715936999998235], [103.3186846000001, -4.07090089999997], [103.31825420000001, -4.070986399999924], [103.31782250000003, -4.071676699999955], [103.31722090000017, -4.071329799999944], [103.31662020000005, -4.070550899999944], [103.31576000000007, -4.070376299999907], [103.3152429000001, -4.070807199999933], [103.31489670000008, -4.071756999999934], [103.31463750000012, -4.072274899999968], [103.31403590000008, -4.071927999999957], [103.31308930000006, -4.071925999999962], [103.31273720000007, -4.072278099999949], [103.31257670000014, -4.072182799999894], [103.31171390000014, -4.072551999999973], [103.31128220000011, -4.072921999999949], [103.31078960000008, -4.072920999999951], [103.31054270000004, -4.07322959999982], [103.3102954000002, -4.073723699999846], [103.31029460000013, -4.074094599999967], [103.30986310000014, -4.074340999999947], [103.30955500000005, -4.074463999999978], [103.30930870000009, -4.074463499999865], [103.3089394000001, -4.074400899999944], [103.30887740000009, -4.0746480999999335], [103.30856899999998, -4.0748947999999245], [103.30844560000008, -4.075018099999909], [103.30856820000008, -4.075265699999875], [103.3085672000002, -4.075760299999956], [103.30868920000017, -4.076316999999904], [103.30850390000012, -4.07656389999994], [103.30813450000011, -4.07656309999993], [103.30770350000017, -4.076562199999955], [103.30727250000018, -4.07656129999998], [103.3071490000001, -4.076746499999842], [103.30671800000016, -4.076745599999924], [103.30616470000018, -4.076373499999875], [103.30579560000001, -4.076187299999958], [103.3053037000002, -4.075877099999957], [103.30505679999999, -4.076185699999883], [103.30503950000019, -4.076263299999937], [103.3049325, -4.076741899999888], [103.30493120000011, -4.077360099999964], [103.30511580000007, -4.0774222999999665], [103.30548460000006, -4.077732199999957], [103.30609960000015, -4.078042699999969], [103.30653010000003, -4.0782908999998995], [103.3068370000002, -4.078724299999976], [103.30689770000009, -4.079157199999884], [103.30671180000019, -4.07971329999998], [103.30671060000009, -4.080269699999917], [103.30634110000005, -4.080330699999934], [103.30597140000003, -4.080453599999885], [103.30554040000004, -4.080452699999967], [103.30486320000017, -4.080451299999936], [103.30437060000008, -4.080450199999973], [103.30387750000011, -4.080696499999817], [103.30332250000004, -4.081128099999887], [103.30301400000008, -4.081436599999961], [103.30325920000013, -4.0819316999998705], [103.30368990000005, -4.0820562999999765], [103.30387389999999, -4.08242759999996], [103.3040577000001, -4.082860799999935], [103.30424160000007, -4.083232099999918], [103.30467180000011, -4.083603999999866], [103.30504030000009, -4.084037599999931], [103.30522409999998, -4.084470699999883], [103.30522350000012, -4.084779899999887], [103.3049153, -4.08496469999983], [103.30485230000016, -4.085644599999966], [103.30472790000016, -4.086200799999972], [103.30503440000012, -4.08688149999989], [103.30527970000014, -4.087314799999945], [103.30564840000011, -4.08768659999987], [103.30564720000018, -4.08824299999992], [103.30527710000013, -4.088551399999858], [103.3052148000001, -4.088922199999956], [103.30521380000005, -4.089416799999981], [103.30496720000008, -4.08953989999992], [103.30490429999998, -4.090157999999917], [103.30521090000013, -4.090776999999946], [103.30533300000013, -4.091271799999959], [103.30545470000004, -4.0919521999998665], [103.30514560000006, -4.092569799999978], [103.30477550000018, -4.0928780999998935], [103.30422080000011, -4.09312419999992], [103.30372790000018, -4.093308699999909], [103.30335869999999, -4.093184199999939], [103.30280440000018, -4.093244899999888], [103.30249620000006, -4.093429699999888], [103.3018805000001, -4.09342839999988], [103.3015109000001, -4.093489399999953], [103.3015101000002, -4.093860399999926], [103.30194020000005, -4.0942940999999], [103.3023702000001, -4.094789599999956], [103.3026771000001, -4.0952230999999415], [103.3024299000001, -4.095655299999919], [103.30193739999999, -4.0956542999999215], [103.30181450000015, -4.095777099999964], [103.30169050000018, -4.0959009999999125], [103.30181260000018, -4.096395899999834], [103.30218140000011, -4.0967057999998815], [103.30248840000013, -4.097139299999981], [103.30248730000005, -4.097633899999948], [103.3021791000001, -4.097818699999948], [103.30156270000009, -4.098126499999921], [103.30113170000016, -4.098125599999946], [103.30076200000008, -4.098248399999875], [103.30033090000012, -4.098309399999948], [103.30014530000005, -4.098741699999948], [103.3002057000001, -4.099298299999816], [103.3003283000001, -4.099545899999953], [103.30032780000005, -4.099793199999908], [103.30026550000008, -4.100102199999981], [103.30001890000005, -4.100287099999889], [103.29934180000004, -4.100161999999955], [103.29891100000009, -4.100099299999897], [103.29848020000014, -4.099974699999905], [103.29798730000005, -4.100159099999871], [103.29804840000008, -4.10034469999988], [103.29829360000014, -4.100901699999952], [103.2986013000002, -4.100964199999964], [103.29890870000008, -4.101150299999915], [103.29927800000007, -4.10121289999995], [103.29976970000007, -4.101646799999969], [103.30019990000011, -4.102018599999894], [103.30044570000007, -4.102266499999928], [103.30044480000015, -4.102699199999904], [103.30044380000004, -4.103131999999846], [103.30025890000002, -4.103255299999944], [103.29976600000009, -4.103377899999941], [103.29933540000019, -4.10319149999998], [103.29884300000015, -4.103128599999934], [103.2982274000002, -4.103065499999957], [103.29804230000013, -4.103250499999945], [103.2979182000002, -4.103683099999955], [103.29779389999999, -4.104239199999881], [103.2976696, -4.104795399999887], [103.29699050000016, -4.105659499999888], [103.2966808000001, -4.106524399999955], [103.29631030000019, -4.10701819999997], [103.29630960000014, -4.107353499999817], [103.2962479000002, -4.107388999999898], [103.29612359999999, -4.107945199999904], [103.29550670000015, -4.108500299999946], [103.29495140000017, -4.109055499999954], [103.29458100000011, -4.1094874999998865], [103.2944566000001, -4.110105499999975], [103.29408600000016, -4.1106611999999245], [103.29390020000005, -4.111155399999973], [103.29352970000014, -4.111649199999874], [103.29309840000019, -4.111771899999894], [103.29272900000018, -4.111771099999942], [103.29242140000014, -4.11164679999996], [103.29198980000012, -4.111954999999966], [103.29118850000009, -4.112324199999932], [103.29020180000015, -4.113063999999952], [103.28933870000014, -4.113556799999969], [103.28866099999999, -4.113740799999903], [103.28829040000011, -4.114296399999887], [103.28853550000014, -4.114853399999959], [103.28902600000004, -4.1158435999998915], [103.28945410000011, -4.117204699999888], [103.2892684000002, -4.117637099999968], [103.28883680000018, -4.117945299999974], [103.28852880000011, -4.118006499999979], [103.2882216000001, -4.117696699999954], [103.28754520000007, -4.117262399999959], [103.28742220000004, -4.117200299999979], [103.28705240000016, -4.117384999999899], [103.28674320000016, -4.118002599999954], [103.28631200000018, -4.1180634999998915], [103.28557340000015, -4.117938299999935], [103.28489630000007, -4.1178749999999695], [103.28471900000017, -4.118122999999969], [103.27966450000014, -4.116122599999926], [103.27604390000005, -4.117345299999897], [103.27440650000011, -4.118923799999948], [103.27288950000019, -4.118803299999911], [103.2729004000002, -4.117737699999964], [103.27296350000006, -4.111537699999872], [103.27402480000012, -4.106500799999935], [103.27549040000008, -4.103339799999901], [103.27508510000013, -4.101874099999861], [103.27801510000006, -4.096138099999905], [103.28240800000009, -4.088471499999969], [103.28205820000011, -4.08829499999996], [103.279672, -4.085360099999946], [103.27973770000011, -4.081903099999977], [103.28044040000003, -4.080732699999885], [103.28009540000005, -4.07998229999987], [103.27991710000003, -4.07985269999989], [103.2785107000002, -4.078320799999972], [103.2784617000001, -4.078267499999924], [103.27916280000017, -4.0778587999999445], [103.2791059000001, -4.077155599999855], [103.27858370000001, -4.075748099999942], [103.27946250000008, -4.074109399999941], [103.28016630000008, -4.072411599999896], [103.2798201, -4.070594399999834], [103.2792414000001, -4.068307999999945], [103.27906910000007, -4.067018499999904], [103.27930600000013, -4.065378299999907], [103.27843200000012, -4.064790499999958], [103.27866620000009, -4.064380799999981], [103.2791354000002, -4.063268499999936], [103.28001140000003, -4.062918799999977], [103.2812969000002, -4.0621011999999155], [103.2822321000001, -4.061341499999855], [103.28328490000018, -4.060171799999978], [103.28381070000017, -4.059879999999964], [103.28451089999999, -4.059881499999847], [103.2848039000001, -4.059296099999813], [103.28562099999999, -4.059239299999888], [103.2860922000001, -4.059406699999897], [103.28672940000007, -4.059358799999927], [103.28772210000011, -4.0590093999999795], [103.28836550000005, -4.058307599999978], [103.28830920000001, -4.057311299999981], [103.28869200000008, -4.057513699999959], [103.28953320000005, -4.05795849999987], [103.2906991000001, -4.058488299999965], [103.29198300000007, -4.058432399999958], [103.2933821000002, -4.059079999999938], [103.29466470000011, -4.05960999999985], [103.2958295000002, -4.060667199999841], [103.29723290000015, -4.059263899999905], [103.29723370000005, -4.058912299999918], [103.29770330000014, -4.057565599999975], [103.29758720000012, -4.057272399999874], [103.29928420000005, -4.054990699999905], [103.29946140000015, -4.053936399999884], [103.3006309000001, -4.052766899999938], [103.30057399999998, -4.05206359999994], [103.30063400000017, -4.051301999999964], [103.30209630000019, -4.049605799999881], [103.30233120000008, -4.0489030999999045], [103.30285750000013, -4.0483182999999485], [103.3034434000001, -4.047206199999948], [103.30408510000007, -4.047266099999831], [103.3041368000001, -4.04557269999998], [103.3041477000001, -4.045215399999961], [103.30438310000005, -4.044278399999882], [103.30473430000012, -4.043751699999916], [103.30450310000003, -4.04269649999992], [103.30455760000007, -4.042699199999959], [103.30572830000017, -4.042757699999925], [103.30672030000017, -4.042759799999942], [103.30765440000016, -4.042527299999961], [103.30864639999999, -4.042529399999864], [103.30992900000007, -4.043059399999947], [103.31016250000005, -4.043001299999901], [103.31167990000017, -4.042887299999904], [103.31313890000013, -4.042773199999942], [103.31471360000018, -4.043127999999911], [103.31576520000016, -4.042544299999918], [103.31646570000004, -4.042369899999812], [103.3182156000002, -4.0427250999998705], [103.32002440000014, -4.042728899999929], [103.32189050000017, -4.0433186999998725], [103.32288200000016, -4.043555199999901], [103.32469090000006, -4.043558899999937], [103.3257412000001, -4.043561099999977], [103.32626599999998, -4.043737999999962], [103.32737440000005, -4.043857499999888], [103.32836620000006, -4.043976699999973], [103.32953360000016, -4.043803299999922], [103.33087620000009, -4.043513099999814], [103.33186940000019, -4.0429291999998895], [103.33327120000018, -4.042287499999929], [103.33490660000012, -4.041529099999877], [103.33601620000007, -4.041062599999918], [103.33642630000008, -4.040243099999941], [103.33718620000008, -4.039600099999973], [103.33788680000015, -4.039425799999947], [103.33864620000008, -4.039017099999967], [103.3394623000001, -4.039428999999927], [103.3402200000001, -4.0398406999999565], [103.34097760000009, -4.040310999999974], [103.34138600000011, -4.040370499999938], [103.34237840000014, -4.0403140999998755]]]}}, {"type": "Feature", "properties": {"iddesa": "1673010001", "nama": "Penjalang", "kec": "Dempo Selatan", "idkab": "ID1673"}, "geometry": {"type": "Polygon", "coordinates": [[[103.31273720000007, -4.072278099999949], [103.3126582000001, -4.07235709999992], [103.31265690000004, -4.072961999999961], [103.31291360000012, -4.073653799999931], [103.31317070000006, -4.074172699999963], [103.31445980000012, -4.074953099999959], [103.31557659999999, -4.075819499999966], [103.31858490000002, -4.077467499999898], [103.32047550000016, -4.078681199999949], [103.32150790000014, -4.078769799999918], [103.32305730000007, -4.078513799999939], [103.32486450000005, -4.078431099999875], [103.32650010000003, -4.078088899999955], [103.3273633, -4.076794599999914], [103.3281361, -4.077573899999891], [103.32822110000012, -4.0780924999999115], [103.32770280000005, -4.079041899999936], [103.32770140000008, -4.079733199999964], [103.32804450000009, -4.080252299999927], [103.32838800000007, -4.080598699999882], [103.32907590000013, -4.080859299999872], [103.32984910000016, -4.081465799999876], [103.32993330000005, -4.082329999999956], [103.32993210000012, -4.082934899999941], [103.32950060000013, -4.083538799999872], [103.32872520000006, -4.083969199999956], [103.32803560000002, -4.084572599999888], [103.32786240000013, -4.0850906999999665], [103.32829090000001, -4.085955699999943], [103.3285474000001, -4.086733899999842], [103.32854560000015, -4.0875979999998435], [103.32871660000006, -4.088116699999944], [103.32923240000014, -4.08837699999998], [103.32983350000012, -4.08898309999995], [103.32974570000016, -4.08984699999985], [103.32948680000004, -4.0901920999999675], [103.32965760000013, -4.090797299999963], [103.3300854000002, -4.092007899999942], [103.33068610000015, -4.092786799999885], [103.33102960000014, -4.093133199999954], [103.33180350000004, -4.093393999999876], [103.33223270000002, -4.093913399999963], [103.33266170000019, -4.094519099999957], [103.33265990000001, -4.095383199999958], [103.33274380000006, -4.0964201999999545], [103.33291450000013, -4.097111799999823], [103.33317070000004, -4.09806279999998], [103.33316960000013, -4.098581299999978], [103.33316820000016, -4.099272499999813], [103.33351040000008, -4.100223699999901], [103.33385350000003, -4.100742899999943], [103.33376570000007, -4.101606799999956], [103.33436610000018, -4.10255849999993], [103.33505310000015, -4.1032511999999315], [103.33505080000015, -4.104374499999892], [103.33522069999998, -4.10541169999982], [103.33521860000019, -4.106448599999908], [103.33538940000011, -4.10705379999996], [103.33599120000014, -4.107314299999928], [103.33599000000004, -4.107893099999956], [103.33598930000016, -4.108264799999972], [103.33650540000008, -4.108352299999922], [103.33710740000015, -4.108526299999937], [103.33762300000018, -4.10887299999996], [103.33789250000007, -4.109144699999945], [103.33762160000003, -4.109550899999817], [103.33770800000008, -4.1101227999998855], [103.33766330000014, -4.110518499999955], [103.33722380000017, -4.111265099999969], [103.33682890000017, -4.111660099999881], [103.33652160000014, -4.112011199999813], [103.33617010000006, -4.11253819999996], [103.33595060000016, -4.112801599999841], [103.33630010000013, -4.1132420999999795], [103.3365616000001, -4.1138142999999445], [103.33682300000004, -4.114518399999952], [103.33682190000013, -4.115002099999913], [103.33655840000017, -4.115397399999949], [103.3359005000001, -4.115835699999877], [103.33533000000017, -4.116406199999915], [103.3349782000002, -4.117109099999823], [103.33475860000016, -4.117416399999911], [103.33453910000009, -4.117679799999962], [103.33431980000006, -4.117811299999914], [103.3337944000001, -4.117766199999835], [103.33318120000018, -4.117764899999884], [103.33291790000004, -4.118028199999912], [103.33252360000012, -4.118115299999943], [103.33247900000015, -4.118510999999899], [103.33247820000008, -4.118862799999874], [103.3323023000001, -4.119214199999931], [103.33203890000016, -4.119521499999848], [103.33190700000011, -4.119785099999888], [103.33164430000005, -4.119740499999921], [103.33129400000018, -4.119739799999877], [103.33103070000004, -4.119959099999903], [103.33098610000008, -4.120354799999973], [103.3309854000002, -4.120706599999949], [103.33098440000015, -4.1211902999999666], [103.33098360000008, -4.121542099999942], [103.33098340000004, -4.121630099999948], [103.33076450000004, -4.121629599999835], [103.33041390000017, -4.121716799999945], [103.3300197000001, -4.121759999999881], [103.32971260000005, -4.122023199999887], [103.32940520000005, -4.122418299999879], [103.32927360000014, -4.122505999999873], [103.32914220000015, -4.12250569999992], [103.3288360000002, -4.122329099999888], [103.32866110000009, -4.12219679999987], [103.32848600000017, -4.122196499999916], [103.32839750000016, -4.122592099999963], [103.32835330000006, -4.122811799999965], [103.32795790000017, -4.123382699999922], [103.32769420000005, -4.123821899999939], [103.3276061000002, -4.124085499999978], [103.3272995000001, -4.124084899999957], [103.32703710000004, -4.123908399999891], [103.32672970000016, -4.124347499999828], [103.32668480000018, -4.124831099999938], [103.32664040000009, -4.125138899999854], [103.32647520000006, -4.125403099999971], [103.32633840000011, -4.125471399999981], [103.32617590000018, -4.125525399999958], [103.32585130000012, -4.1254703999999265], [103.32547280000011, -4.125252199999977], [103.32520220000009, -4.125251599999956], [103.32476969999999, -4.124978899999917], [103.32412000000005, -4.1250861999999415], [103.32357810000019, -4.125356899999929], [103.32336090000013, -4.1256824999998685], [103.32341440000016, -4.126008699999943], [103.32341370000006, -4.126334799999938], [103.32319650000005, -4.126660499999957], [103.3231952000001, -4.12725829999988], [103.32319440000003, -4.127638799999943], [103.3229227000001, -4.128127299999846], [103.3226511000002, -4.128615899999943], [103.32265030000013, -4.128996399999892], [103.32243330000011, -4.12921329999989], [103.32205470000008, -4.129049499999951], [103.32183880000014, -4.1287772999999675], [103.3215688000002, -4.128450599999951], [103.32129760000015, -4.128721799999937], [103.32129720000012, -4.128939199999877], [103.32107990000009, -4.129319199999941], [103.32113270000019, -4.129917099999943], [103.32097010000007, -4.130025499999874], [103.32053740000015, -4.12986149999989], [103.32053640000004, -4.130350699999951], [103.3201572000001, -4.1305128999998715], [103.3198859000002, -4.130784099999914], [103.32020930000016, -4.1314369999999485], [103.3203160000001, -4.132198099999869], [103.32063960000005, -4.132742299999961], [103.32090920000013, -4.133231999999964], [103.32047360000018, -4.134481199999925], [103.32031040000015, -4.1348612999999546], [103.32030620000018, -4.136872199999971], [103.31992580000014, -4.1375779999998485], [103.3194906, -4.138609699999961], [103.31835050000018, -4.140183399999955], [103.31856480000016, -4.141216499999871], [103.31867100000005, -4.142195099999924], [103.31888600000008, -4.142956399999946], [103.31855960000007, -4.143716599999891], [103.31851050000012, -4.143790299999864], [103.3181252, -4.144367899999963], [103.31785290000005, -4.145128299999897], [103.3173642000001, -4.145833799999934], [103.31687560000017, -4.1465392999998585], [103.31644170000015, -4.14691879999998], [103.31660250000016, -4.14767999999998], [103.31687130000017, -4.148550199999875], [103.31660000000011, -4.1488756999999055], [103.31600330000015, -4.149472299999957], [103.31524340000016, -4.1504489999999805], [103.3148091000001, -4.151045899999872], [103.3142663000001, -4.151751299999887], [103.31356140000008, -4.152293299999883], [103.31301969999998, -4.152509599999917], [103.31285580000014, -4.153215799999828], [103.31263750000016, -4.154030499999976], [103.31269070000013, -4.154465499999844], [103.31317610000013, -4.155336099999943], [103.3137156000002, -4.156152499999962], [103.31380600000006, -4.156152899999938], [103.31452530000007, -4.15724119999993], [103.31522640000014, -4.1584384999999315], [103.31511710000018, -4.158927399999868], [103.31468170000005, -4.160067799999922], [103.31446410000012, -4.160556499999927], [103.31484090000004, -4.161535599999979], [103.31532580000004, -4.162623599999904], [103.31564940000015, -4.163167799999826], [103.31597120000015, -4.164581599999906], [103.3161315000001, -4.165560299999811], [103.31618430000003, -4.1662125999999375], [103.3161284000002, -4.167027699999892], [103.31591050000009, -4.167679499999906], [103.31590920000019, -4.168277299999886], [103.31633970000007, -4.169473899999957], [103.31650130000014, -4.16985469999986], [103.31558000000012, -4.170341899999926], [103.31573700000013, -4.17289669999991], [103.31470590000009, -4.17409019999991], [103.31204690000015, -4.177182399999879], [103.31004020000006, -4.178971699999977], [103.30846780000013, -4.180163999999934], [103.3085382000001, -4.180172599999935], [103.30830509999998, -4.180272299999899], [103.30718120000012, -4.18114039999989], [103.30711230000009, -4.1811936999999375], [103.30678240000015, -4.183529999999905], [103.30580700000007, -4.184016999999869], [103.30456060000017, -4.184666499999878], [103.30125270000019, -4.187376899999947], [103.30129940000018, -4.190800999999965], [103.29934580000014, -4.193025099999943], [103.29674020000004, -4.196389099999919], [103.29262170000015, -4.198390999999901], [103.29152640000012, -4.204203999999947], [103.28795010000016, -4.205826599999966], [103.28778150000005, -4.208652399999949], [103.28658880000017, -4.209464999999852], [103.28636580000017, -4.212399399999981], [103.28639410000005, -4.21239949999989], [103.28620240000015, -4.212888199999952], [103.28614570000008, -4.2140293999999585], [103.2845347, -4.2165500999999495], [103.28326680000009, -4.218533999999977], [103.28412850000018, -4.2205468999998175], [103.28412430000014, -4.222449099999892], [103.28412240000017, -4.223318699999936], [103.28373950000014, -4.2251112999999805], [103.28271000000001, -4.2255437999999685], [103.28200559999999, -4.225868399999911], [103.28124720000017, -4.226084099999923], [103.27896850000008, -4.228361699999823], [103.27808500000015, -4.236240299999963], [103.27794080000012, -4.2385666999999785], [103.27791650000006, -4.238957399999947], [103.27731960000006, -4.239608299999929], [103.2766137000001, -4.240584999999896], [103.2762335000001, -4.241127599999857], [103.2755163000001, -4.24146449999995], [103.27514990000014, -4.241559999999936], [103.27384940000019, -4.242100599999958], [103.27298250000007, -4.242424699999958], [103.27211000000017, -4.245303299999932], [103.27268990000016, -4.252315599999974], [103.27068250000019, -4.254267599999935], [103.2701525, -4.25623319999994], [103.26846700000016, -4.255664999999908], [103.2648968000002, -4.252407499999947], [103.26310110000009, -4.250234199999966], [103.26283210000008, -4.25012849999996], [103.26225560000012, -4.249450099999933], [103.26114880000006, -4.248705699999903], [103.25987680000014, -4.248966899999914], [103.2594953000002, -4.248816999999974], [103.25538770000014, -4.24720259999998], [103.25273650000014, -4.2460150999999655], [103.25210320000019, -4.245593999999926], [103.25206870000017, -4.245568599999956], [103.2505048000001, -4.244415799999956], [103.24958160000006, -4.244166399999926], [103.24958260000017, -4.243733599999928], [103.25236280000013, -4.239721299999928], [103.26112130000007, -4.233434999999929], [103.26127570000006, -4.233299399999964], [103.26129420000018, -4.23328319999996], [103.26242570000016, -4.2284301999998775], [103.26243790000012, -4.2229277999999795], [103.26140500000008, -4.216681299999891], [103.26141930000006, -4.216557499999965], [103.26134370000017, -4.216557499999965], [103.26085570000015, -4.214454399999852], [103.25803020000012, -4.211233199999867], [103.26081610000006, -4.204562399999929], [103.26082400000018, -4.200976599999876], [103.26366260000003, -4.198262599999964], [103.26645180000008, -4.190046099999904], [103.26703830000008, -4.188933099999929], [103.26768850000008, -4.187699599999917], [103.27157750000015, -4.183318599999893], [103.27176450000019, -4.182267999999851], [103.27220040000014, -4.180043299999966], [103.27236890000006, -4.1799850999999535], [103.27226210000015, -4.179981599999962], [103.28003130000008, -4.1751762999999755], [103.28422749999999, -4.171043199999872], [103.28540360000017, -4.168201899999872], [103.28750440000005, -4.1648678999998765], [103.28652390000013, -4.162701899999888], [103.2874493000001, -4.161900099999912], [103.28701930000005, -4.161404599999969], [103.28622080000008, -4.1604754999999045], [103.28548300000017, -4.159979299999975], [103.28492750000004, -4.160596299999952], [103.28468020000014, -4.161028499999929], [103.28424730000006, -4.161893199999952], [103.28387850000007, -4.161583199999882], [103.28326290000012, -4.161520099999905], [103.28258680000016, -4.160962199999858], [103.28228010000015, -4.1604050999999345], [103.28123630000016, -4.159042599999907], [103.28025470000011, -4.1573711999998295], [103.27994880000017, -4.156443199999956], [103.27995050000015, -4.155701299999862], [103.28001550000005, -4.154093899999907], [103.2803246000002, -4.153538199999957], [103.27964830000019, -4.1530420999999365], [103.27915710000008, -4.152422799999954], [103.2784203, -4.151431999999943], [103.27793010000016, -4.150318099999879], [103.27786660000004, -4.1500789999998915], [103.2775026000001, -4.148709699999927], [103.27750540000017, -4.147411399999896], [103.27787660000013, -4.146608399999877], [103.27837080000018, -4.145867599999974], [103.27886450000017, -4.1453740999999695], [103.27911210000008, -4.144756399999949], [103.27917570000017, -4.143829099999948], [103.27923070000008, -4.143705599999976], [103.27911440000008, -4.143705399999931], [103.27880970000007, -4.142220899999927], [103.27856660000003, -4.140736599999968], [103.2788139000001, -4.140304299999912], [103.27930670000018, -4.14018179999988], [103.27949220000005, -4.139811199999883], [103.27936990000006, -4.139439999999979], [103.27930980000008, -4.138759799999946], [103.27949680000012, -4.137709199999961], [103.27937540000016, -4.136905199999944], [103.27956100000006, -4.136472799999979], [103.28029950000007, -4.136659899999927], [103.28073100000006, -4.1364134999999465], [103.2809784000001, -4.135919499999943], [103.28128810000015, -4.135054599999933], [103.28135080000004, -4.134560099999874], [103.28122860000019, -4.134127099999944], [103.28123140000008, -4.132828699999891], [103.28111130000008, -4.131406499999912], [103.2809900000002, -4.1305406999998695], [103.28154510000013, -4.13010909999997], [103.28191560000005, -4.129615299999955], [103.28203970000015, -4.129182799999967], [103.28179470000015, -4.128563999999926], [103.28118080000019, -4.127697099999864], [103.28075140000016, -4.126954299999966], [103.28087600000015, -4.126274499999909], [103.28118580000006, -4.125409599999955], [103.28143340000008, -4.124791899999934], [103.2815576000001, -4.124297599999977], [103.28205220000012, -4.123371299999974], [103.28223739999999, -4.123124399999881], [103.28254570000013, -4.122939599999938], [103.28273120000017, -4.122568999999942], [103.28236230000005, -4.12232089999992], [103.2816235000002, -4.122257499999932], [103.28106930000018, -4.122318099999973], [103.28106980000001, -4.122070799999904], [103.28113250000007, -4.121514499999819], [103.2818109000001, -4.121021399999961], [103.28224230000006, -4.12083679999995], [103.2827966000001, -4.120776199999909], [103.28341300000011, -4.120468399999936], [103.28390640000009, -4.1200984999998695], [103.28427650000015, -4.119790199999954], [103.2842159000001, -4.119295499999964], [103.28421689999999, -4.118862699999966], [103.2845875000001, -4.1183070999999245], [103.28471900000017, -4.118122999999969], [103.28489630000007, -4.1178749999999695], [103.28557340000015, -4.117938299999935], [103.28631200000018, -4.1180634999998915], [103.28674320000016, -4.118002599999954], [103.28705240000016, -4.117384999999899], [103.28742220000004, -4.117200299999979], [103.28754520000007, -4.117262399999959], [103.2882216000001, -4.117696699999954], [103.28852880000011, -4.118006499999979], [103.28883680000018, -4.117945299999974], [103.2892684000002, -4.117637099999968], [103.28945410000011, -4.117204699999888], [103.28902600000004, -4.1158435999998915], [103.28853550000014, -4.114853399999959], [103.28829040000011, -4.114296399999887], [103.28866099999999, -4.113740799999903], [103.28933870000014, -4.113556799999969], [103.29020180000015, -4.113063999999952], [103.29118850000009, -4.112324199999932], [103.29198980000012, -4.111954999999966], [103.29242140000014, -4.11164679999996], [103.29272900000018, -4.111771099999942], [103.29309840000019, -4.111771899999894], [103.29352970000014, -4.111649199999874], [103.29390020000005, -4.111155399999973], [103.29408600000016, -4.1106611999999245], [103.2944566000001, -4.110105499999975], [103.29458100000011, -4.1094874999998865], [103.29495140000017, -4.109055499999954], [103.29550670000015, -4.108500299999946], [103.29612359999999, -4.107945199999904], [103.2962479000002, -4.107388999999898], [103.29630960000014, -4.107353499999817], [103.29631030000019, -4.10701819999997], [103.2966808000001, -4.106524399999955], [103.29699050000016, -4.105659499999888], [103.2976696, -4.104795399999887], [103.29779389999999, -4.104239199999881], [103.2979182000002, -4.103683099999955], [103.29804230000013, -4.103250499999945], [103.2982274000002, -4.103065499999957], [103.29884300000015, -4.103128599999934], [103.29933540000019, -4.10319149999998], [103.29976600000009, -4.103377899999941], [103.30025890000002, -4.103255299999944], [103.30044380000004, -4.103131999999846], [103.30044480000015, -4.102699199999904], [103.30044570000007, -4.102266499999928], [103.30019990000011, -4.102018599999894], [103.29976970000007, -4.101646799999969], [103.29927800000007, -4.10121289999995], [103.29890870000008, -4.101150299999915], [103.2986013000002, -4.100964199999964], [103.29829360000014, -4.100901699999952], [103.29804840000008, -4.10034469999988], [103.29798730000005, -4.100159099999871], [103.29848020000014, -4.099974699999905], [103.29891100000009, -4.100099299999897], [103.29934180000004, -4.100161999999955], [103.30001890000005, -4.100287099999889], [103.30026550000008, -4.100102199999981], [103.30032780000005, -4.099793199999908], [103.3003283000001, -4.099545899999953], [103.3002057000001, -4.099298299999816], [103.30014530000005, -4.098741699999948], [103.30033090000012, -4.098309399999948], [103.30076200000008, -4.098248399999875], [103.30113170000016, -4.098125599999946], [103.30156270000009, -4.098126499999921], [103.3021791000001, -4.097818699999948], [103.30248730000005, -4.097633899999948], [103.30248840000013, -4.097139299999981], [103.30218140000011, -4.0967057999998815], [103.30181260000018, -4.096395899999834], [103.30169050000018, -4.0959009999999125], [103.30181450000015, -4.095777099999964], [103.30193739999999, -4.0956542999999215], [103.3024299000001, -4.095655299999919], [103.3026771000001, -4.0952230999999415], [103.3023702000001, -4.094789599999956], [103.30194020000005, -4.0942940999999], [103.3015101000002, -4.093860399999926], [103.3015109000001, -4.093489399999953], [103.3018805000001, -4.09342839999988], [103.30249620000006, -4.093429699999888], [103.30280440000018, -4.093244899999888], [103.30335869999999, -4.093184199999939], [103.30372790000018, -4.093308699999909], [103.30422080000011, -4.09312419999992], [103.30477550000018, -4.0928780999998935], [103.30514560000006, -4.092569799999978], [103.30545470000004, -4.0919521999998665], [103.30533300000013, -4.091271799999959], [103.30521090000013, -4.090776999999946], [103.30490429999998, -4.090157999999917], [103.30496720000008, -4.08953989999992], [103.30521380000005, -4.089416799999981], [103.3052148000001, -4.088922199999956], [103.30527710000013, -4.088551399999858], [103.30564720000018, -4.08824299999992], [103.30564840000011, -4.08768659999987], [103.30527970000014, -4.087314799999945], [103.30503440000012, -4.08688149999989], [103.30472790000016, -4.086200799999972], [103.30485230000016, -4.085644599999966], [103.3049153, -4.08496469999983], [103.30522350000012, -4.084779899999887], [103.30522409999998, -4.084470699999883], [103.30504030000009, -4.084037599999931], [103.30467180000011, -4.083603999999866], [103.30424160000007, -4.083232099999918], [103.3040577000001, -4.082860799999935], [103.30387389999999, -4.08242759999996], [103.30368990000005, -4.0820562999999765], [103.30325920000013, -4.0819316999998705], [103.30301400000008, -4.081436599999961], [103.30332250000004, -4.081128099999887], [103.30387750000011, -4.080696499999817], [103.30437060000008, -4.080450199999973], [103.30486320000017, -4.080451299999936], [103.30554040000004, -4.080452699999967], [103.30597140000003, -4.080453599999885], [103.30634110000005, -4.080330699999934], [103.30671060000009, -4.080269699999917], [103.30671180000019, -4.07971329999998], [103.30689770000009, -4.079157199999884], [103.3068370000002, -4.078724299999976], [103.30653010000003, -4.0782908999998995], [103.30609960000015, -4.078042699999969], [103.30548460000006, -4.077732199999957], [103.30511580000007, -4.0774222999999665], [103.30493120000011, -4.077360099999964], [103.3049325, -4.076741899999888], [103.30503950000019, -4.076263299999937], [103.30505679999999, -4.076185699999883], [103.3053037000002, -4.075877099999957], [103.30579560000001, -4.076187299999958], [103.30616470000018, -4.076373499999875], [103.30671800000016, -4.076745599999924], [103.3071490000001, -4.076746499999842], [103.30727250000018, -4.07656129999998], [103.30770350000017, -4.076562199999955], [103.30813450000011, -4.07656309999993], [103.30850390000012, -4.07656389999994], [103.30868920000017, -4.076316999999904], [103.3085672000002, -4.075760299999956], [103.30856820000008, -4.075265699999875], [103.30844560000008, -4.075018099999909], [103.30856899999998, -4.0748947999999245], [103.30887740000009, -4.0746480999999335], [103.3089394000001, -4.074400899999944], [103.30930870000009, -4.074463499999865], [103.30955500000005, -4.074463999999978], [103.30986310000014, -4.074340999999947], [103.31029460000013, -4.074094599999967], [103.3102954000002, -4.073723699999846], [103.31054270000004, -4.07322959999982], [103.31078960000008, -4.072920999999951], [103.31128220000011, -4.072921999999949], [103.31171390000014, -4.072551999999973], [103.31257670000014, -4.072182799999894], [103.31273720000007, -4.072278099999949]]]}}, {"type": "Feature", "properties": {"iddesa": "1673010003", "nama": "Perahu Dipo", "kec": "Dempo Selatan", "idkab": "ID1673"}, "geometry": {"type": "Polygon", "coordinates": [[[103.34655050000003, -4.10093089999998], [103.34667420000017, -4.101287999999954], [103.34667290000004, -4.101892899999882], [103.34675780000015, -4.102497899999946], [103.34615560000003, -4.102410199999895], [103.34529500000008, -4.102408399999945], [103.34538040000007, -4.102754299999958], [103.34494940000008, -4.103098999999872], [103.34477590000012, -4.103789899999924], [103.34434470000014, -4.104220999999882], [103.34382750000015, -4.1046519999999305], [103.34356880000007, -4.104910699999948], [103.34356760000014, -4.105515499999967], [103.34330770000014, -4.106379099999913], [103.34287580000012, -4.107155799999873], [103.34218650000008, -4.107586399999889], [103.34115280000003, -4.108102699999961], [103.34089460000013, -4.108102199999962], [103.34037600000005, -4.10922439999996], [103.33968740000012, -4.109309399999972], [103.33914300000015, -4.109472099999948], [103.33882630000005, -4.109566799999868], [103.33822410000016, -4.10947909999993], [103.33789250000007, -4.109144699999945], [103.33762300000018, -4.10887299999996], [103.33710740000015, -4.108526299999937], [103.33650540000008, -4.108352299999922], [103.33598930000016, -4.108264799999972], [103.33599000000004, -4.107893099999956], [103.33599120000014, -4.107314299999928], [103.33538940000011, -4.10705379999996], [103.33521860000019, -4.106448599999908], [103.33522069999998, -4.10541169999982], [103.33505080000015, -4.104374499999892], [103.33505310000015, -4.1032511999999315], [103.33436610000018, -4.10255849999993], [103.33376570000007, -4.101606799999956], [103.33385350000003, -4.100742899999943], [103.33351040000008, -4.100223699999901], [103.33316820000016, -4.099272499999813], [103.33316960000013, -4.098581299999978], [103.33317070000004, -4.09806279999998], [103.33291450000013, -4.097111799999823], [103.33274380000006, -4.0964201999999545], [103.33265990000001, -4.095383199999958], [103.33266170000019, -4.094519099999957], [103.33223270000002, -4.093913399999963], [103.33180350000004, -4.093393999999876], [103.33102960000014, -4.093133199999954], [103.33068610000015, -4.092786799999885], [103.3300854000002, -4.092007899999942], [103.32965760000013, -4.090797299999963], [103.32948680000004, -4.0901920999999675], [103.32974570000016, -4.08984699999985], [103.32983350000012, -4.08898309999995], [103.32923240000014, -4.08837699999998], [103.32871660000006, -4.088116699999944], [103.32854560000015, -4.0875979999998435], [103.3285474000001, -4.086733899999842], [103.32829090000001, -4.085955699999943], [103.32786240000013, -4.0850906999999665], [103.32803560000002, -4.084572599999888], [103.32872520000006, -4.083969199999956], [103.32950060000013, -4.083538799999872], [103.32993210000012, -4.082934899999941], [103.32993330000005, -4.082329999999956], [103.32984910000016, -4.081465799999876], [103.32907590000013, -4.080859299999872], [103.32838800000007, -4.080598699999882], [103.32804450000009, -4.080252299999927], [103.32770140000008, -4.079733199999964], [103.32770280000005, -4.079041899999936], [103.32822110000012, -4.0780924999999115], [103.3281361, -4.077573899999891], [103.3273633, -4.076794599999914], [103.32650010000003, -4.078088899999955], [103.32486450000005, -4.078431099999875], [103.32305730000007, -4.078513799999939], [103.32150790000014, -4.078769799999918], [103.32047550000016, -4.078681199999949], [103.31858490000002, -4.077467499999898], [103.31557659999999, -4.075819499999966], [103.31445980000012, -4.074953099999959], [103.31317070000006, -4.074172699999963], [103.31291360000012, -4.073653799999931], [103.31265690000004, -4.072961999999961], [103.3126582000001, -4.07235709999992], [103.31273720000007, -4.072278099999949], [103.31308930000006, -4.071925999999962], [103.31403590000008, -4.071927999999957], [103.31463750000012, -4.072274899999968], [103.31489670000008, -4.071756999999934], [103.3152429000001, -4.070807199999933], [103.31576000000007, -4.070376299999907], [103.31662020000005, -4.070550899999944], [103.31722090000017, -4.071329799999944], [103.31782250000003, -4.071676699999955], [103.31825420000001, -4.070986399999924], [103.3186846000001, -4.07090089999997], [103.31945760000013, -4.0715936999998235], [103.32031680000017, -4.072200399999929], [103.32057510000004, -4.072114499999941], [103.32100570000017, -4.071942599999829], [103.32109230000003, -4.071683499999949], [103.32117980000015, -4.070992499999818], [103.32135240000008, -4.070733599999869], [103.32203900000019, -4.071599099999901], [103.3226401, -4.072205199999871], [103.32341450000013, -4.072206799999947], [103.32401700000008, -4.072121699999968], [103.32444730000014, -4.0721225999998865], [103.32461990000007, -4.071863699999938], [103.32436340000015, -4.071085499999981], [103.32445050000007, -4.07056729999988], [103.3252249000002, -4.070568899999955], [103.32574160000013, -4.070397199999945], [103.32574300000005, -4.06970589999986], [103.32669260000011, -4.068238999999892], [103.32703960000003, -4.0668571999999585], [103.32755860000003, -4.065562199999931], [103.32790420000003, -4.06487159999989], [103.32816320000012, -4.064440099999899], [103.3285076000002, -4.0643543999999], [103.329023, -4.064787499999966], [103.3291945000002, -4.065047099999958], [103.32996860000009, -4.065221499999893], [103.33005520000017, -4.064962499999979], [103.3298845000001, -4.06427089999994], [103.32997220000004, -4.063493399999913], [103.3306609, -4.063321999999914], [103.33134950000016, -4.063236999999901], [103.33178040000007, -4.06289229999993], [103.33246900000006, -4.0628072999999745], [103.3326416000001, -4.0625484999998775], [103.33315880000009, -4.0621174999999425], [103.33350290000016, -4.062118199999816], [103.33410530000009, -4.0621194999999375], [103.33462160000016, -4.062120499999935], [103.33505250000013, -4.061775799999907], [103.33522580000005, -4.061171299999955], [103.33531420000008, -4.060048199999869], [103.33548890000014, -4.058752399999946], [103.33574800000008, -4.058320899999956], [103.33600650000017, -4.05814869999989], [103.33660810000003, -4.058495499999935], [103.33729590000013, -4.058756199999891], [103.33772600000015, -4.0588434999999095], [103.33824230000005, -4.058844499999907], [103.3385015, -4.058326599999873], [103.33884710000018, -4.057636099999968], [103.33927820000014, -4.057204899999874], [103.33939930000008, -4.057180899999935], [103.33923470000013, -4.057378299999925], [103.34044050000006, -4.057940199999962], [103.34118250000017, -4.05831459999996], [103.34146190000018, -4.057848999999976], [103.34220310000006, -4.0585963999998285], [103.34266620000017, -4.059156699999903], [103.34331440000017, -4.0599970999999755], [103.34349850000012, -4.060743299999899], [103.34414759999999, -4.061117499999966], [103.34470450000009, -4.061211899999876], [103.3447060000002, -4.060466099999871], [103.34517020000004, -4.06046699999996], [103.34581800000018, -4.0614938999999595], [103.34609560000007, -4.061960599999907], [103.34609350000005, -4.062986099999932], [103.34572129999998, -4.063358199999925], [103.3452564000001, -4.063730199999952], [103.34488480000005, -4.063822699999889], [103.3450701000001, -4.064009499999884], [103.34432550000014, -4.064940199999967], [103.34497390000018, -4.065687399999888], [103.34506540000007, -4.0663401999999], [103.34524990000006, -4.066899899999953], [103.34534090000017, -4.067832399999929], [103.34524650000014, -4.068577999999945], [103.34552430000002, -4.068951499999969], [103.3455229000001, -4.069604099999935], [103.34561500000007, -4.069977199999926], [103.34617150000014, -4.070257999999967], [103.34700670000012, -4.070446199999935], [103.34691190000012, -4.071378299999935], [103.3473746000002, -4.072125099999937], [103.34737350000012, -4.072684499999923], [103.34690700000004, -4.073802199999932], [103.34634900000009, -4.074267199999952], [103.3467184000001, -4.075200299999892], [103.34615970000004, -4.076038199999857], [103.3456943000001, -4.076596599999959], [103.34569300000015, -4.077249199999869], [103.34522820000007, -4.077527899999836], [103.34476290000009, -4.0780862999999385], [103.34429790000019, -4.078458299999966], [103.34383250000002, -4.079016699999897], [103.34373820000008, -4.07976229999997], [103.34373620000008, -4.080694599999902], [103.34345680000007, -4.081160099999977], [103.3429918000001, -4.081532099999947], [103.34215740000019, -4.080970999999977], [103.34141420000014, -4.081155899999885], [103.34085550000009, -4.081993799999964], [103.34066730000018, -4.08320539999994], [103.34010930000017, -4.08367039999996], [103.3398294000001, -4.084322399999962], [103.33982830000019, -4.084881699999869], [103.33954880000016, -4.085347299999967], [103.3393612000001, -4.086279199999979], [103.33935980000018, -4.086931799999945], [103.33870880000012, -4.0874897999999575], [103.33805810000013, -4.087861399999952], [103.33805640000014, -4.0887003999999365], [103.33749800000015, -4.0893517999999744], [103.33740380000017, -4.090004199999953], [103.33740189999997, -4.090936499999941], [103.33740020000005, -4.091775499999812], [103.33739840000004, -4.0926145999999335], [103.33823230000013, -4.093455399999868], [103.3384178, -4.093548999999825], [103.33850930000011, -4.094201799999837], [103.3385079000002, -4.094854399999917], [103.33878530000004, -4.095414299999959], [103.33850540000014, -4.0960662999999045], [103.33878280000005, -4.0966262999999685], [103.33952420000008, -4.097280399999931], [103.34045170000007, -4.097748499999909], [103.34100890000019, -4.0976563999999485], [103.34147240000016, -4.098030299999948], [103.34202770000013, -4.098870499999919], [103.34276990000006, -4.099151699999936], [103.34379100000018, -4.099246999999934], [103.3443475000002, -4.0995278999998845], [103.34490380000005, -4.099901999999929], [103.3459230000002, -4.100929599999972], [103.34655050000003, -4.10093089999998]]]}}, {"type": "Feature", "properties": {"iddesa": "1673020003", "nama": "Reba Tinggi", "kec": "Dempo Utara", "idkab": "ID1673"}, "geometry": {"type": "Polygon", "coordinates": [[[103.27927190000014, -4.038836199999821], [103.27897280000008, -4.038643399999955], [103.27894110000011, -4.039136399999961], [103.27851080000005, -4.039443699999879], [103.27783480000005, -4.039842799999974], [103.27789470000005, -4.040551699999924], [103.27780180000019, -4.040982999999812], [103.27740200000017, -4.041382699999929], [103.2770943000001, -4.041751899999838], [103.27709330000016, -4.042214099999967], [103.27690850000016, -4.042552699999931], [103.27654010000003, -4.042644399999972], [103.27617180000016, -4.042643599999963], [103.27537490000009, -4.042179699999963], [103.27519130000019, -4.041932699999961], [103.27485330000013, -4.042147699999816], [103.27488320000009, -4.04251759999994], [103.27516730000013, -4.043091299999901], [103.27524990000006, -4.043257999999923], [103.2755254000001, -4.043566699999872], [103.27638340000004, -4.044184899999948], [103.27705670000017, -4.045018399999947], [103.27723580000008, -4.045429499999898], [103.27744550000017, -4.045910799999945], [103.27737260000004, -4.046272799999883], [103.2773714000001, -4.046867499999962], [103.27727200000004, -4.047164699999939], [103.2768768000002, -4.04736209999993], [103.27687580000014, -4.047808099999884], [103.27657900000008, -4.0481543999998735], [103.27593670000005, -4.0484998999999675], [103.27578790000018, -4.048846499999854], [103.2753919000001, -4.049390899999935], [103.27465100000006, -4.049686599999973], [103.27366410000013, -4.049585399999955], [103.27262770000016, -4.049583199999972], [103.27213380000018, -4.049780399999918], [103.27154030000008, -4.050373799999932], [103.27079970000011, -4.050471399999935], [103.26941750000015, -4.050617099999954], [103.26798630000019, -4.050613999999882], [103.26699860000019, -4.050909299999887], [103.26635480000004, -4.051948599999946], [103.26610620000008, -4.052840199999878], [103.26600670000016, -4.053186899999957], [103.26590770000018, -4.05333539999998], [103.26639960000017, -4.054079799999954], [103.26620120000013, -4.054574999999886], [103.26575600000007, -4.055020099999865], [103.2649164, -4.055315599999972], [103.26442380000015, -4.054868499999941], [103.26412820000019, -4.0546200999999655], [103.26323890000015, -4.055064199999947], [103.26284310000005, -4.0555093999999485], [103.26284270000002, -4.0557075999998915], [103.26229910000018, -4.056053399999939], [103.26185400000014, -4.056498499999975], [103.26150830000012, -4.056596799999852], [103.26057050000014, -4.056644399999868], [103.25973090000014, -4.056890399999872], [103.25889130000013, -4.057185899999922], [103.2582981000001, -4.057630699999947], [103.25824830000005, -4.057828799999925], [103.25745950000015, -4.057430599999918], [103.2564240000001, -4.05703189999997], [103.25588199999999, -4.056584699999917], [103.25514280000016, -4.056087499999876], [103.25376120000004, -4.055935799999872], [103.25307070000008, -4.055736099999933], [103.25247770000004, -4.056081699999936], [103.25208190000018, -4.056576499999949], [103.25178430000005, -4.057269599999927], [103.25163680000014, -4.056971999999973], [103.25114330000014, -4.056970899999897], [103.25089660000015, -4.0569207999999435], [103.2506982000001, -4.057415999999932], [103.25025300000004, -4.057860999999889], [103.24990700000018, -4.058108099999913], [103.2491666000002, -4.058155999999883], [103.24862400000006, -4.058055699999954], [103.24744080000005, -4.057458499999825], [103.2470464000001, -4.057259399999964], [103.24699540000012, -4.058002599999895], [103.24674790000012, -4.058348999999964], [103.2463034000001, -4.058496699999921], [103.24585950000011, -4.0583965999999805], [103.24566200000015, -4.058396199999947], [103.2455629000001, -4.058594199999902], [103.24526610000004, -4.058890899999938], [103.24496980000004, -4.058989399999916], [103.24472270000001, -4.059137599999929], [103.24452500000018, -4.059285799999941], [103.24413040000007, -4.059185799999909], [103.2437842, -4.0595319999998765], [103.24353730000018, -4.059580999999923], [103.2434687, -4.0598313999999505], [103.24231340000017, -4.060111699999879], [103.2419905000001, -4.06047499999994], [103.24150710000009, -4.060514299999966], [103.24082110000018, -4.061200299999882], [103.24013650000018, -4.061198799999943], [103.23993430000013, -4.06160269999998], [103.23932990000003, -4.061803499999883], [103.23888640000013, -4.062045199999886], [103.23796010000007, -4.062123999999926], [103.23787900000008, -4.062366499999939], [103.23767720000006, -4.06256819999993], [103.23739530000006, -4.062567599999966], [103.23691300000007, -4.062162199999875], [103.23671100000007, -4.062444799999923], [103.23638810000017, -4.062807999999961], [103.23566260000018, -4.063129899999922], [103.23505850000015, -4.063168999999959], [103.23445380000004, -4.063450799999941], [103.2337293000001, -4.0633278999998765], [103.2330456000002, -4.062921999999958], [103.2329648000001, -4.063043099999959], [103.23252240000011, -4.062799499999869], [103.23252320000017, -4.062435599999958], [103.23236310000004, -4.061949999999911], [103.23204130000005, -4.0618279999999345], [103.23131630000012, -4.061907299999859], [103.23115610000019, -4.061502599999926], [103.2311971000002, -4.061179199999913], [103.2313185000001, -4.060896399999876], [103.23123850000007, -4.0606535999999664], [103.23123930000014, -4.060289699999942], [103.23124020000006, -4.059844899999916], [103.23148190000012, -4.059804999999926], [103.2315632000001, -4.059481699999878], [103.2313624000002, -4.059198199999969], [103.23100060000013, -4.058954799999981], [103.23083990000015, -4.058752199999844], [103.2311231000001, -4.058146299999976], [103.23096260000017, -4.057903299999964], [103.23076160000005, -4.05774109999993], [103.23048080000007, -4.057255299999952], [103.23052220000017, -4.056729699999835], [103.2306053000001, -4.055557199999896], [103.23040440000017, -4.05535459999993], [103.23056540000016, -4.055354999999963], [103.23100860000005, -4.055275099999903], [103.23104940000007, -4.055032499999925], [103.23076760000004, -4.054991499999971], [103.23016310000008, -4.055192299999817], [103.22980100000018, -4.055070199999932], [103.2296004000001, -4.054705899999874], [103.22948020000007, -4.054422499999873], [103.2296821000001, -4.05418039999995], [103.23004480000009, -4.054059899999913], [103.23004670000006, -4.05317029999992], [103.23007270000005, -4.052939899999956], [103.23061220000011, -4.052850799999874], [103.23077960000012, -4.053401199999939], [103.23111680000011, -4.0533172999999465], [103.23174860000017, -4.053403299999957], [103.2324235000001, -4.053066299999955], [103.23297210000015, -4.052644399999963], [103.23364660000004, -4.052476699999943], [103.2342348000002, -4.053239499999961], [103.23452860000015, -4.05379019999998], [103.23516030000019, -4.053918499999952], [103.23566650000015, -4.053623399999935], [103.23625800000008, -4.052863199999933], [103.23710150000005, -4.052484199999924], [103.2375656000001, -4.052189099999907], [103.23773540000013, -4.051639399999942], [103.23748310000019, -4.051384999999925], [103.2375679000001, -4.051131299999895], [103.23731600000002, -4.0507076999999185], [103.23777970000003, -4.050624099999936], [103.23870620000014, -4.050837599999909], [103.23946930000005, -4.050766299999964], [103.23969270000003, -4.050844199999915], [103.24079120000016, -4.050515899999937], [103.24148720000005, -4.0502233999998225], [103.24163410000011, -4.049966499999869], [103.24221970000008, -4.049930999999958], [103.24295210000008, -4.049712099999965], [103.24342850000005, -4.049382399999956], [103.24357540000017, -4.049162199999955], [103.24423430000013, -4.049053399999934], [103.24463780000013, -4.048650099999918], [103.24493050000018, -4.048650699999882], [103.2454802000002, -4.048284399999886], [103.24566370000008, -4.0480642999999645], [103.24617569999998, -4.048212399999954], [103.24654190000012, -4.048102999999969], [103.2467976000001, -4.048287299999856], [103.24752940000008, -4.048362299999951], [103.24796850000018, -4.048363299999949], [103.24848140000017, -4.048107199999947], [103.2487018000001, -4.047740199999964], [103.24928770000008, -4.04755769999997], [103.24987360000006, -4.047375199999976], [103.25060500000018, -4.0476339999999595], [103.25071439999999, -4.047781299999826], [103.25100690000005, -4.047892099999842], [103.25118980000008, -4.047929299999964], [103.2515552000001, -4.048187299999938], [103.25206689999999, -4.04851919999993], [103.25235930000002, -4.048666799999978], [103.25243300000011, -4.0484464999999545], [103.25228730000015, -4.048115399999915], [103.25166630000007, -4.0475995999999554], [103.25177650000012, -4.047379299999932], [103.2520691000002, -4.04749019999997], [103.25236280000013, -4.047049899999877], [103.2526188, -4.047123899999974], [103.25287570000012, -4.046756999999957], [103.25293220000003, -4.046730699999955], [103.25342520000015, -4.046500899999842], [103.25401130000012, -4.046244999999885], [103.25459730000011, -4.046025699999973], [103.25503640000005, -4.04602669999997], [103.25598850000011, -4.045734699999969], [103.25624500000004, -4.045588299999906], [103.25690400000019, -4.045442699999967], [103.25734360000013, -4.045223199999896], [103.25778179999998, -4.045665099999951], [103.25847710000016, -4.045703399999923], [103.25880710000007, -4.045373299999881], [103.25917310000017, -4.045374099999947], [103.25975880000016, -4.045301899999913], [103.26005210000005, -4.045045299999913], [103.26092960000005, -4.0454145999998445], [103.26191760000006, -4.045453499999951], [103.26264950000007, -4.045455099999913], [103.2636740000001, -4.0454939999999056], [103.2649184, -4.0454599999999346], [103.26572420000008, -4.04513089999989], [103.26623900000004, -4.043956099999946], [103.2662764000001, -4.04358869999993], [103.26678980000014, -4.043075299999828], [103.26697260000014, -4.0431491999999025], [103.26708360000009, -4.042598199999873], [103.26744920000016, -4.042745999999909], [103.26803540000014, -4.0424531999999544], [103.26821910000007, -4.042086099999949], [103.26869520000002, -4.041903399999853], [103.26880570000014, -4.041572899999949], [103.26909970000014, -4.04098549999992], [103.26942960000008, -4.040765699999952], [103.2699065000001, -4.040178799999978], [103.27049340000013, -4.039555299999904], [103.27053040000004, -4.039371599999868], [103.2709329000001, -4.039372499999956], [103.27122600000018, -4.039226099999951], [103.27159180000007, -4.039300399999945], [103.2721406, -4.0393382999998835], [103.27254320000009, -4.039339199999972], [103.27280020000006, -4.038935499999866], [103.27312960000012, -4.03893619999991], [103.27345950000006, -4.038679599999909], [103.27371560000012, -4.038680199999874], [103.27411910000012, -4.038240099999882], [103.27481440000008, -4.038241499999913], [103.27539990000002, -4.038242799999921], [103.27573000000018, -4.037912699999879], [103.27635230000016, -4.037840599999868], [103.27690160000014, -4.037657999999965], [103.2774141000001, -4.037585599999886], [103.27781440000018, -4.037539099999947], [103.27803630000005, -4.037513399999966], [103.27858490000011, -4.037698299999818], [103.27865290000005, -4.037766899999895], [103.27929310000013, -4.038627899999881], [103.27927190000014, -4.038836199999821]]]}}, {"type": "Feature", "properties": {"iddesa": "1673040010", "nama": "Selibar", "kec": "Pagar Alam Utara", "idkab": "ID1673"}, "geometry": {"type": "Polygon", "coordinates": [[[103.23738680000002, -3.9932245999999623], [103.23751890000011, -3.993391299999871], [103.23785420000019, -3.9939449999999397], [103.23840360000014, -3.994499099999871], [103.2388617000002, -3.9948686999999268], [103.2391975000001, -3.995176699999888], [103.23920280000004, -3.9951851999999803], [103.2390984000001, -3.9952634999999646], [103.23909280000015, -3.9953448999999637], [103.23777650000011, -3.9965062999999645], [103.23706350000009, -3.9972192999998697], [103.23658840000007, -3.99753579999998], [103.23555990000006, -3.997930599999961], [103.23461120000007, -3.9979284999999436], [103.23326710000003, -3.998004999999978], [103.23176480000012, -3.9980811999998878], [103.23018270000011, -3.9985540999999216], [103.22773110000014, -3.998945699999979], [103.22654480000006, -3.999181399999941], [103.22591230000012, -3.9991799999998534], [103.22520100000003, -3.9990989999998874], [103.22456940000018, -3.998700699999972], [103.22164370000007, -3.999011899999971], [103.21610900000007, -3.9993967999999427], [103.21152269999999, -3.9998631999998793], [103.20804520000007, -3.9994585999999686], [103.20678100000009, -3.99913829999997], [103.20353870000002, -3.999607499999968], [103.19974430000013, -3.999519799999973], [103.19492350000007, -3.9987945999999397], [103.19120940000005, -3.998151299999904], [103.18781110000009, -3.997667399999841], [103.1862836000002, -3.997732699999915], [103.18499420000006, -3.9972017999999707], [103.18282110000007, -3.9967373999999722], [103.17766740000013, -3.9954311999999277], [103.17713410000005, -3.995296099999905], [103.17786200000006, -3.9948596999999495], [103.17846630000014, -3.99486109999998], [103.17883120000016, -3.99472099999997], [103.17977040000005, -3.994330499999876], [103.18081860000007, -3.9938547999999514], [103.18128920000015, -3.9935861999999247], [103.1819627000001, -3.9926435999998375], [103.1822332000001, -3.9917675999998323], [103.18254850000005, -3.99138239999985], [103.18281320000011, -3.9905030999998985], [103.18408900000014, -3.98986589999987], [103.18456609999998, -3.98962779999988], [103.18795010000002, -3.989465399999972], [103.18841610000004, -3.989218899999969], [103.1899612000002, -3.98888519999997], [103.1906325000001, -3.988954099999944], [103.19177280000014, -3.989495999999974], [103.19291370000002, -3.98976829999998], [103.19432350000017, -3.989838799999916], [103.19553190000016, -3.9899762999999666], [103.19674000000009, -3.9901812999999606], [103.19684370000016, -3.9902410999999347], [103.19767890000014, -3.9907227999999577], [103.19808060000014, -3.991263199999935], [103.19848270000006, -3.991601199999934], [103.19895210000016, -3.991871999999944], [103.19922040000017, -3.9920073999999772], [103.20069850000004, -3.991606099999956], [103.20264670000012, -3.991138299999875], [103.20358690000012, -3.9910728999998923], [103.20412440000018, -3.990939299999866], [103.2043940000001, -3.9904677999999194], [103.20614080000007, -3.989999599999919], [103.20653190000007, -3.9899065999999266], [103.20923110000012, -3.989264599999956], [103.21225400000014, -3.9886642999999253], [103.21494010000015, -3.98853529999991], [103.21561750000006, -3.9885167999999567], [103.21619230000005, -3.9883737999999767], [103.21797800000013, -3.987979399999915], [103.21853630000015, -3.987936799999943], [103.21926730000007, -3.9878825999999776], [103.22025890000003, -3.9878846999998814], [103.22134880000016, -3.9882853999999384], [103.22204230000017, -3.988585699999817], [103.22233950000009, -3.9886858999999504], [103.22255800000005, -3.9888215999998806], [103.22313130000003, -3.98882279999998], [103.22384700000009, -3.989089399999841], [103.22440600000016, -3.9892975999999294], [103.2261509000001, -3.9897059999999556], [103.2276267000002, -3.9903834999999503], [103.22856590000009, -3.9907901999998785], [103.22881460000008, -3.990790699999934], [103.22917290000004, -3.991130799999894], [103.2297222000002, -3.991746399999954], [103.23033330000015, -3.992054899999971], [103.2313119000001, -3.9921798999999396], [103.23191370000018, -3.9922454999998536], [103.2321682000001, -3.992273899999873], [103.23281020000007, -3.992459599999961], [103.23375780000015, -3.992768799999965], [103.2341244000001, -3.992953899999918], [103.23458330000005, -3.9929548999999156], [103.2349199000002, -3.9928941999999665], [103.2354400000001, -3.992833899999937], [103.23571540000012, -3.9928037999999333], [103.23626600000006, -3.9928049999999757], [103.23648010000016, -3.992805399999895], [103.23699990000017, -3.992929399999923], [103.2372748000002, -3.9930835999999204], [103.23738680000002, -3.9932245999999623]]]}}, {"type": "Feature", "properties": {"iddesa": "1673030006", "nama": "Sidorejo", "kec": "Pagar Alam Selatan", "idkab": "ID1673"}, "geometry": {"type": "Polygon", "coordinates": [[[103.24620830000003, -4.023633699999891], [103.24620420000002, -4.023649999999975], [103.24598830000014, -4.023773299999959], [103.24584950000019, -4.023827099999892], [103.24594070000012, -4.02440729999995], [103.24584040000013, -4.0245230999999535], [103.24568600000015, -4.024661999999978], [103.24565490000009, -4.0248165999999514], [103.24567000000008, -4.024932699999965], [103.24578540000005, -4.024994799999888], [103.2457930000001, -4.0250643999999625], [103.24563100000006, -4.025187799999969], [103.24541520000014, -4.025280099999975], [103.24511450000011, -4.025418699999875], [103.2452216000001, -4.025774699999943], [103.24545170000016, -4.026208299999837], [103.24575110000006, -4.026626599999872], [103.24591990000016, -4.026959499999975], [103.24637330000019, -4.027401299999951], [103.2469286000001, -4.0277178999999705], [103.24692440000013, -4.027728399999944], [103.24683300000004, -4.027785499999936], [103.24671880000017, -4.027830999999878], [103.24653610000013, -4.02794519999992], [103.24643320000018, -4.028048099999921], [103.24641010000005, -4.028174099999944], [103.24629580000015, -4.02825399999989], [103.24614750000018, -4.028242299999931], [103.24604490000019, -4.028196199999911], [103.24595370000009, -4.028184599999918], [103.24588530000011, -4.02818439999993], [103.24582810000004, -4.028230099999973], [103.24574800000016, -4.028344499999946], [103.24575920000018, -4.028459099999907], [103.2456220000002, -4.02859629999989], [103.24554239999998, -4.028470099999936], [103.24549690000015, -4.028412699999876], [103.24542840000015, -4.028435499999887], [103.24522330000008, -4.028297499999951], [103.2450638000002, -4.028182599999923], [103.24485850000008, -4.028170699999919], [103.24474450000008, -4.0281360999999265], [103.24460770000013, -4.0280899999999065], [103.24449360000011, -4.028089699999896], [103.24441370000005, -4.0281124999999065], [103.24433360000018, -4.028215399999908], [103.2443791, -4.028307199999972], [103.24423059999998, -4.0283640999998624], [103.24409360000004, -4.028421099999946], [103.24394530000018, -4.028420799999935], [103.24385400000011, -4.028409099999919], [103.24381970000013, -4.028454899999929], [103.24376240000015, -4.028569299999958], [103.24365940000018, -4.028718099999935], [103.2435677000002, -4.0289125999999555], [103.24345340000019, -4.029049899999961], [103.24332760000004, -4.0291526999999405], [103.24317920000004, -4.0292210999999725], [103.24307660000011, -4.029197999999951], [103.24289370000002, -4.029346499999974], [103.24277940000019, -4.029449399999976], [103.24277910000018, -4.02958689999997], [103.24277890000013, -4.02968999999996], [103.24284690000007, -4.029896299999962], [103.24264170000015, -4.029838599999891], [103.2423788000001, -4.030032799999901], [103.24237870000007, -4.030112999999972], [103.24235580000015, -4.030147299999953], [103.2422802000001, -4.030203999999969], [103.24227840000015, -4.030188399999815], [103.24227670000016, -4.030172999999877], [103.24227630000013, -4.030169599999965], [103.24227070000018, -4.030118699999889], [103.24219660000011, -4.029453099999898], [103.24215120000008, -4.029045199999928], [103.24172340000001, -4.028419299999882], [103.24125220000013, -4.02798729999995], [103.24106100000012, -4.02710339999993], [103.24095440000019, -4.026801499999976], [103.24076160000004, -4.026650199999892], [103.24057310000006, -4.024473399999977], [103.23823360000011, -4.024726899999905], [103.23821440000012, -4.023692499999868], [103.23757040000015, -4.023798899999974], [103.2375198000002, -4.022606499999881], [103.23769280000016, -4.0226440999999795], [103.23789880000015, -4.02253439999987], [103.2379481000001, -4.022502499999973], [103.23813230000007, -4.02238339999991], [103.23832460000017, -4.022245999999825], [103.23851680000013, -4.02219139999994], [103.2388186, -4.022150699999941], [103.23888720000019, -4.022178399999916], [103.23899640000019, -4.022412799999927], [103.2391059000002, -4.022536999999829], [103.23933910000011, -4.022496199999921], [103.23950380000008, -4.022455199999968], [103.23950400000007, -4.022358799999893], [103.23962760000018, -4.022317699999974], [103.23984710000002, -4.022318199999916], [103.24012140000019, -4.02231879999988], [103.24021760000016, -4.022250099999894], [103.24036860000018, -4.022181599999897], [103.24057430000016, -4.02220959999994], [103.24078010000017, -4.022196299999962], [103.24119150000007, -4.022224699999924], [103.24130150000013, -4.022114699999975], [103.24138400000004, -4.022018499999831], [103.24156210000018, -4.0221014999999625], [103.24212430000017, -4.022199199999932], [103.24249460000004, -4.022227499999872], [103.24271420000014, -4.022200399999974], [103.24287900000007, -4.022090599999842], [103.24301620000006, -4.022063299999957], [103.2432494000002, -4.022063799999955], [103.24346910000003, -4.021967899999879], [103.2437435, -4.021954699999981], [103.24383960000017, -4.021885999999881], [103.24385380000007, -4.021651899999938], [103.24399990000012, -4.021607099999869], [103.24403230000013, -4.021597199999974], [103.24415570000019, -4.021597499999814], [103.24423800000005, -4.02162519999996], [103.24429260000016, -4.021735499999863], [103.2443748, -4.021804599999882], [103.24451190000019, -4.021804799999927], [103.24471770000014, -4.021791499999949], [103.24488250000013, -4.021695399999828], [103.24512960000015, -4.021640899999852], [103.24534910000017, -4.0216275999998174], [103.24560960000008, -4.021641899999906], [103.24569200000013, -4.021600799999817], [103.24569210000016, -4.021559399999944], [103.2456650000002, -4.021407899999929], [103.2457753000001, -4.0211325999998735], [103.24584390000007, -4.021160299999963], [103.24596730000019, -4.0211742999998705], [103.24610440000015, -4.021188399999971], [103.24635140000015, -4.021175199999959], [103.24647450000003, -4.021313199999895], [103.24658390000019, -4.021492499999908], [103.24674820000013, -4.02163059999998], [103.24577260000007, -4.022427399999913], [103.24588200000005, -4.022592999999915], [103.24601870000015, -4.022786099999905], [103.2460048000001, -4.022854999999936], [103.24599090000015, -4.022978899999885], [103.2460592000001, -4.023075499999891], [103.24619610000008, -4.023227299999917], [103.24615480000006, -4.0233098999999015], [103.24611320000014, -4.023488899999961], [103.24615410000018, -4.023599099999956], [103.24618600000014, -4.023648399999956], [103.24618720000007, -4.023650099999827], [103.24618790000011, -4.023651199999904], [103.24619980000006, -4.023640999999941], [103.24620350000015, -4.02363779999996], [103.24620830000003, -4.023633699999891]]]}}, {"type": "Feature", "properties": {"iddesa": "1673040005", "nama": "Sukorejo", "kec": "Pagar Alam Utara", "idkab": "ID1673"}, "geometry": {"type": "Polygon", "coordinates": [[[103.24991160000019, -4.019218499999965], [103.24990750000006, -4.019263099999932], [103.24988139999999, -4.019552999999917], [103.24987230000016, -4.019817399999965], [103.2498548000001, -4.0200561999998286], [103.25000720000014, -4.020286799999894], [103.25016790000006, -4.020636799999977], [103.25011640000008, -4.02088399999991], [103.25028580000009, -4.021071999999947], [103.25038750000016, -4.021208699999875], [103.25044650000007, -4.021379399999887], [103.25037000000009, -4.021430399999929], [103.25030190000018, -4.021515599999873], [103.25030160000011, -4.02163499999989], [103.2504051000002, -4.021838399999922], [103.24882220000012, -4.022593399999948], [103.24823530000003, -4.022796999999912], [103.24721470000014, -4.023076499999945], [103.24678110000019, -4.023139499999957], [103.2465000000002, -4.023382199999958], [103.24620830000003, -4.023633699999891], [103.24620350000015, -4.02363779999996], [103.24619980000006, -4.023640999999941], [103.24618790000011, -4.023651199999904], [103.24618720000007, -4.023650099999827], [103.24618600000014, -4.023648399999956], [103.24615410000018, -4.023599099999956], [103.24611320000014, -4.023488899999961], [103.24615480000006, -4.0233098999999015], [103.24619610000008, -4.023227299999917], [103.2460592000001, -4.023075499999891], [103.24599090000015, -4.022978899999885], [103.2460048000001, -4.022854999999936], [103.24601870000015, -4.022786099999905], [103.24588200000005, -4.022592999999915], [103.24577260000007, -4.022427399999913], [103.24674820000013, -4.02163059999998], [103.24658390000019, -4.021492499999908], [103.24647450000003, -4.021313199999895], [103.24635140000015, -4.021175199999959], [103.24610440000015, -4.021188399999971], [103.24596730000019, -4.0211742999998705], [103.24584390000007, -4.021160299999963], [103.2457753000001, -4.0211325999998735], [103.2456650000002, -4.021407899999929], [103.24569210000016, -4.021559399999944], [103.24569200000013, -4.021600799999817], [103.24560960000008, -4.021641899999906], [103.24534910000017, -4.0216275999998174], [103.24512960000015, -4.021640899999852], [103.24488250000013, -4.021695399999828], [103.24471770000014, -4.021791499999949], [103.24451190000019, -4.021804799999927], [103.2443748, -4.021804599999882], [103.24429260000016, -4.021735499999863], [103.24423800000005, -4.02162519999996], [103.24415570000019, -4.021597499999814], [103.24403230000013, -4.021597199999974], [103.24399990000012, -4.021607099999869], [103.24399170000015, -4.021471899999881], [103.24401440000003, -4.02131519999989], [103.24403680000012, -4.021255599999961], [103.24418559999998, -4.02118129999991], [103.24434180000014, -4.021084599999938], [103.24440900000019, -4.020965299999887], [103.24440190000013, -4.020808599999896], [103.24440210000017, -4.020696699999974], [103.2444692000002, -4.020577399999979], [103.24453620000008, -4.0205252999999175], [103.24469980000009, -4.020480899999882], [103.24504200000018, -4.020309999999938], [103.24522800000011, -4.020228299999928], [103.24545830000017, -4.020258699999886], [103.2457703, -4.020304099999976], [103.24594870000004, -4.02025969999994], [103.24606020000004, -4.020230099999935], [103.2462017000002, -4.020110999999929], [103.24634300000014, -4.020066499999871], [103.24659560000009, -4.020067099999949], [103.24671450000017, -4.020059899999865], [103.24675190000005, -4.019955499999924], [103.2468487000001, -4.019866099999888], [103.24701230000011, -4.019799299999875], [103.2471314, -4.019717499999956], [103.24725780000017, -4.019695399999819], [103.2473917000001, -4.019628499999953], [103.24751800000001, -4.0196436999999605], [103.24766660000006, -4.019658899999968], [103.24785980000007, -4.019659399999966], [103.24787470000007, -4.019659399999966], [103.24800140000008, -4.019480599999895], [103.24814280000004, -4.019353999999964], [103.24818800000003, -4.019343599999843], [103.24843280000005, -4.019287499999905], [103.24871520000016, -4.019273099999964], [103.24907190000016, -4.019251499999939], [103.24922070000008, -4.019199599999979], [103.2493771, -4.019005899999968], [103.24956300000014, -4.018961499999932], [103.24978610000011, -4.018879899999945], [103.24986760000013, -4.019006999999874], [103.24991160000019, -4.019218499999965]]]}}, {"type": "Feature", "properties": {"iddesa": "1673030001", "nama": "Tanjung Agung", "kec": "Pagar Alam Selatan", "idkab": "ID1673"}, "geometry": {"type": "Polygon", "coordinates": [[[103.25574220000016, -4.038435299999946], [103.25575040000012, -4.038439399999959], [103.25581610000006, -4.038772999999935], [103.2554383000001, -4.039461299999914], [103.25406470000013, -4.040036299999883], [103.25384240000017, -4.040458199999932], [103.25390840000011, -4.040636099999972], [103.25359750000018, -4.041102299999977], [103.25337430000019, -4.041990899999973], [103.25239780000004, -4.04316689999996], [103.25241850000015, -4.043833799999959], [103.25153140000009, -4.044587699999909], [103.2511750000001, -4.045653899999934], [103.25119640000008, -4.045987399999888], [103.25143880000007, -4.046499199999971], [103.25143820000005, -4.046765899999912], [103.25192470000013, -4.047011499999883], [103.2522131, -4.046700899999962], [103.25254520000016, -4.04665719999997], [103.25267830000013, -4.046546299999932], [103.25293220000003, -4.046730699999955], [103.25287570000012, -4.046756999999957], [103.2526188, -4.047123899999974], [103.25236280000013, -4.047049899999877], [103.2520691000002, -4.04749019999997], [103.25177650000012, -4.047379299999932], [103.25166630000007, -4.0475995999999554], [103.25228730000015, -4.048115399999915], [103.25243300000011, -4.0484464999999545], [103.25235930000002, -4.048666799999978], [103.25206689999999, -4.04851919999993], [103.2515552000001, -4.048187299999938], [103.25118980000008, -4.047929299999964], [103.25100690000005, -4.047892099999842], [103.25071439999999, -4.047781299999826], [103.25060500000018, -4.0476339999999595], [103.24987360000006, -4.047375199999976], [103.24928770000008, -4.04755769999997], [103.2487018000001, -4.047740199999964], [103.24848140000017, -4.048107199999947], [103.24796850000018, -4.048363299999949], [103.24752940000008, -4.048362299999951], [103.2467976000001, -4.048287299999856], [103.24654190000012, -4.048102999999969], [103.24617569999998, -4.048212399999954], [103.24566370000008, -4.0480642999999645], [103.2454802000002, -4.048284399999886], [103.24493050000018, -4.048650699999882], [103.24463780000013, -4.048650099999918], [103.24423430000013, -4.049053399999934], [103.24357540000017, -4.049162199999955], [103.24342850000005, -4.049382399999956], [103.24295210000008, -4.049712099999965], [103.24221970000008, -4.049930999999958], [103.24163410000011, -4.049966499999869], [103.24148720000005, -4.0502233999998225], [103.24079120000016, -4.050515899999937], [103.23969270000003, -4.050844199999915], [103.23946930000005, -4.050766299999964], [103.23959110000015, -4.050754899999902], [103.23929660000016, -4.050585099999978], [103.23929780000009, -4.049992699999905], [103.23900420000012, -4.04939979999989], [103.2387958000001, -4.048341599999901], [103.23875520000013, -4.047622199999978], [103.23821010000012, -4.046436299999925], [103.2383398, -4.04491349999995], [103.2388476000001, -4.043856799999901], [103.23889180000003, -4.0429260999999315], [103.23834690000007, -4.041613299999938], [103.23864290000006, -4.041106299999967], [103.23855960000009, -4.0406829999999445], [103.2386875000002, -4.039963999999941], [103.23797100000007, -4.0400893999999425], [103.23691840000004, -4.039748599999882], [103.23691980000012, -4.03911399999987], [103.23700400000018, -4.0391140999998925], [103.23692070000004, -4.038690899999949], [103.23654320000003, -4.037928499999964], [103.2365438000001, -4.0376322999999275], [103.23633540000009, -4.036574099999882], [103.23638040000009, -4.035262599999896], [103.23637500000018, -4.03523789999997], [103.24244680000004, -4.034431599999891], [103.24247930000007, -4.034427299999891], [103.24261050000007, -4.034409899999957], [103.24287690000006, -4.0340547999999785], [103.24331980000011, -4.033966899999882], [103.24544360000016, -4.034504899999831], [103.24590870000009, -4.034394799999973], [103.24679370000013, -4.034596799999974], [103.25033550000012, -4.034559999999942], [103.2510217000002, -4.034516999999937], [103.25115500000004, -4.034294999999872], [103.25186300000018, -4.034452099999896], [103.25252710000007, -4.034431299999937], [103.25325740000011, -4.0345217999998795], [103.25394360000001, -4.034545499999979], [103.25427560000014, -4.034546199999966], [103.25449620000012, -4.0349023999999645], [103.25458350000002, -4.035502699999938], [103.2544715000002, -4.0361248999999475], [103.25438280000014, -4.0361913999998364], [103.25447010000005, -4.036747299999888], [103.25444770000018, -4.036880599999904], [103.25455790000007, -4.037103199999876], [103.25462380000016, -4.037347799999964], [103.25453500000009, -4.037458799999968], [103.2546672000002, -4.037747999999908], [103.25479950000016, -4.038015099999939], [103.25539660000015, -4.038260899999898], [103.25574220000016, -4.038435299999946]]]}}, {"type": "Feature", "properties": {"iddesa": "1673030005", "nama": "Tebat Giri Indah", "kec": "Pagar Alam Selatan", "idkab": "ID1673"}, "geometry": {"type": "Polygon", "coordinates": [[[103.25177610000009, -4.025848599999904], [103.25159370000011, -4.026237599999945], [103.25141080000009, -4.026397599999939], [103.2512051000001, -4.026591899999971], [103.25107930000019, -4.026706199999978], [103.25101050000018, -4.026866499999926], [103.25095320000003, -4.027015299999903], [103.25091870000006, -4.027118299999813], [103.25069030000014, -4.027243899999974], [103.25048460000016, -4.027380899999969], [103.25001630000014, -4.027643399999931], [103.24974220000001, -4.027791699999909], [103.24934280000019, -4.027825299999961], [103.24914900000016, -4.027790499999924], [103.24892090000014, -4.027744099999893], [103.2487841000002, -4.027697999999816], [103.2486244000001, -4.027686199999891], [103.24848750000012, -4.0276973999999655], [103.24831610000018, -4.02778869999986], [103.24791640000012, -4.028005499999949], [103.24694740000007, -4.027671099999964], [103.2469286000001, -4.0277178999999705], [103.24637330000019, -4.027401299999951], [103.24591990000016, -4.026959499999975], [103.24575110000006, -4.026626599999872], [103.24545170000016, -4.026208299999837], [103.2452216000001, -4.025774699999943], [103.24511450000011, -4.025418699999875], [103.24541520000014, -4.025280099999975], [103.24563100000006, -4.025187799999969], [103.2457930000001, -4.0250643999999625], [103.24578540000005, -4.024994799999888], [103.24567000000008, -4.024932699999965], [103.24565490000009, -4.0248165999999514], [103.24568600000015, -4.024661999999978], [103.24584040000013, -4.0245230999999535], [103.24594070000012, -4.02440729999995], [103.24584950000019, -4.023827099999892], [103.24598830000014, -4.023773299999959], [103.24620420000002, -4.023649999999975], [103.24620830000003, -4.023633699999891], [103.2465000000002, -4.023382199999958], [103.24678110000019, -4.023139499999957], [103.24721470000014, -4.023076499999945], [103.24823530000003, -4.022796999999912], [103.24882220000012, -4.022593399999948], [103.2504051000002, -4.021838399999922], [103.2504074000002, -4.021837199999936], [103.25053240000005, -4.02177759999995], [103.25080840000015, -4.021717399999943], [103.25105030000009, -4.0220928999999614], [103.25149760000016, -4.02280919999987], [103.2516142, -4.023024999999961], [103.2516334, -4.023181799999975], [103.25155480000006, -4.02343639999998], [103.2515547000001, -4.0234755999999265], [103.25160320000003, -4.023642299999892], [103.25171980000005, -4.02385809999987], [103.25182710000007, -4.023868099999902], [103.25199300000008, -4.023839099999918], [103.25206120000007, -4.023907799999904], [103.25221730000004, -4.023898299999928], [103.25239300000015, -4.0238888999999745], [103.2525393000002, -4.023889199999871], [103.25251960000014, -4.024016599999925], [103.25249990000015, -4.024104699999953], [103.25253870000012, -4.024183199999868], [103.2525287000002, -4.0242909999998915], [103.25253820000012, -4.024428199999875], [103.25258650000018, -4.024653599999965], [103.25241070000004, -4.024721799999952], [103.25228360000017, -4.024848899999881], [103.25211730000007, -4.0250445999998306], [103.25181420000007, -4.025347699999941], [103.25164800000016, -4.025504099999921], [103.25164770000015, -4.025660899999934], [103.25169620000008, -4.025788299999817], [103.25173510000008, -4.0258373999999435], [103.2517513000002, -4.025853799999879], [103.25177610000009, -4.025848599999904]]]}}, {"type": "Feature", "properties": {"iddesa": "1673030003", "nama": "Tumbak Ulas", "kec": "Pagar Alam Selatan", "idkab": "ID1673"}, "geometry": {"type": "Polygon", "coordinates": [[[103.25574220000016, -4.038435299999946], [103.25539660000015, -4.038260899999898], [103.25479950000016, -4.038015099999939], [103.2546672000002, -4.037747999999908], [103.25453500000009, -4.037458799999968], [103.25462380000016, -4.037347799999964], [103.25455790000007, -4.037103199999876], [103.25444770000018, -4.036880599999904], [103.25447010000005, -4.036747299999888], [103.25438280000014, -4.0361913999998364], [103.2544715000002, -4.0361248999999475], [103.25458350000002, -4.035502699999938], [103.25449620000012, -4.0349023999999645], [103.25427560000014, -4.034546199999966], [103.25394360000001, -4.034545499999979], [103.25325740000011, -4.0345217999998795], [103.25252710000007, -4.034431299999937], [103.25186300000018, -4.034452099999896], [103.25115500000004, -4.034294999999872], [103.2510217000002, -4.034516999999937], [103.25033550000012, -4.034559999999942], [103.24679370000013, -4.034596799999974], [103.24590870000009, -4.034394799999973], [103.24544360000016, -4.034504899999831], [103.24331980000011, -4.033966899999882], [103.24287690000006, -4.0340547999999785], [103.24261050000007, -4.034409899999957], [103.24247930000007, -4.034427299999891], [103.24244680000004, -4.034431599999891], [103.24234799999999, -4.031002499999943], [103.24234070000011, -4.0307478999999375], [103.2422802000001, -4.030203999999969], [103.24235580000015, -4.030147299999953], [103.24237870000007, -4.030112999999972], [103.2423788000001, -4.030032799999901], [103.24264170000015, -4.029838599999891], [103.24284690000007, -4.029896299999962], [103.24277890000013, -4.02968999999996], [103.24277910000018, -4.02958689999997], [103.24277940000019, -4.029449399999976], [103.24289370000002, -4.029346499999974], [103.24307660000011, -4.029197999999951], [103.24317920000004, -4.0292210999999725], [103.24332760000004, -4.0291526999999405], [103.24345340000019, -4.029049899999961], [103.2435677000002, -4.0289125999999555], [103.24365940000018, -4.028718099999935], [103.24376240000015, -4.028569299999958], [103.24381970000013, -4.028454899999929], [103.24385400000011, -4.028409099999919], [103.24394530000018, -4.028420799999935], [103.24409360000004, -4.028421099999946], [103.24423059999998, -4.0283640999998624], [103.2443791, -4.028307199999972], [103.24433360000018, -4.028215399999908], [103.24441370000005, -4.0281124999999065], [103.24449360000011, -4.028089699999896], [103.24460770000013, -4.0280899999999065], [103.24474450000008, -4.0281360999999265], [103.24485850000008, -4.028170699999919], [103.2450638000002, -4.028182599999923], [103.24522330000008, -4.028297499999951], [103.24542840000015, -4.028435499999887], [103.24549690000015, -4.028412699999876], [103.24554239999998, -4.028470099999936], [103.2456220000002, -4.02859629999989], [103.24575920000018, -4.028459099999907], [103.24574800000016, -4.028344499999946], [103.24582810000004, -4.028230099999973], [103.24588530000011, -4.02818439999993], [103.24595370000009, -4.028184599999918], [103.24604490000019, -4.028196199999911], [103.24614750000018, -4.028242299999931], [103.24629580000015, -4.02825399999989], [103.24641010000005, -4.028174099999944], [103.24643320000018, -4.028048099999921], [103.24653610000013, -4.02794519999992], [103.24671880000017, -4.027830999999878], [103.24683300000004, -4.027785499999936], [103.24692440000013, -4.027728399999944], [103.2469286000001, -4.0277178999999705], [103.24694740000007, -4.027671099999964], [103.24791640000012, -4.028005499999949], [103.24831610000018, -4.02778869999986], [103.24848750000012, -4.0276973999999655], [103.2486244000001, -4.027686199999891], [103.2487841000002, -4.027697999999816], [103.24892090000014, -4.027744099999893], [103.24914900000016, -4.027790499999924], [103.24934280000019, -4.027825299999961], [103.24974220000001, -4.027791699999909], [103.25001630000014, -4.027643399999931], [103.25048460000016, -4.027380899999969], [103.25069030000014, -4.027243899999974], [103.25091870000006, -4.027118299999813], [103.25095320000003, -4.027015299999903], [103.25101050000018, -4.026866499999926], [103.25107930000019, -4.026706199999978], [103.2512051000001, -4.026591899999971], [103.25141080000009, -4.026397599999939], [103.25159370000011, -4.026237599999945], [103.25177610000009, -4.025848599999904], [103.25333830000005, -4.025520199999903], [103.25344810000007, -4.025650999999925], [103.2535104000001, -4.02572529999992], [103.25363550000014, -4.025882999999908], [103.25370270000019, -4.0260946999999305], [103.2537050000002, -4.026101899999901], [103.2537672000002, -4.02629769999993], [103.25377570000018, -4.0263241999999195], [103.25394830000005, -4.026245799999913], [103.25415250000009, -4.026088799999968], [103.2543407, -4.026057699999967], [103.2543563000001, -4.026104999999973], [103.25449780000008, -4.025916299999835], [103.25460800000013, -4.025696099999891], [103.25490630000013, -4.025539299999821], [103.25525180000011, -4.025303899999869], [103.25554990000006, -4.0252257999998164], [103.25562840000015, -4.025162899999941], [103.2557541000001, -4.025037199999929], [103.25587950000016, -4.025068999999974], [103.25595790000006, -4.025053399999933], [103.25580150000008, -4.024848399999939], [103.25905270000015, -4.0241161999999235], [103.25953310000011, -4.024754999999914], [103.25955690000012, -4.024900799999898], [103.2596531000001, -4.025216999999884], [103.25987020000014, -4.025533399999972], [103.26001490000004, -4.025801099999967], [103.25999000000007, -4.0261412999998925], [103.26008590000004, -4.026554699999963], [103.26030260000005, -4.0270898999999645], [103.26068920000006, -4.027382299999886], [103.26100300000007, -4.027796199999955], [103.26126880000004, -4.027966899999967], [103.26158310000011, -4.028137699999945], [103.2618002000001, -4.028478399999926], [103.26184790000013, -4.028794499999947], [103.2618957000002, -4.029086299999847], [103.26196829999998, -4.029116799999883], [103.2620404000001, -4.029353899999933], [103.26225820000019, -4.0293543999999315], [103.26225790000018, -4.029500199999973], [103.2623541000001, -4.029767799999831], [103.26261960000005, -4.030108599999949], [103.26259460000011, -4.030473099999938], [103.26290860000017, -4.030789799999923], [103.26331950000008, -4.031033699999966], [103.26356070000014, -4.031423099999927], [103.26377770000016, -4.031836699999928], [103.26387370000009, -4.032201499999928], [103.26353480000012, -4.032249399999898], [103.26314690000015, -4.032540199999971], [103.26278350000013, -4.032709599999976], [103.26256600000005, -4.032563299999936], [103.2625172000001, -4.032733299999961], [103.26208120000013, -4.032902499999921], [103.2621293000002, -4.033072699999877], [103.26191120000004, -4.033193799999879], [103.26169360000017, -4.033071799999902], [103.26142710000016, -4.033217099999945], [103.26101510000018, -4.033459199999925], [103.26053080000008, -4.033603999999968], [103.26031270000016, -4.03372509999997], [103.2601670000002, -4.033943499999907], [103.25985170000018, -4.034258799999975], [103.2595371000001, -4.034258099999931], [103.2592956000002, -4.033965899999885], [103.2588353000001, -4.034207999999865], [103.25847240000013, -4.0341342999998915], [103.25830230000008, -4.03444989999997], [103.25837450000017, -4.034620199999949], [103.25834960000009, -4.034984699999825], [103.25842160000019, -4.035276499999895], [103.25846940000002, -4.035543999999902], [103.25832370000006, -4.035762399999953], [103.25817810000012, -4.035932199999877], [103.2577659000001, -4.0363201999999205], [103.25759570000002, -4.036660099999892], [103.25718380000006, -4.036877999999888], [103.25684440000003, -4.03712029999997], [103.25689260000013, -4.037217599999906], [103.25645620000012, -4.037581199999977], [103.25592310000002, -4.037871799999948], [103.25572890000012, -4.038138699999934], [103.25568040000019, -4.038187199999925], [103.25575260000016, -4.038406099999918], [103.25574220000016, -4.038435299999946]]]}}, {"type": "Feature", "properties": {"iddesa": "1673030002", "nama": "Ulu Rurah", "kec": "Pagar Alam Selatan", "idkab": "ID1673"}, "geometry": {"type": "Polygon", "coordinates": [[[103.29008580000016, -4.014793499999939], [103.29024280000016, -4.014806399999941], [103.29058110000005, -4.015098799999976], [103.29089460000006, -4.015609899999902], [103.29101530000014, -4.016098799999952], [103.29069040000007, -4.01661839999997], [103.29057770000014, -4.0167028999999275], [103.29028680000005, -4.016921099999934], [103.28994770000008, -4.017066199999874], [103.2898259000001, -4.017454799999882], [103.2896251000002, -4.017644399999938], [103.2884921000001, -4.017736799999852], [103.28810210000012, -4.018282699999816], [103.28848880000015, -4.018637199999944], [103.28849230000009, -4.0186429999999405], [103.28890260000009, -4.019154199999889], [103.28914400000019, -4.0194706999999426], [103.28907050000015, -4.01990799999993], [103.2888766000001, -4.02005349999996], [103.28844150000015, -4.019760899999881], [103.28805470000015, -4.019541299999958], [103.28761860000009, -4.019783499999903], [103.2870132000001, -4.019927999999879], [103.2868438000001, -4.019927699999926], [103.28609400000005, -4.019707299999823], [103.28570680000018, -4.019657899999913], [103.28561690000004, -4.0196944999999005], [103.28565830000008, -4.0197063999999045], [103.28551290000013, -4.019827599999928], [103.28560840000006, -4.020435499999962], [103.28558360000011, -4.020702799999924], [103.28584940000007, -4.02092209999995], [103.28596980000009, -4.021238299999936], [103.28553370000009, -4.021431799999959], [103.28531550000014, -4.021601499999974], [103.28492890000012, -4.021308999999917], [103.28466329999998, -4.021016799999813], [103.28425110000018, -4.021380499999964], [103.28420200000005, -4.021696399999826], [103.28416260000012, -4.022102799999971], [103.2841600000001, -4.022103599999923], [103.28416210000012, -4.022108299999957], [103.28415250000018, -4.022206699999856], [103.28393440000008, -4.022327699999835], [103.28345000000013, -4.022521099999949], [103.28344970000012, -4.022642699999949], [103.28344940000011, -4.022788499999933], [103.28357030000018, -4.022837399999901], [103.28410260000015, -4.022935699999948], [103.28432040000007, -4.02293619999989], [103.28456610000012, -4.023026499999901], [103.28478550000017, -4.023524899999927], [103.2845850000001, -4.023738799999876], [103.28453630000013, -4.023860199999888], [103.28460860000007, -4.024030499999924], [103.28489890000014, -4.024055399999952], [103.28512310000019, -4.024038599999926], [103.28553410000012, -4.024556699999948], [103.2855653000002, -4.024768999999935], [103.28555210000019, -4.024860799999885], [103.28540520000013, -4.02502869999995], [103.28523550000011, -4.025125599999967], [103.28511400000019, -4.025392699999941], [103.28467800000016, -4.02553759999995], [103.28409760000011, -4.025317599999937], [103.2838076000001, -4.0250981999998885], [103.28363830000012, -4.025049299999864], [103.28310500000003, -4.025436999999954], [103.28266790000009, -4.026035099999888], [103.28153240000012, -4.0259375999999065], [103.28138580000007, -4.025846599999909], [103.28087790000012, -4.025651099999834], [103.2803942000001, -4.0255041999999435], [103.28022410000005, -4.025819799999908], [103.28041690000003, -4.026233399999967], [103.28077900000011, -4.026647399999945], [103.28089950000015, -4.026914999999974], [103.28089890000012, -4.027182299999936], [103.28084790000014, -4.02725879999997], [103.28035879999999, -4.027503099999933], [103.27993050000009, -4.027326099999868], [103.27976110000009, -4.027301399999942], [103.27966390000006, -4.0274956999999745], [103.2795903, -4.027981599999919], [103.27954040000014, -4.028662099999906], [103.27951550000006, -4.029002299999888], [103.27929710000006, -4.029269199999874], [103.27900650000004, -4.02936579999988], [103.27903000000003, -4.029706099999942], [103.2790536, -4.029997799999933], [103.27883520000006, -4.030240399999855], [103.2786895000001, -4.0304830999999695], [103.27856820000017, -4.030604399999959], [103.27861660000008, -4.030628799999931], [103.27837870000013, -4.0308129999999665], [103.27847100000014, -4.030822899999976], [103.27825210000015, -4.031308599999932], [103.2782992000001, -4.031964899999878], [103.27839570000009, -4.032110899999964], [103.27873430000005, -4.032208899999944], [103.27909849999998, -4.031674899999871], [103.27929220000004, -4.031384499999945], [103.27951519999999, -4.031310299999916], [103.27955900000006, -4.031335599999977], [103.2796486000002, -4.03126599999996], [103.28060180000006, -4.030949199999952], [103.28074570000007, -4.030973599999925], [103.28074880000014, -4.030981899999915], [103.28077090000016, -4.031208499999934], [103.28064820000014, -4.031313599999919], [103.28035730000005, -4.031531799999925], [103.28004270000014, -4.0315310999998815], [103.27982480000003, -4.031554999999912], [103.27967930000011, -4.031700499999943], [103.27967880000006, -4.0319191999999475], [103.27975080000016, -4.032210999999904], [103.27996810000019, -4.0324787999999785], [103.28030590000009, -4.03294139999997], [103.28043820000016, -4.0331785999998715], [103.28019890000007, -4.033417799999938], [103.2799735000001, -4.033718399999941], [103.27994130000008, -4.033718299999919], [103.2796024000001, -4.033717599999875], [103.27928790000004, -4.033643999999981], [103.2790695000001, -4.03395949999998], [103.2789964000001, -4.034178099999963], [103.27901950000006, -4.0346885999999245], [103.27913900000016, -4.035393699999929], [103.27918970000007, -4.0355268999999225], [103.27840430000009, -4.035750399999927], [103.27839050000006, -4.03585929999997], [103.2783153000002, -4.035805099999948], [103.2780972000001, -4.035926199999835], [103.27804830000014, -4.0361447999998745], [103.27780590000015, -4.036314399999981], [103.27744270000011, -4.036386599999901], [103.27727300000015, -4.036532099999874], [103.2771515, -4.0367747999998755], [103.27719930000006, -4.037066599999946], [103.27734420000013, -4.037212699999941], [103.27770670000012, -4.0374808999999345], [103.27781440000018, -4.037539099999947], [103.2774141000001, -4.037585599999886], [103.27690160000014, -4.037657999999965], [103.27635230000016, -4.037840599999868], [103.27573000000018, -4.037912699999879], [103.27539990000002, -4.038242799999921], [103.27481440000008, -4.038241499999913], [103.27411910000012, -4.038240099999882], [103.27371560000012, -4.038680199999874], [103.27345950000006, -4.038679599999909], [103.27312960000012, -4.03893619999991], [103.27280020000006, -4.038935499999866], [103.27254320000009, -4.039339199999972], [103.2721406, -4.0393382999998835], [103.27159180000007, -4.039300399999945], [103.27122600000018, -4.039226099999951], [103.2709329000001, -4.039372499999956], [103.27053040000004, -4.039371599999868], [103.27049340000013, -4.039555299999904], [103.2699065000001, -4.040178799999978], [103.26942960000008, -4.040765699999952], [103.26909970000014, -4.04098549999992], [103.26880570000014, -4.041572899999949], [103.26869520000002, -4.041903399999853], [103.26821910000007, -4.042086099999949], [103.26803540000014, -4.0424531999999544], [103.26744920000016, -4.042745999999909], [103.26708360000009, -4.042598199999873], [103.26697260000014, -4.0431491999999025], [103.26678980000014, -4.043075299999828], [103.2662764000001, -4.04358869999993], [103.26623900000004, -4.043956099999946], [103.26572420000008, -4.04513089999989], [103.2649184, -4.0454599999999346], [103.2636740000001, -4.0454939999999056], [103.26264950000007, -4.045455099999913], [103.26191760000006, -4.045453499999951], [103.26092960000005, -4.0454145999998445], [103.26005210000005, -4.045045299999913], [103.25975880000016, -4.045301899999913], [103.25917310000017, -4.045374099999947], [103.25880710000007, -4.045373299999881], [103.25847710000016, -4.045703399999923], [103.25778179999998, -4.045665099999951], [103.25734360000013, -4.045223199999896], [103.25690400000019, -4.045442699999967], [103.25624500000004, -4.045588299999906], [103.25598850000011, -4.045734699999969], [103.25503640000005, -4.04602669999997], [103.25459730000011, -4.046025699999973], [103.25401130000012, -4.046244999999885], [103.25342520000015, -4.046500899999842], [103.25293220000003, -4.046730699999955], [103.25267830000013, -4.046546299999932], [103.25254520000016, -4.04665719999997], [103.2522131, -4.046700899999962], [103.25192470000013, -4.047011499999883], [103.25143820000005, -4.046765899999912], [103.25143880000007, -4.046499199999971], [103.25119640000008, -4.045987399999888], [103.2511750000001, -4.045653899999934], [103.25153140000009, -4.044587699999909], [103.25241850000015, -4.043833799999959], [103.25239780000004, -4.04316689999996], [103.25337430000019, -4.041990899999973], [103.25359750000018, -4.041102299999977], [103.25390840000011, -4.040636099999972], [103.25384240000017, -4.040458199999932], [103.25406470000013, -4.040036299999883], [103.2554383000001, -4.039461299999914], [103.25581610000006, -4.038772999999935], [103.25575040000012, -4.038439399999959], [103.25574220000016, -4.038435299999946], [103.25575260000016, -4.038406099999918], [103.25568040000019, -4.038187199999925], [103.25572890000012, -4.038138699999934], [103.25592310000002, -4.037871799999948], [103.25645620000012, -4.037581199999977], [103.25689260000013, -4.037217599999906], [103.25684440000003, -4.03712029999997], [103.25718380000006, -4.036877999999888], [103.25759570000002, -4.036660099999892], [103.2577659000001, -4.0363201999999205], [103.25817810000012, -4.035932199999877], [103.25832370000006, -4.035762399999953], [103.25846940000002, -4.035543999999902], [103.25842160000019, -4.035276499999895], [103.25834960000009, -4.034984699999825], [103.25837450000017, -4.034620199999949], [103.25830230000008, -4.03444989999997], [103.25847240000013, -4.0341342999998915], [103.2588353000001, -4.034207999999865], [103.2592956000002, -4.033965899999885], [103.2595371000001, -4.034258099999931], [103.25985170000018, -4.034258799999975], [103.2601670000002, -4.033943499999907], [103.26031270000016, -4.03372509999997], [103.26053080000008, -4.033603999999968], [103.26101510000018, -4.033459199999925], [103.26142710000016, -4.033217099999945], [103.26169360000017, -4.033071799999902], [103.26191120000004, -4.033193799999879], [103.2621293000002, -4.033072699999877], [103.26208120000013, -4.032902499999921], [103.2625172000001, -4.032733299999961], [103.26256600000005, -4.032563299999936], [103.26278350000013, -4.032709599999976], [103.26314690000015, -4.032540199999971], [103.26353480000012, -4.032249399999898], [103.26387370000009, -4.032201499999928], [103.26377770000016, -4.031836699999928], [103.26356070000014, -4.031423099999927], [103.26331950000008, -4.031033699999966], [103.26290860000017, -4.030789799999923], [103.26259460000011, -4.030473099999938], [103.26261960000005, -4.030108599999949], [103.2623541000001, -4.029767799999831], [103.26225790000018, -4.029500199999973], [103.26225820000019, -4.0293543999999315], [103.2620404000001, -4.029353899999933], [103.26196829999998, -4.029116799999883], [103.2618957000002, -4.029086299999847], [103.26184790000013, -4.028794499999947], [103.2618002000001, -4.028478399999926], [103.26158310000011, -4.028137699999945], [103.26126880000004, -4.027966899999967], [103.26100300000007, -4.027796199999955], [103.26068920000006, -4.027382299999886], [103.26030260000005, -4.0270898999999645], [103.26008590000004, -4.026554699999963], [103.25999000000007, -4.0261412999998925], [103.26001490000004, -4.025801099999967], [103.25987020000014, -4.025533399999972], [103.2596531000001, -4.025216999999884], [103.25955690000012, -4.024900799999898], [103.25953310000011, -4.024754999999914], [103.25905270000015, -4.0241161999999235], [103.25900210000009, -4.024048999999877], [103.25932360000019, -4.023972299999912], [103.27072200000003, -4.021254599999963], [103.27060170000004, -4.020938399999977], [103.27014340000017, -4.020208299999979], [103.26980570000012, -4.019648599999925], [103.2696853000001, -4.019356599999924], [103.26973379999998, -4.019308099999932], [103.26958950000017, -4.018870299999946], [103.2695665, -4.018311299999937], [103.2692775000001, -4.017630099999906], [103.2688184000001, -4.017313199999876], [103.26833460000006, -4.017166299999815], [103.26814100000018, -4.017165899999952], [103.26760760000013, -4.016842999999881], [103.26753670000011, -4.016800099999955], [103.26794840000008, -4.01670369999988], [103.26828710000001, -4.0167286999999305], [103.26869860000016, -4.0167295999999055], [103.2690380000002, -4.016438699999981], [103.2692800000001, -4.016439199999979], [103.26973950000013, -4.016610299999968], [103.27007790000005, -4.016829799999925], [103.27077970000005, -4.016879899999935], [103.27116750000016, -4.01661329999996], [103.27140920000005, -4.016735399999959], [103.27153030000017, -4.016711299999827], [103.27182070000003, -4.016711899999962], [103.27206280000013, -4.016663899999969], [103.27247470000015, -4.0164459999999735], [103.27291100000019, -4.016155199999901], [103.273008, -4.016058199999975], [103.2732021000001, -4.015839899999946], [103.27378250000015, -4.016059899999902], [103.27407380000011, -4.015622999999948], [103.27470310000012, -4.015648599999906], [103.27523550000012, -4.015649799999835], [103.27540530000016, -4.015455699999961], [103.27550260000004, -4.015212799999915], [103.27518860000015, -4.014944799999967], [103.27555230000002, -4.014629599999978], [103.27586650000012, -4.014800399999899], [103.27615720000017, -4.014703799999893], [103.27666560000011, -4.014607699999942], [103.27702820000013, -4.0148271999999], [103.27714830000014, -4.015264899999977], [103.27719610000014, -4.01553239999987], [103.27748650000001, -4.015557299999898], [103.2779470000001, -4.015266599999904], [103.27818960000013, -4.014975499999821], [103.27811780000002, -4.0146107999998435], [103.27816650000017, -4.014464999999859], [103.27836090000005, -4.014076599999953], [103.27865209999999, -4.013736899999913], [103.27911200000005, -4.013689299999896], [103.2794022000001, -4.013787099999888], [103.27974030000019, -4.0141523999999436], [103.28007860000008, -4.014396099999942], [103.28082860000018, -4.014519299999904], [103.28153040000012, -4.014569299999948], [103.28198980000013, -4.01481339999998], [103.28227960000015, -4.015081299999963], [103.28249730000005, -4.015130399999919], [103.28290850000013, -4.015277099999821], [103.28319850000014, -4.0154721999999765], [103.28346590000007, -4.0149136999999655], [103.28394990000015, -4.014938999999913], [103.28453050000019, -4.015037499999892], [103.28482060000005, -4.015232499999968], [103.28535300000004, -4.015233599999931], [103.28590950000006, -4.015307699999937], [103.28629700000016, -4.015211299999976], [103.28637030000004, -4.014871199999959], [103.28663730000011, -4.014482899999905], [103.28692870000003, -4.014045999999894], [103.28743709999998, -4.01397419999995], [103.28792160000012, -4.01375639999992], [103.28825930000016, -4.014316199999882], [103.2887674000001, -4.014390099999957], [103.28905770000017, -4.014439399999958], [103.28927490000018, -4.014707199999918], [103.2896379, -4.014756499999976], [103.29008580000016, -4.014793499999939]]]}}]}