{"type":"FeatureCollection","features":[{"type":"Feature","properties":{"iddesa":"1673020007","nama_kelurahan":"Agung Lawangan","kecamatan":"Dempo Utara"},"geometry":{"type":"Polygon","coordinates":[[[103.170439,-4.051575],[103.170478,-4.051626],[103.172726,-4.054584],[103.17463,-4.057923],[103.177447,-4.058333],[103.182562,-4.065721],[103.185871,-4.071185],[103.191,-4.07251],[103.194136,-4.073043],[103.194243,-4.073061],[103.194621,-4.073125],[103.194511,-4.073403],[103.194598,-4.07349],[103.194771,-4.073863],[103.194795,-4.074186],[103.195067,-4.074336],[103.194917,-4.074584],[103.19514,-4.074759],[103.195337,-4.075008],[103.195188,-4.075455],[103.195212,-4.075629],[103.195534,-4.075729],[103.195683,-4.075506],[103.196375,-4.07593],[103.196672,-4.075557],[103.19697,-4.075409],[103.197465,-4.075385],[103.197761,-4.075808],[103.198182,-4.07571],[103.198479,-4.07586],[103.19875,-4.076233],[103.199294,-4.076259],[103.199863,-4.07641],[103.199714,-4.076881],[103.200036,-4.076857],[103.200234,-4.076659],[103.200383,-4.076411],[103.200655,-4.076536],[103.201001,-4.076934],[103.201371,-4.077506],[103.201791,-4.077483],[103.202014,-4.077707],[103.202163,-4.07716],[103.201595,-4.076811],[103.201694,-4.076687],[103.202015,-4.076887],[103.203276,-4.077585],[103.203127,-4.077784],[103.203646,-4.078083],[103.203942,-4.078432],[103.204313,-4.078756],[103.204311,-4.079526],[103.204756,-4.079726],[103.204979,-4.079876],[103.205424,-4.079777],[103.20582,-4.079853],[103.206167,-4.079555],[103.206366,-4.079382],[103.206489,-4.079456],[103.206837,-4.079035],[103.206986,-4.078811],[103.207333,-4.078663],[103.207604,-4.078887],[103.207852,-4.078739],[103.207976,-4.078664],[103.208274,-4.078367],[103.208546,-4.078392],[103.208991,-4.078567],[103.209387,-4.078543],[103.209833,-4.078172],[103.210082,-4.077625],[103.210083,-4.077377],[103.210627,-4.077304],[103.2108,-4.077602],[103.210924,-4.077503],[103.211072,-4.077603],[103.211419,-4.077405],[103.211791,-4.077082],[103.211865,-4.077431],[103.212062,-4.07758],[103.212113,-4.077207],[103.212187,-4.076984],[103.21246,-4.076835],[103.212534,-4.076985],[103.212434,-4.077183],[103.212731,-4.077457],[103.213101,-4.077781],[103.213398,-4.077931],[103.213645,-4.078081],[103.213669,-4.07828],[103.213669,-4.078503],[103.213545,-4.078578],[103.213693,-4.078876],[103.213816,-4.07905],[103.213692,-4.079249],[103.21366,-4.079409],[103.213041,-4.079633],[103.212396,-4.080197],[103.211509,-4.080761],[103.210865,-4.080679],[103.210381,-4.081163],[103.210461,-4.081729],[103.209897,-4.081809],[103.209012,-4.081483],[103.208206,-4.081805],[103.207642,-4.082127],[103.207078,-4.082449],[103.20772,-4.08334],[103.207558,-4.083743],[103.207316,-4.084147],[103.206672,-4.083822],[103.206271,-4.083417],[103.205789,-4.08285],[103.205464,-4.084062],[103.20498,-4.084384],[103.204257,-4.083736],[103.203774,-4.083977],[103.202647,-4.084056],[103.202164,-4.083893],[103.201036,-4.084456],[103.200796,-4.083647],[103.199993,-4.082918],[103.19951,-4.082594],[103.198543,-4.082996],[103.197575,-4.083964],[103.196606,-4.085255],[103.196042,-4.085496],[103.19556,-4.085172],[103.194753,-4.085978],[103.194108,-4.0863],[103.193222,-4.086864],[103.192256,-4.086862],[103.191369,-4.087345],[103.190887,-4.086778],[103.189123,-4.087078],[103.180579,-4.088533],[103.149166,-4.094317],[103.148794,-4.093942],[103.148721,-4.093802],[103.14828,-4.092856],[103.148076,-4.092485],[103.147988,-4.091813],[103.147786,-4.090717],[103.147522,-4.088731],[103.147397,-4.087639],[103.1474,-4.086261],[103.146852,-4.08404],[103.146736,-4.083576],[103.1468,-4.083322],[103.146046,-4.080813],[103.144923,-4.076318],[103.144208,-4.072808],[103.144154,-4.072628],[103.144117,-4.072245],[103.143674,-4.071023],[103.14313,-4.069522],[103.143215,-4.069489],[103.14321,-4.069471],[103.143646,-4.069298],[103.15741,-4.063845],[103.162632,-4.068606],[103.166253,-4.069221],[103.168477,-4.064578],[103.170596,-4.061956],[103.164469,-4.057395],[103.170419,-4.051548],[103.170439,-4.051575]]]}},{"type":"Feature","properties":{"iddesa":"1673040008","nama_kelurahan":"Alun Dua","kecamatan":"Pagar Alam Utara"},"geometry":{"type":"Polygon","coordinates":[[[103.266544,-4.001454],[103.267183,-4.001799],[103.268205,-4.002221],[103.269227,-4.002924],[103.270249,-4.003767],[103.271132,-4.004142],[103.271736,-4.004097],[103.272109,-4.003771],[103.272714,-4.003772],[103.273132,-4.003913],[103.274062,-4.003775],[103.274621,-4.003589],[103.275225,-4.003684],[103.276074,-4.004205],[103.275641,-4.005404],[103.275594,-4.005537],[103.275579,-4.005666],[103.275919,-4.005605],[103.276762,-4.005021],[103.276804,-4.005089],[103.276994,-4.004925],[103.27713,-4.004809],[103.277493,-4.005093],[103.277677,-4.005156],[103.277873,-4.005184],[103.278478,-4.005186],[103.279036,-4.005467],[103.279593,-4.005608],[103.279873,-4.005329],[103.280431,-4.005376],[103.280989,-4.005611],[103.281314,-4.005705],[103.282105,-4.005567],[103.282803,-4.005568],[103.283128,-4.005943],[103.283219,-4.006457],[103.283498,-4.006878],[103.284055,-4.007206],[103.284799,-4.007394],[103.285358,-4.006975],[103.285963,-4.006696],[103.286428,-4.00693],[103.286659,-4.007491],[103.286519,-4.007958],[103.286192,-4.008565],[103.286195,-4.008583],[103.286722,-4.008908],[103.287136,-4.009385],[103.2874,-4.008988],[103.287726,-4.008988],[103.28833,-4.00927],[103.288422,-4.009784],[103.28847,-4.009962],[103.288819,-4.009928],[103.289441,-4.010398],[103.289673,-4.010788],[103.289214,-4.011363],[103.289049,-4.011568],[103.288504,-4.012114],[103.288545,-4.01226],[103.288696,-4.01226],[103.289254,-4.012261],[103.289718,-4.012729],[103.289717,-4.013383],[103.289716,-4.013727],[103.289716,-4.01385],[103.290086,-4.014645],[103.290086,-4.014793],[103.289638,-4.014756],[103.289275,-4.014707],[103.289058,-4.014439],[103.288767,-4.01439],[103.288259,-4.014316],[103.287922,-4.013756],[103.287437,-4.013974],[103.286929,-4.014046],[103.286637,-4.014483],[103.28637,-4.014871],[103.286297,-4.015211],[103.28591,-4.015308],[103.285353,-4.015234],[103.284821,-4.015232],[103.284531,-4.015037],[103.28395,-4.014939],[103.283466,-4.014914],[103.283199,-4.015472],[103.282909,-4.015277],[103.282497,-4.01513],[103.28228,-4.015081],[103.28199,-4.014813],[103.28153,-4.014569],[103.280829,-4.014519],[103.280079,-4.014396],[103.27974,-4.014152],[103.279402,-4.013787],[103.279112,-4.013689],[103.278652,-4.013737],[103.278361,-4.014077],[103.278167,-4.014465],[103.278118,-4.014611],[103.27819,-4.014975],[103.277947,-4.015267],[103.277487,-4.015557],[103.277196,-4.015532],[103.277148,-4.015265],[103.277028,-4.014827],[103.276666,-4.014608],[103.276157,-4.014704],[103.275867,-4.0148],[103.275552,-4.01463],[103.275189,-4.014945],[103.275503,-4.015213],[103.275405,-4.015456],[103.275236,-4.01565],[103.274703,-4.015649],[103.274074,-4.015623],[103.273783,-4.01606],[103.273202,-4.01584],[103.273008,-4.016058],[103.272911,-4.016155],[103.272475,-4.016446],[103.272063,-4.016664],[103.271821,-4.016712],[103.27153,-4.016711],[103.271409,-4.016735],[103.271168,-4.016613],[103.27078,-4.01688],[103.270078,-4.01683],[103.26974,-4.01661],[103.26928,-4.016439],[103.269038,-4.016439],[103.268699,-4.01673],[103.268287,-4.016729],[103.267948,-4.016704],[103.267537,-4.0168],[103.267608,-4.016843],[103.267512,-4.016856],[103.267512,-4.016984],[103.267336,-4.017307],[103.267013,-4.01759],[103.266661,-4.017785],[103.266476,-4.017971],[103.266348,-4.018128],[103.266202,-4.018412],[103.266045,-4.018656],[103.2658,-4.019008],[103.265615,-4.019096],[103.265263,-4.019252],[103.265224,-4.01936],[103.265087,-4.019428],[103.264638,-4.019604],[103.263984,-4.019808],[103.263651,-4.019954],[103.263485,-4.020062],[103.263329,-4.020208],[103.263143,-4.020316],[103.262997,-4.020423],[103.26286,-4.020354],[103.262704,-4.020383],[103.262538,-4.020432],[103.262265,-4.020343],[103.262051,-4.020216],[103.261113,-4.020939],[103.260654,-4.021075],[103.260146,-4.021328],[103.259482,-4.021327],[103.259121,-4.021405],[103.259115,-4.021413],[103.259111,-4.021411],[103.258882,-4.021492],[103.258229,-4.021859],[103.257805,-4.021965],[103.257577,-4.022144],[103.257202,-4.022168],[103.257128,-4.022299],[103.256859,-4.022159],[103.256232,-4.022068],[103.256061,-4.022067],[103.255702,-4.021985],[103.255556,-4.021853],[103.255548,-4.02169],[103.255549,-4.021411],[103.255557,-4.021223],[103.255541,-4.021109],[103.255484,-4.020977],[103.255411,-4.02083],[103.255314,-4.020699],[103.255208,-4.020658],[103.255045,-4.020657],[103.254906,-4.020567],[103.254776,-4.020444],[103.254679,-4.020378],[103.25465,-4.020344],[103.254993,-4.020357],[103.255282,-4.020127],[103.255912,-4.019276],[103.255754,-4.018759],[103.2559,-4.018528],[103.256198,-4.018502],[103.255551,-4.017937],[103.255367,-4.017858],[103.255376,-4.017497],[103.255268,-4.01714],[103.255211,-4.016951],[103.255229,-4.016784],[103.255054,-4.016696],[103.255072,-4.01615],[103.254679,-4.015929],[103.254538,-4.01592],[103.254381,-4.015893],[103.254302,-4.015805],[103.254171,-4.015691],[103.25397,-4.015496],[103.253681,-4.015267],[103.253366,-4.015302],[103.253076,-4.01538],[103.252813,-4.015406],[103.252708,-4.015406],[103.252638,-4.015397],[103.2527,-4.015107],[103.252639,-4.015071],[103.252536,-4.015041],[103.252538,-4.015032],[103.252467,-4.014978],[103.252574,-4.014837],[103.252539,-4.014677],[103.252433,-4.014411],[103.252346,-4.01418],[103.25224,-4.014002],[103.252311,-4.013949],[103.252487,-4.013949],[103.252753,-4.013843],[103.252824,-4.013719],[103.252912,-4.01356],[103.253036,-4.013578],[103.25323,-4.013756],[103.253442,-4.013827],[103.253636,-4.013774],[103.253742,-4.013597],[103.253866,-4.013473],[103.253867,-4.013296],[103.253867,-4.013172],[103.253796,-4.013136],[103.253708,-4.013047],[103.253603,-4.012816],[103.253444,-4.012621],[103.253162,-4.012549],[103.253056,-4.012549],[103.252967,-4.012584],[103.252879,-4.012637],[103.252808,-4.012619],[103.252685,-4.012548],[103.252561,-4.012388],[103.252473,-4.012228],[103.252314,-4.012228],[103.251979,-4.012227],[103.25182,-4.012227],[103.251643,-4.01212],[103.251555,-4.011978],[103.251573,-4.011925],[103.251626,-4.011907],[103.251644,-4.011801],[103.251379,-4.011552],[103.251168,-4.011445],[103.251062,-4.011285],[103.250991,-4.011178],[103.250903,-4.011178],[103.25078,-4.01093],[103.250727,-4.01077],[103.250533,-4.010681],[103.250339,-4.01084],[103.250285,-4.010893],[103.250373,-4.011106],[103.250355,-4.011212],[103.250337,-4.01139],[103.250266,-4.011496],[103.250178,-4.011496],[103.250002,-4.011425],[103.249843,-4.011247],[103.249702,-4.011051],[103.249596,-4.010927],[103.249543,-4.010927],[103.249455,-4.010944],[103.249331,-4.010944],[103.249208,-4.010944],[103.249049,-4.010819],[103.248837,-4.010641],[103.248749,-4.010499],[103.248802,-4.010428],[103.248838,-4.010251],[103.248838,-4.010127],[103.24875,-4.010003],[103.248644,-4.009967],[103.248486,-4.009825],[103.248398,-4.009665],[103.248292,-4.00954],[103.248344,-4.009512],[103.248486,-4.009434],[103.248664,-4.009204],[103.249053,-4.008708],[103.249425,-4.008177],[103.24994,-4.007291],[103.250259,-4.006848],[103.250418,-4.006617],[103.250455,-4.006644],[103.250476,-4.00666],[103.250523,-4.006294],[103.25057,-4.00578],[103.250571,-4.00536],[103.250616,-4.005305],[103.251224,-4.004567],[103.252652,-4.00314],[103.252716,-4.003076],[103.25402,-4.001864],[103.255046,-4.000979],[103.256255,-4.000841],[103.257232,-4.000703],[103.258023,-4.000471],[103.259187,-4.000147],[103.260443,-3.999776],[103.261234,-3.999871],[103.262582,-4.000341],[103.263558,-4.000623],[103.264255,-4.000858],[103.265185,-4.001047],[103.265743,-4.001048],[103.266486,-4.001424],[103.266544,-4.001454]]]}},{"type":"Feature","properties":{"iddesa":"1673010005","nama_kelurahan":"Atung Bungsu","kecamatan":"Dempo Selatan"},"geometry":{"type":"Polygon","coordinates":[[[103.412687,-3.998819],[103.412696,-3.998895],[103.412841,-3.999288],[103.413012,-3.999828],[103.413259,-4.000162],[103.413293,-4.00055],[103.413247,-4.001117],[103.413109,-4.001876],[103.413062,-4.002315],[103.413061,-4.002799],[103.413169,-4.003549],[103.412968,-4.003933],[103.41284,-4.00438],[103.412612,-4.0047],[103.412338,-4.00501],[103.412279,-4.00503],[103.412265,-4.005083],[103.4118,-4.005585],[103.411298,-4.006032],[103.41107,-4.006333],[103.410878,-4.00668],[103.410713,-4.007128],[103.410549,-4.007548],[103.410515,-4.007802],[103.410593,-4.007975],[103.410785,-4.008362],[103.410848,-4.008362],[103.411303,-4.008217],[103.411467,-4.008208],[103.411612,-4.008327],[103.411676,-4.008501],[103.411784,-4.008812],[103.411784,-4.009105],[103.411738,-4.009352],[103.411667,-4.009537],[103.411555,-4.009644],[103.411272,-4.009982],[103.411017,-4.010155],[103.410634,-4.010456],[103.410124,-4.010775],[103.410001,-4.010842],[103.409762,-4.011042],[103.409608,-4.011151],[103.409485,-4.011295],[103.409466,-4.011669],[103.409575,-4.012017],[103.40982,-4.012319],[103.409897,-4.01237],[103.409874,-4.012685],[103.409755,-4.013114],[103.409508,-4.013544],[103.409271,-4.013936],[103.409088,-4.014238],[103.408851,-4.014484],[103.408413,-4.015224],[103.408038,-4.016055],[103.407673,-4.016539],[103.407394,-4.016965],[103.407726,-4.017426],[103.408047,-4.017869],[103.40817,-4.018039],[103.408434,-4.018414],[103.40877,-4.018973],[103.408987,-4.019439],[103.409005,-4.019869],[103.408886,-4.020152],[103.408757,-4.02049],[103.408393,-4.020846],[103.40801,-4.021083],[103.407523,-4.021255],[103.407498,-4.021284],[103.406763,-4.021559],[103.406595,-4.021559],[103.406561,-4.021629],[103.406561,-4.021857],[103.406761,-4.022105],[103.40696,-4.022416],[103.407269,-4.022618],[103.407478,-4.02281],[103.407669,-4.023002],[103.407669,-4.023121],[103.407669,-4.023213],[103.407578,-4.023304],[103.407486,-4.023377],[103.407395,-4.023422],[103.407295,-4.023495],[103.406976,-4.023696],[103.406667,-4.023752],[103.406667,-4.023771],[103.406465,-4.023828],[103.40601,-4.024188],[103.405809,-4.024727],[103.406035,-4.025202],[103.406189,-4.02566],[103.40627,-4.026135],[103.406279,-4.026145],[103.406451,-4.026593],[103.406433,-4.026821],[103.40625,-4.027031],[103.40605,-4.027159],[103.405831,-4.02725],[103.40544,-4.027322],[103.405279,-4.027322],[103.405191,-4.027454],[103.404182,-4.027452],[103.40308,-4.027255],[103.403018,-4.027345],[103.402953,-4.027793],[103.40298,-4.028131],[103.403198,-4.028397],[103.403425,-4.028662],[103.403406,-4.028973],[103.40315,-4.029347],[103.402923,-4.029448],[103.402714,-4.029564],[103.402449,-4.02952],[103.401912,-4.029656],[103.401447,-4.029728],[103.401256,-4.02992],[103.400991,-4.030102],[103.400799,-4.030476],[103.400325,-4.031134],[103.400051,-4.031554],[103.400132,-4.032011],[103.400204,-4.032477],[103.400385,-4.032926],[103.400539,-4.033082],[103.400876,-4.033155],[103.401287,-4.033105],[103.40164,-4.033431],[103.401886,-4.033688],[103.401931,-4.033962],[103.40193,-4.034273],[103.40192,-4.034538],[103.401865,-4.034721],[103.401728,-4.034967],[103.401664,-4.035058],[103.401537,-4.035204],[103.401445,-4.035341],[103.401363,-4.035433],[103.401245,-4.035542],[103.401108,-4.035615],[103.401008,-4.035706],[103.400907,-4.03577],[103.400761,-4.03587],[103.399895,-4.036518],[103.399403,-4.036946],[103.39933,-4.037248],[103.39932,-4.037504],[103.39942,-4.037705],[103.399629,-4.037916],[103.399738,-4.037953],[103.400147,-4.038328],[103.400185,-4.038332],[103.400219,-4.03842],[103.400537,-4.03875],[103.40081,-4.039116],[103.401009,-4.039528],[103.40109,-4.039958],[103.400926,-4.040314],[103.400625,-4.040734],[103.400305,-4.041135],[103.400168,-4.041693],[103.400021,-4.042095],[103.40003,-4.042424],[103.400193,-4.042598],[103.400657,-4.042937],[103.400965,-4.043276],[103.401178,-4.04336],[103.401456,-4.043743],[103.401456,-4.044008],[103.401346,-4.044282],[103.401063,-4.044629],[103.400862,-4.044839],[103.400625,-4.045204],[103.400624,-4.045671],[103.400769,-4.046028],[103.400969,-4.046266],[103.401141,-4.046604],[103.401167,-4.047135],[103.401191,-4.047395],[103.401167,-4.047509],[103.401121,-4.047784],[103.400573,-4.048578],[103.399806,-4.0495],[103.399614,-4.050148],[103.399376,-4.050678],[103.399339,-4.051044],[103.39891,-4.051381],[103.3984,-4.0516],[103.398129,-4.051821],[103.39799,-4.051855],[103.397762,-4.051873],[103.397444,-4.051872],[103.397271,-4.051908],[103.396997,-4.052072],[103.396705,-4.052273],[103.396568,-4.052437],[103.396559,-4.052583],[103.396394,-4.053031],[103.396366,-4.053634],[103.396288,-4.054062],[103.396265,-4.054192],[103.396264,-4.054466],[103.396218,-4.054777],[103.396035,-4.055234],[103.39587,-4.055663],[103.395514,-4.056074],[103.395168,-4.056439],[103.394848,-4.056804],[103.394607,-4.056923],[103.394484,-4.057096],[103.394265,-4.057342],[103.394182,-4.057589],[103.394172,-4.057927],[103.394172,-4.05821],[103.394335,-4.058476],[103.39449,-4.058668],[103.394744,-4.058879],[103.394999,-4.059026],[103.395371,-4.059255],[103.395635,-4.059502],[103.395853,-4.059713],[103.39608,-4.05996],[103.396235,-4.060134],[103.39632,-4.060255],[103.396334,-4.060491],[103.396333,-4.060866],[103.396215,-4.061112],[103.39594,-4.061596],[103.395766,-4.062108],[103.395747,-4.062693],[103.395582,-4.063122],[103.395226,-4.063606],[103.394889,-4.064044],[103.394588,-4.064291],[103.394215,-4.064763],[103.394131,-4.064994],[103.39383,-4.065331],[103.393695,-4.065574],[103.393602,-4.065742],[103.393537,-4.066017],[103.393327,-4.066574],[103.393098,-4.067177],[103.392942,-4.067579],[103.392741,-4.067917],[103.392495,-4.068254],[103.392239,-4.068519],[103.391748,-4.068692],[103.391274,-4.06891],[103.390908,-4.069485],[103.39086,-4.069533],[103.390826,-4.069823],[103.39077,-4.070171],[103.39066,-4.070536],[103.39066,-4.07081],[103.390659,-4.07114],[103.390641,-4.071396],[103.390349,-4.071687],[103.389565,-4.072134],[103.388927,-4.07248],[103.388425,-4.072799],[103.388234,-4.072936],[103.387896,-4.073374],[103.387732,-4.073639],[103.387513,-4.073812],[103.387276,-4.073958],[103.387134,-4.074004],[103.386994,-4.07403],[103.386757,-4.07403],[103.386707,-4.074015],[103.386438,-4.073938],[103.386217,-4.073866],[103.386003,-4.073797],[103.385956,-4.073781],[103.385674,-4.073714],[103.385241,-4.073483],[103.385026,-4.073368],[103.384331,-4.072434],[103.383462,-4.071791],[103.383057,-4.071266],[103.381724,-4.070156],[103.381203,-4.06963],[103.380797,-4.069338],[103.380275,-4.069337],[103.37981,-4.069511],[103.379577,-4.069685],[103.379172,-4.069393],[103.378998,-4.068984],[103.378883,-4.068693],[103.378593,-4.068401],[103.378419,-4.068342],[103.377665,-4.068224],[103.377085,-4.067757],[103.37668,-4.067348],[103.375982,-4.067871],[103.375517,-4.06822],[103.37511,-4.068627],[103.374762,-4.068859],[103.374703,-4.069209],[103.374354,-4.069441],[103.374238,-4.069266],[103.373949,-4.069033],[103.37389,-4.069149],[103.373831,-4.069848],[103.374063,-4.070082],[103.374236,-4.070257],[103.37412,-4.070548],[103.373945,-4.070723],[103.373887,-4.070897],[103.373828,-4.071247],[103.373712,-4.071305],[103.373711,-4.071771],[103.373652,-4.072121],[103.373246,-4.072237],[103.37284,-4.072119],[103.372724,-4.072061],[103.372607,-4.07241],[103.372606,-4.072935],[103.372431,-4.073051],[103.372315,-4.073284],[103.371967,-4.073341],[103.371909,-4.073341],[103.371793,-4.073283],[103.371677,-4.073049],[103.371387,-4.072932],[103.371155,-4.072932],[103.358322,-4.064475],[103.358113,-4.064338],[103.358693,-4.064281],[103.35875,-4.064224],[103.359042,-4.063932],[103.359043,-4.063582],[103.35916,-4.063232],[103.359509,-4.063],[103.359915,-4.062768],[103.360206,-4.062535],[103.360787,-4.062303],[103.361136,-4.062013],[103.360905,-4.061429],[103.360615,-4.061196],[103.3605,-4.060787],[103.360558,-4.060554],[103.360675,-4.060147],[103.360734,-4.059855],[103.360212,-4.059504],[103.359806,-4.059445],[103.359342,-4.059386],[103.358878,-4.059152],[103.358472,-4.058976],[103.357892,-4.058859],[103.357486,-4.058858],[103.357311,-4.059032],[103.356789,-4.05909],[103.356497,-4.059672],[103.356149,-4.059671],[103.355685,-4.05967],[103.355568,-4.059786],[103.355915,-4.06037],[103.356205,-4.06072],[103.355914,-4.061186],[103.355565,-4.061477],[103.3551,-4.061709],[103.354752,-4.061708],[103.354172,-4.061474],[103.353824,-4.061473],[103.353476,-4.061298],[103.352838,-4.060772],[103.352781,-4.060364],[103.353189,-4.059782],[103.353538,-4.059374],[103.353306,-4.059141],[103.352958,-4.059023],[103.352551,-4.059197],[103.352028,-4.059663],[103.351506,-4.05972],[103.350983,-4.059894],[103.350926,-4.059486],[103.350869,-4.058961],[103.350928,-4.058436],[103.350929,-4.057795],[103.35093,-4.057213],[103.350525,-4.056745],[103.350353,-4.055579],[103.34995,-4.054238],[103.349951,-4.05348],[103.349663,-4.052547],[103.34949,-4.051964],[103.349491,-4.051265],[103.349029,-4.050564],[103.34903,-4.05004],[103.34909,-4.048933],[103.348903,-4.048176],[103.34886,-4.048],[103.348977,-4.047592],[103.349094,-4.047009],[103.349096,-4.046019],[103.348922,-4.045843],[103.348458,-4.045726],[103.348109,-4.045958],[103.34776,-4.046249],[103.347529,-4.045724],[103.347239,-4.045607],[103.346891,-4.045839],[103.346369,-4.045488],[103.345904,-4.045779],[103.345638,-4.045956],[103.345381,-4.046127],[103.344973,-4.046826],[103.344362,-4.04708],[103.344301,-4.047106],[103.344276,-4.047116],[103.34416,-4.047116],[103.34393,-4.046241],[103.343816,-4.045308],[103.343817,-4.044726],[103.343934,-4.043968],[103.343588,-4.043151],[103.343415,-4.042393],[103.343185,-4.041577],[103.342722,-4.040877],[103.342378,-4.040406],[103.342344,-4.04036],[103.342378,-4.040314],[103.342472,-4.040188],[103.343547,-4.037683],[103.343374,-4.034807],[103.342845,-4.030852],[103.344108,-4.025822],[103.345832,-4.022549],[103.34581,-4.022449],[103.345811,-4.022312],[103.345811,-4.022184],[103.345839,-4.022001],[103.345875,-4.021873],[103.345912,-4.021736],[103.346131,-4.021371],[103.346341,-4.021125],[103.346633,-4.020933],[103.346652,-4.020917],[103.347342,-4.019538],[103.347168,-4.017202],[103.34753,-4.015225],[103.348413,-4.014121],[103.348965,-4.013431],[103.350011,-4.012647],[103.350045,-4.012566],[103.35021,-4.012274],[103.350583,-4.012019],[103.35082,-4.012004],[103.351474,-4.011459],[103.351302,-4.008403],[103.352028,-4.003372],[103.35341,-4.002143],[103.353444,-4.002105],[103.353626,-4.001895],[103.354164,-4.001613],[103.354592,-4.001376],[103.354938,-4.001121],[103.35523,-4.000856],[103.35575,-4.000665],[103.356133,-4.000346],[103.356552,-4.000045],[103.35663,-3.999955],[103.356688,-3.999607],[103.357,-3.99852],[103.35893,-3.998083],[103.359538,-3.997542],[103.359839,-3.997373],[103.35998,-3.997255],[103.360218,-3.996972],[103.360336,-3.996707],[103.360619,-3.996461],[103.360911,-3.996324],[103.361202,-3.996297],[103.361439,-3.996307],[103.361775,-3.996481],[103.362025,-3.996512],[103.363857,-3.996332],[103.365611,-3.995997],[103.366691,-3.99566],[103.367506,-3.995049],[103.367522,-3.995021],[103.367978,-3.994647],[103.368191,-3.994434],[103.368325,-3.99441],[103.368925,-3.994438],[103.36909,-3.994465],[103.370826,-3.994512],[103.37101,-3.994461],[103.371277,-3.99441],[103.372417,-3.993955],[103.372686,-3.993833],[103.373206,-3.993615],[103.37377,-3.993369],[103.374114,-3.993191],[103.375061,-3.991613],[103.375171,-3.991543],[103.375186,-3.991059],[103.375278,-3.990547],[103.37547,-3.990072],[103.375471,-3.989679],[103.376155,-3.988885],[103.37651,-3.988886],[103.37672,-3.988978],[103.376874,-3.989234],[103.377055,-3.989454],[103.377301,-3.98961],[103.377547,-3.989656],[103.377986,-3.989748],[103.378349,-3.989516],[103.378658,-3.989183],[103.379078,-3.988672],[103.379324,-3.988407],[103.379753,-3.987841],[103.3802,-3.987696],[103.380718,-3.987852],[103.381191,-3.988136],[103.381309,-3.988154],[103.381812,-3.988173],[103.381971,-3.988318],[103.382292,-3.988459],[103.382646,-3.988697],[103.382847,-3.988761],[103.383364,-3.989457],[103.383483,-3.989697],[103.384639,-3.990752],[103.385181,-3.990831],[103.385428,-3.990823],[103.386023,-3.990829],[103.386274,-3.990944],[103.386527,-3.991026],[103.387471,-3.991164],[103.388146,-3.990826],[103.3884,-3.990343],[103.388497,-3.990052],[103.388652,-3.989842],[103.388667,-3.989836],[103.388823,-3.989541],[103.389834,-3.989543],[103.391316,-3.990494],[103.391813,-3.990495],[103.39226,-3.990496],[103.392666,-3.989887],[103.392871,-3.988533],[103.393276,-3.988127],[103.394088,-3.988164],[103.394282,-3.988071],[103.3946,-3.988099],[103.394806,-3.988197],[103.394827,-3.988198],[103.395439,-3.985964],[103.395672,-3.985944],[103.395724,-3.985888],[103.396152,-3.985889],[103.396184,-3.985901],[103.39699,-3.985832],[103.398303,-3.986227],[103.398364,-3.986223],[103.398828,-3.986306],[103.39905,-3.986453],[103.400158,-3.986786],[103.401371,-3.987127],[103.404004,-3.987122],[103.404021,-3.98711],[103.404045,-3.98718],[103.404653,-3.9872],[103.405032,-3.987296],[103.405082,-3.987329],[103.405308,-3.987306],[103.405763,-3.987298],[103.406081,-3.987573],[103.406226,-3.987893],[103.406225,-3.988185],[103.406303,-3.988436],[103.406511,-3.988558],[103.406797,-3.988587],[103.407081,-3.988616],[103.408297,-3.988256],[103.409171,-3.987876],[103.409361,-3.987667],[103.409552,-3.9874],[103.409723,-3.987038],[103.410105,-3.986143],[103.410276,-3.985971],[103.410637,-3.985896],[103.410661,-3.9859],[103.410681,-3.985872],[103.41096,-3.985552],[103.411238,-3.985462],[103.411492,-3.985471],[103.412409,-3.986184],[103.412878,-3.986034],[103.413201,-3.985786],[103.413353,-3.985641],[103.413386,-3.985457],[103.41386,-3.985083],[103.414256,-3.985044],[103.414437,-3.984969],[103.415407,-3.984777],[103.414886,-3.985818],[103.414878,-3.985843],[103.414814,-3.986246],[103.414795,-3.98652],[103.414767,-3.986968],[103.414739,-3.987297],[103.414601,-3.9879],[103.414364,-3.988256],[103.414333,-3.988282],[103.414327,-3.988448],[103.413907,-3.988977],[103.413569,-3.989498],[103.413505,-3.989909],[103.413486,-3.990421],[103.413439,-3.991299],[103.413382,-3.99224],[103.413475,-3.992389],[103.413363,-3.992935],[103.413151,-3.993904],[103.41315,-3.994562],[103.412785,-3.994872],[103.412703,-3.995311],[103.412492,-3.995996],[103.412436,-3.996544],[103.412411,-3.996618],[103.41258,-3.997276],[103.41257,-3.997861],[103.412633,-3.998373],[103.412687,-3.998819]]]}},{"type":"Feature","properties":{"iddesa":"1673040006","nama_kelurahan":"Bangun Jaya","kecamatan":"Pagar Alam Utara"},"geometry":{"type":"Polygon","coordinates":[[[103.255754,-4.018759],[103.255912,-4.019276],[103.255282,-4.020127],[103.254993,-4.020357],[103.25465,-4.020344],[103.254637,-4.020344],[103.254632,-4.020338],[103.254606,-4.020307],[103.254518,-4.020258],[103.254372,-4.020336],[103.254235,-4.020307],[103.254118,-4.020306],[103.25404,-4.020345],[103.253893,-4.020374],[103.253747,-4.020374],[103.253601,-4.020344],[103.253552,-4.020266],[103.253445,-4.020364],[103.253122,-4.020549],[103.252878,-4.020676],[103.252292,-4.020959],[103.251647,-4.0213],[103.250798,-4.0217],[103.250801,-4.021706],[103.250808,-4.021717],[103.250532,-4.021778],[103.250407,-4.021837],[103.250405,-4.021838],[103.250302,-4.021635],[103.250302,-4.021516],[103.25037,-4.02143],[103.250447,-4.021379],[103.250388,-4.021209],[103.250286,-4.021072],[103.250116,-4.020884],[103.250168,-4.020637],[103.250007,-4.020287],[103.249855,-4.020056],[103.249872,-4.019817],[103.249881,-4.019553],[103.249908,-4.019263],[103.249912,-4.019218],[103.249916,-4.019169],[103.250095,-4.019135],[103.250265,-4.019136],[103.250316,-4.019102],[103.250375,-4.019008],[103.250418,-4.018846],[103.250461,-4.018778],[103.250486,-4.018667],[103.250512,-4.018497],[103.250529,-4.01836],[103.250555,-4.018258],[103.25064,-4.018147],[103.250776,-4.018045],[103.250955,-4.017943],[103.251159,-4.017807],[103.251312,-4.017731],[103.251668,-4.018303],[103.252235,-4.019208],[103.252514,-4.019627],[103.252786,-4.019448],[103.252889,-4.019286],[103.252957,-4.019108],[103.253025,-4.019125],[103.253229,-4.018912],[103.253399,-4.018673],[103.25368,-4.018538],[103.25396,-4.018675],[103.254232,-4.018769],[103.2543,-4.018769],[103.254478,-4.018727],[103.254682,-4.018727],[103.254843,-4.018813],[103.254979,-4.018941],[103.255012,-4.01901],[103.255225,-4.019121],[103.255378,-4.019019],[103.255522,-4.018977],[103.255658,-4.018832],[103.255735,-4.018696],[103.255754,-4.018759]]]}},{"type":"Feature","properties":{"iddesa":"1673040002","nama_kelurahan":"Bangun Rejo","kecamatan":"Pagar Alam Utara"},"geometry":{"type":"Polygon","coordinates":[[[103.235585,-4.017995],[103.235612,-4.018127],[103.235612,-4.018371],[103.235611,-4.018601],[103.235811,-4.018947],[103.236311,-4.019178],[103.236683,-4.019653],[103.236653,-4.020228],[103.236677,-4.022111],[103.236703,-4.022412],[103.236483,-4.022464],[103.236371,-4.022666],[103.236237,-4.022531],[103.23617,-4.022598],[103.235679,-4.02244],[103.235432,-4.022709],[103.23503,-4.022573],[103.234561,-4.022617],[103.234226,-4.022572],[103.234114,-4.022661],[103.233644,-4.022795],[103.233242,-4.022861],[103.23295,-4.023197],[103.232839,-4.023197],[103.23257,-4.023196],[103.232324,-4.023286],[103.231922,-4.02333],[103.231207,-4.023328],[103.230827,-4.023215],[103.230626,-4.023035],[103.230559,-4.02317],[103.230447,-4.02308],[103.230068,-4.022809],[103.229016,-4.023481],[103.228232,-4.024107],[103.228096,-4.024893],[103.227403,-4.02516],[103.227356,-4.025155],[103.227221,-4.024996],[103.227073,-4.024954],[103.226692,-4.025017],[103.226353,-4.02508],[103.226269,-4.025143],[103.226036,-4.024951],[103.225464,-4.025248],[103.225168,-4.02529],[103.224723,-4.02531],[103.224195,-4.025075],[103.224004,-4.025096],[103.223898,-4.025138],[103.22356,-4.024925],[103.223201,-4.024775],[103.222799,-4.024732],[103.222481,-4.024774],[103.222206,-4.024879],[103.221719,-4.024857],[103.221508,-4.024495],[103.221022,-4.024239],[103.22062,-4.024004],[103.22007,-4.024301],[103.219879,-4.024385],[103.21954,-4.024363],[103.219265,-4.024363],[103.218906,-4.024319],[103.21863,-4.02434],[103.218557,-4.024295],[103.218565,-4.024229],[103.218725,-4.02308],[103.22355,-4.0189],[103.223624,-4.018835],[103.223645,-4.018835],[103.223841,-4.018836],[103.22404,-4.018945],[103.224167,-4.019018],[103.224257,-4.019],[103.224493,-4.019001],[103.224674,-4.018929],[103.224874,-4.018783],[103.224946,-4.018747],[103.225145,-4.018711],[103.225272,-4.018712],[103.225453,-4.018748],[103.225525,-4.018821],[103.225634,-4.018767],[103.225761,-4.01884],[103.226069,-4.018786],[103.226576,-4.018569],[103.226703,-4.018406],[103.227065,-4.018443],[103.227391,-4.018425],[103.227663,-4.018517],[103.227916,-4.018663],[103.228115,-4.018663],[103.228241,-4.018918],[103.228386,-4.018955],[103.228531,-4.018864],[103.22873,-4.018974],[103.228875,-4.01881],[103.231068,-4.01796],[103.231322,-4.017961],[103.231557,-4.018198],[103.231701,-4.018344],[103.233131,-4.018729],[103.233132,-4.018547],[103.233494,-4.018439],[103.233566,-4.018584],[103.233729,-4.018457],[103.234164,-4.018476],[103.234309,-4.01844],[103.234526,-4.01855],[103.23487,-4.018351],[103.235088,-4.018351],[103.235124,-4.01826],[103.235414,-4.018134],[103.235585,-4.017995]]]}},{"type":"Feature","properties":{"iddesa":"1673030004","nama_kelurahan":"Basemah Serasan","kecamatan":"Pagar Alam Selatan"},"geometry":{"type":"Polygon","coordinates":[[[103.259053,-4.024116],[103.255802,-4.024848],[103.255958,-4.025053],[103.25588,-4.025069],[103.255754,-4.025037],[103.255628,-4.025163],[103.25555,-4.025226],[103.255252,-4.025304],[103.254906,-4.025539],[103.254608,-4.025696],[103.254498,-4.025916],[103.254356,-4.026105],[103.254341,-4.026058],[103.254153,-4.026089],[103.253948,-4.026246],[103.253776,-4.026324],[103.253767,-4.026298],[103.253705,-4.026102],[103.253703,-4.026095],[103.253636,-4.025883],[103.25351,-4.025725],[103.253448,-4.025651],[103.253338,-4.02552],[103.251776,-4.025849],[103.251751,-4.025854],[103.251735,-4.025837],[103.251696,-4.025788],[103.251648,-4.025661],[103.251648,-4.025504],[103.251814,-4.025348],[103.252117,-4.025045],[103.252284,-4.024849],[103.252411,-4.024722],[103.252587,-4.024654],[103.252538,-4.024428],[103.252529,-4.024291],[103.252539,-4.024183],[103.2525,-4.024105],[103.25252,-4.024017],[103.252539,-4.023889],[103.252393,-4.023889],[103.252217,-4.023898],[103.252061,-4.023908],[103.251993,-4.023839],[103.251827,-4.023868],[103.25172,-4.023858],[103.251603,-4.023642],[103.251555,-4.023476],[103.251555,-4.023436],[103.251633,-4.023182],[103.251614,-4.023025],[103.251498,-4.022809],[103.25105,-4.022093],[103.250808,-4.021717],[103.250801,-4.021706],[103.250798,-4.0217],[103.251647,-4.0213],[103.252292,-4.020959],[103.252878,-4.020676],[103.253122,-4.020549],[103.253445,-4.020364],[103.253552,-4.020266],[103.253601,-4.020344],[103.253747,-4.020374],[103.253893,-4.020374],[103.25404,-4.020345],[103.254118,-4.020306],[103.254235,-4.020307],[103.254372,-4.020336],[103.254518,-4.020258],[103.254606,-4.020307],[103.254632,-4.020338],[103.254637,-4.020344],[103.25465,-4.020344],[103.254679,-4.020378],[103.254776,-4.020444],[103.254906,-4.020567],[103.255045,-4.020657],[103.255208,-4.020658],[103.255314,-4.020699],[103.255411,-4.02083],[103.255484,-4.020977],[103.255541,-4.021109],[103.255557,-4.021223],[103.255549,-4.021411],[103.255548,-4.02169],[103.255556,-4.021853],[103.255702,-4.021985],[103.256061,-4.022067],[103.256232,-4.022068],[103.256859,-4.022159],[103.257128,-4.022299],[103.257202,-4.022168],[103.257577,-4.022144],[103.257805,-4.021965],[103.258229,-4.021859],[103.258882,-4.021492],[103.259111,-4.021411],[103.259115,-4.021413],[103.259121,-4.021405],[103.259482,-4.021327],[103.260146,-4.021328],[103.260654,-4.021075],[103.261113,-4.020939],[103.262051,-4.020216],[103.262265,-4.020343],[103.262538,-4.020432],[103.262704,-4.020383],[103.26286,-4.020354],[103.262997,-4.020423],[103.263143,-4.020316],[103.263329,-4.020208],[103.263485,-4.020062],[103.263651,-4.019954],[103.263984,-4.019808],[103.264638,-4.019604],[103.265087,-4.019428],[103.265224,-4.01936],[103.265263,-4.019252],[103.265615,-4.019096],[103.2658,-4.019008],[103.266045,-4.018656],[103.266202,-4.018412],[103.266348,-4.018128],[103.266476,-4.017971],[103.266661,-4.017785],[103.267013,-4.01759],[103.267336,-4.017307],[103.267512,-4.016984],[103.267512,-4.016856],[103.267608,-4.016843],[103.268141,-4.017166],[103.268335,-4.017166],[103.268818,-4.017313],[103.269278,-4.01763],[103.269566,-4.018311],[103.26959,-4.01887],[103.269734,-4.019308],[103.269685,-4.019357],[103.269806,-4.019649],[103.270143,-4.020208],[103.270602,-4.020938],[103.270722,-4.021255],[103.259324,-4.023972],[103.259002,-4.024049],[103.259053,-4.024116]]]}},{"type":"Feature","properties":{"iddesa":"1673040007","nama_kelurahan":"Beringin Jaya","kecamatan":"Pagar Alam Utara"},"geometry":{"type":"Polygon","coordinates":[[[103.248344,-4.009512],[103.248292,-4.00954],[103.248398,-4.009665],[103.248486,-4.009825],[103.248644,-4.009967],[103.24875,-4.010003],[103.248838,-4.010127],[103.248838,-4.010251],[103.248802,-4.010428],[103.248749,-4.010499],[103.248837,-4.010641],[103.249049,-4.010819],[103.249208,-4.010944],[103.249331,-4.010944],[103.249455,-4.010944],[103.249543,-4.010927],[103.249596,-4.010927],[103.249702,-4.011051],[103.249843,-4.011247],[103.250002,-4.011425],[103.250178,-4.011496],[103.250266,-4.011496],[103.250337,-4.01139],[103.250355,-4.011212],[103.250373,-4.011106],[103.250285,-4.010893],[103.250339,-4.01084],[103.250533,-4.010681],[103.250727,-4.01077],[103.25078,-4.01093],[103.250903,-4.011178],[103.250991,-4.011178],[103.251062,-4.011285],[103.251168,-4.011445],[103.251379,-4.011552],[103.251644,-4.011801],[103.251626,-4.011907],[103.251573,-4.011925],[103.251555,-4.011978],[103.251643,-4.01212],[103.25182,-4.012227],[103.251979,-4.012227],[103.252314,-4.012228],[103.252473,-4.012228],[103.252561,-4.012388],[103.252685,-4.012548],[103.252808,-4.012619],[103.252879,-4.012637],[103.252967,-4.012584],[103.253056,-4.012549],[103.253162,-4.012549],[103.253444,-4.012621],[103.253603,-4.012816],[103.253708,-4.013047],[103.253796,-4.013136],[103.253867,-4.013172],[103.253867,-4.013296],[103.253866,-4.013473],[103.253742,-4.013597],[103.253636,-4.013774],[103.253442,-4.013827],[103.25323,-4.013756],[103.253036,-4.013578],[103.252912,-4.01356],[103.252824,-4.013719],[103.252753,-4.013843],[103.252487,-4.013949],[103.252311,-4.013949],[103.25224,-4.014002],[103.252346,-4.01418],[103.252433,-4.014411],[103.252539,-4.014677],[103.252574,-4.014837],[103.252467,-4.014978],[103.252538,-4.015032],[103.252536,-4.015041],[103.25249,-4.015027],[103.252376,-4.015018],[103.252306,-4.014974],[103.252149,-4.014877],[103.252043,-4.014885],[103.251912,-4.014797],[103.251658,-4.014673],[103.251562,-4.014717],[103.251404,-4.01484],[103.251245,-4.015103],[103.251193,-4.015095],[103.250965,-4.015068],[103.250895,-4.014997],[103.250668,-4.014759],[103.250616,-4.014583],[103.250511,-4.014521],[103.250362,-4.014442],[103.250151,-4.014503],[103.250116,-4.014599],[103.250028,-4.014802],[103.249905,-4.014819],[103.249765,-4.014783],[103.249625,-4.014722],[103.249616,-4.014757],[103.249467,-4.014844],[103.249336,-4.014853],[103.249187,-4.014729],[103.248995,-4.014527],[103.24889,-4.0145],[103.248706,-4.014429],[103.248478,-4.01464],[103.248293,-4.014921],[103.248143,-4.015202],[103.248056,-4.015202],[103.247977,-4.015176],[103.247903,-4.015161],[103.247901,-4.015134],[103.247758,-4.015019],[103.247615,-4.01499],[103.247415,-4.01509],[103.247142,-4.015147],[103.246928,-4.01506],[103.246713,-4.015002],[103.246485,-4.014815],[103.246184,-4.014771],[103.245969,-4.014771],[103.245754,-4.015115],[103.245582,-4.015115],[103.245339,-4.0151],[103.245167,-4.015056],[103.24511,-4.015128],[103.244708,-4.015329],[103.244451,-4.015328],[103.244222,-4.015299],[103.244108,-4.015155],[103.24395,-4.015169],[103.243664,-4.01524],[103.243563,-4.015427],[103.243333,-4.015656],[103.243161,-4.015728],[103.243004,-4.015713],[103.24289,-4.015627],[103.242718,-4.01577],[103.242431,-4.015769],[103.242131,-4.015769],[103.241959,-4.015696],[103.241788,-4.01538],[103.241803,-4.015207],[103.241932,-4.014949],[103.241804,-4.01479],[103.241632,-4.014905],[103.241302,-4.014976],[103.241001,-4.015062],[103.240729,-4.015047],[103.240615,-4.014888],[103.240343,-4.014945],[103.239656,-4.01493],[103.23957,-4.015088],[103.239369,-4.015331],[103.239239,-4.015705],[103.239152,-4.016122],[103.238895,-4.016207],[103.238522,-4.016264],[103.238179,-4.016292],[103.237864,-4.016105],[103.237836,-4.016018],[103.23785,-4.015817],[103.237822,-4.015515],[103.237737,-4.015342],[103.237523,-4.015126],[103.23738,-4.015068],[103.237079,-4.015039],[103.236692,-4.015053],[103.236277,-4.015023],[103.236091,-4.014951],[103.236034,-4.014965],[103.235876,-4.015065],[103.235676,-4.01528],[103.235632,-4.01541],[103.235775,-4.015626],[103.235674,-4.015827],[103.235474,-4.015654],[103.235203,-4.015552],[103.234945,-4.015581],[103.234472,-4.015882],[103.234372,-4.015795],[103.234157,-4.015622],[103.233957,-4.015593],[103.233933,-4.015622],[103.234013,-4.014753],[103.23402,-4.013973],[103.234032,-4.012806],[103.234802,-4.012807],[103.235172,-4.01266],[103.235675,-4.012646],[103.236164,-4.012647],[103.236608,-4.012767],[103.237007,-4.012812],[103.237244,-4.012828],[103.237673,-4.012814],[103.238073,-4.0128],[103.238739,-4.012875],[103.23905,-4.012846],[103.239317,-4.012728],[103.239716,-4.012699],[103.240145,-4.012774],[103.240545,-4.012879],[103.240811,-4.013043],[103.241062,-4.013178],[103.24124,-4.013312],[103.241318,-4.011201],[103.241407,-4.011276],[103.241496,-4.011306],[103.241555,-4.011306],[103.241659,-4.011306],[103.241895,-4.011262],[103.242118,-4.011248],[103.242295,-4.011248],[103.24234,-4.011248],[103.242621,-4.011263],[103.242754,-4.011264],[103.242961,-4.011264],[103.243095,-4.011264],[103.243346,-4.011384],[103.243523,-4.011429],[103.243526,-4.010344],[103.2436,-4.010344],[103.243792,-4.010329],[103.243984,-4.010419],[103.243866,-4.010612],[103.243925,-4.010687],[103.244043,-4.010821],[103.244309,-4.010836],[103.244517,-4.010822],[103.244783,-4.010778],[103.244976,-4.010763],[103.245079,-4.010748],[103.245242,-4.010793],[103.245286,-4.010794],[103.245449,-4.010749],[103.245701,-4.010661],[103.245938,-4.010557],[103.246175,-4.010379],[103.246235,-4.010171],[103.246206,-4.010008],[103.246206,-4.009725],[103.246251,-4.009562],[103.24668,-4.00989],[103.24708,-4.009653],[103.247465,-4.009341],[103.247924,-4.009432],[103.248344,-4.009512]]]}},{"type":"Feature","properties":{"iddesa":"1673020006","nama_kelurahan":"Bumi Agung","kecamatan":"Dempo Utara"},"geometry":{"type":"Polygon","coordinates":[[[103.19174,-4.04147],[103.195195,-4.051746],[103.196441,-4.055452],[103.198933,-4.058837],[103.200085,-4.059805],[103.20005,-4.060151],[103.199987,-4.06077],[103.197292,-4.062019],[103.192567,-4.067995],[103.194136,-4.073043],[103.191,-4.07251],[103.185871,-4.071185],[103.182562,-4.065721],[103.177447,-4.058333],[103.17463,-4.057923],[103.172726,-4.054584],[103.170478,-4.051626],[103.170439,-4.051575],[103.172033,-4.049701],[103.175198,-4.053184],[103.177984,-4.054155],[103.186943,-4.046452],[103.187525,-4.04375],[103.187244,-4.040563],[103.191665,-4.041249],[103.19174,-4.04147]]]}},{"type":"Feature","properties":{"iddesa":"1673020001","nama_kelurahan":"Burung Dinang","kecamatan":"Dempo Utara"},"geometry":{"type":"Polygon","coordinates":[[[103.235995,-4.077334],[103.236033,-4.077448],[103.236032,-4.077748],[103.235562,-4.078175],[103.235007,-4.07856],[103.234408,-4.079158],[103.233895,-4.079543],[103.233468,-4.079884],[103.233041,-4.080226],[103.23257,-4.080782],[103.232228,-4.081338],[103.232226,-4.081852],[103.232225,-4.082409],[103.23231,-4.082795],[103.231924,-4.083437],[103.23171,-4.08395],[103.231666,-4.084379],[103.232049,-4.084851],[103.232133,-4.085494],[103.232345,-4.086008],[103.232643,-4.086394],[103.233325,-4.08691],[103.233964,-4.087126],[103.234604,-4.087127],[103.235199,-4.088114],[103.235326,-4.088671],[103.235282,-4.089056],[103.235324,-4.089442],[103.235494,-4.089742],[103.235536,-4.090342],[103.236046,-4.090857],[103.236644,-4.090944],[103.236942,-4.091073],[103.237112,-4.091374],[103.236898,-4.091759],[103.23711,-4.092402],[103.237578,-4.09266],[103.238345,-4.093304],[103.2386,-4.093648],[103.238654,-4.093648],[103.23879,-4.093969],[103.23895,-4.09413],[103.23879,-4.09429],[103.238868,-4.094973],[103.238787,-4.095455],[103.238586,-4.095857],[103.238265,-4.096378],[103.238064,-4.096779],[103.238102,-4.097623],[103.238501,-4.098227],[103.239019,-4.098951],[103.239498,-4.099555],[103.239617,-4.100158],[103.239576,-4.10072],[103.239255,-4.101161],[103.239373,-4.101925],[103.239492,-4.102327],[103.239131,-4.102929],[103.239009,-4.103571],[103.238488,-4.104012],[103.238168,-4.104253],[103.238247,-4.104333],[103.238326,-4.104976],[103.238725,-4.105419],[103.238844,-4.105741],[103.238683,-4.106343],[103.237962,-4.106823],[103.237401,-4.107264],[103.236841,-4.107183],[103.236281,-4.107181],[103.235839,-4.107622],[103.235679,-4.107783],[103.235959,-4.108064],[103.235877,-4.108787],[103.235035,-4.109308],[103.234475,-4.109668],[103.234394,-4.109949],[103.233992,-4.110672],[103.234112,-4.110833],[103.233752,-4.110952],[103.23315,-4.111433],[103.232909,-4.111754],[103.232748,-4.112316],[103.232667,-4.112959],[103.232466,-4.113239],[103.232265,-4.11356],[103.232305,-4.113681],[103.232064,-4.113962],[103.231623,-4.114483],[103.231623,-4.114644],[103.231342,-4.114724],[103.231021,-4.115165],[103.23042,-4.115605],[103.2303,-4.115645],[103.230101,-4.115364],[103.229901,-4.115042],[103.229262,-4.114719],[103.229022,-4.114598],[103.228581,-4.114838],[103.228781,-4.11516],[103.22838,-4.1154],[103.228099,-4.115801],[103.227219,-4.115879],[103.226618,-4.115918],[103.226178,-4.115917],[103.225899,-4.115676],[103.225418,-4.115835],[103.225178,-4.115995],[103.224736,-4.116597],[103.224711,-4.116638],[103.224415,-4.117119],[103.223935,-4.117158],[103.223094,-4.117317],[103.222294,-4.117154],[103.221734,-4.117394],[103.22096,-4.11771],[103.220893,-4.117713],[103.219893,-4.11735],[103.219373,-4.117228],[103.218613,-4.117347],[103.218172,-4.117667],[103.217931,-4.118109],[103.217609,-4.11871],[103.217769,-4.119072],[103.217688,-4.119394],[103.217606,-4.120318],[103.217405,-4.120719],[103.217644,-4.12096],[103.217523,-4.121563],[103.217482,-4.122005],[103.217322,-4.122245],[103.216921,-4.122646],[103.217,-4.123008],[103.217319,-4.12333],[103.217798,-4.123693],[103.217718,-4.123934],[103.217357,-4.124174],[103.217037,-4.124254],[103.216637,-4.124012],[103.216636,-4.124494],[103.216755,-4.125016],[103.216634,-4.125619],[103.216673,-4.12598],[103.216792,-4.126262],[103.216432,-4.126422],[103.216191,-4.126743],[103.21639,-4.127225],[103.216069,-4.127546],[103.215628,-4.127987],[103.215508,-4.128107],[103.215507,-4.128509],[103.215267,-4.128589],[103.215346,-4.129151],[103.215185,-4.129392],[103.214945,-4.129472],[103.215183,-4.130115],[103.215263,-4.130437],[103.214861,-4.130998],[103.214861,-4.131239],[103.21506,-4.131642],[103.215499,-4.131964],[103.216059,-4.132166],[103.216459,-4.132448],[103.216417,-4.13285],[103.216017,-4.13309],[103.215697,-4.13317],[103.215216,-4.133209],[103.214696,-4.133489],[103.214455,-4.133769],[103.214614,-4.134011],[103.214974,-4.134373],[103.215333,-4.134575],[103.215292,-4.135218],[103.21489,-4.13602],[103.214848,-4.136703],[103.214928,-4.137145],[103.215206,-4.137749],[103.215726,-4.138071],[103.215805,-4.138393],[103.215964,-4.138715],[103.215723,-4.139236],[103.215283,-4.139316],[103.214842,-4.139395],[103.214401,-4.139876],[103.214,-4.140478],[103.213999,-4.14088],[103.213998,-4.141081],[103.213638,-4.141321],[103.212716,-4.141801],[103.212435,-4.142282],[103.212075,-4.142482],[103.212073,-4.143205],[103.212152,-4.143446],[103.212127,-4.143661],[103.21179,-4.144165],[103.211342,-4.144781],[103.210726,-4.145397],[103.210055,-4.145676],[103.20944,-4.146011],[103.208378,-4.146177],[103.207539,-4.146568],[103.206811,-4.147408],[103.206361,-4.148641],[103.206193,-4.149033],[103.204851,-4.149198],[103.203902,-4.14914],[103.203175,-4.149531],[103.202336,-4.150034],[103.201609,-4.150144],[103.201216,-4.151153],[103.200544,-4.151656],[103.200208,-4.152104],[103.199872,-4.152552],[103.199536,-4.152664],[103.198307,-4.152885],[103.197189,-4.153163],[103.19663,-4.153386],[103.196573,-4.153835],[103.196571,-4.154508],[103.19618,-4.154619],[103.195956,-4.154787],[103.195454,-4.154449],[103.195231,-4.154168],[103.195231,-4.154281],[103.195119,-4.154505],[103.195174,-4.154841],[103.195061,-4.155066],[103.194055,-4.155175],[103.193776,-4.155287],[103.193552,-4.155399],[103.193663,-4.155679],[103.193886,-4.15596],[103.193551,-4.156128],[103.193326,-4.156408],[103.193214,-4.156632],[103.193492,-4.157474],[103.193658,-4.157923],[103.193769,-4.158204],[103.193769,-4.158316],[103.193824,-4.158541],[103.193433,-4.15882],[103.19293,-4.158595],[103.192149,-4.158425],[103.192093,-4.158537],[103.191534,-4.158367],[103.191422,-4.158816],[103.191086,-4.158871],[103.190639,-4.158982],[103.191028,-4.159712],[103.191809,-4.160219],[103.192423,-4.160781],[103.192701,-4.161062],[103.193204,-4.161176],[103.193651,-4.161289],[103.194209,-4.161402],[103.194598,-4.162132],[103.194429,-4.162749],[103.194372,-4.163254],[103.193981,-4.163533],[103.193477,-4.163869],[103.193196,-4.164766],[103.193529,-4.16572],[103.193695,-4.166337],[103.193358,-4.167178],[103.192909,-4.167794],[103.192908,-4.168355],[103.19246,-4.168915],[103.192123,-4.169531],[103.192011,-4.169699],[103.191954,-4.170204],[103.191953,-4.170821],[103.191449,-4.171268],[103.190499,-4.171547],[103.189436,-4.171993],[103.188765,-4.172328],[103.188987,-4.173002],[103.189656,-4.173452],[103.1896,-4.17362],[103.18904,-4.173955],[103.188705,-4.174011],[103.188538,-4.173786],[103.187867,-4.174065],[103.187419,-4.174456],[103.187474,-4.174849],[103.186962,-4.175214],[103.186301,-4.174903],[103.185966,-4.17479],[103.18563,-4.175069],[103.185016,-4.174731],[103.184513,-4.17473],[103.184479,-4.174739],[103.184302,-4.174783],[103.183733,-4.170609],[103.184542,-4.168994],[103.184745,-4.168287],[103.185257,-4.164145],[103.184833,-4.162684],[103.18425,-4.162272],[103.183753,-4.162121],[103.182547,-4.161007],[103.182528,-4.160983],[103.181762,-4.160404],[103.180522,-4.159014],[103.18094,-4.157489],[103.181127,-4.1568],[103.181077,-4.156679],[103.181461,-4.156134],[103.181853,-4.154301],[103.182243,-4.153245],[103.18192,-4.151805],[103.18153,-4.150075],[103.181098,-4.148752],[103.180872,-4.147572],[103.179825,-4.14518],[103.179164,-4.143844],[103.178542,-4.142445],[103.178488,-4.142227],[103.178213,-4.14181],[103.177111,-4.140698],[103.176975,-4.140418],[103.176558,-4.139976],[103.175256,-4.137244],[103.174592,-4.136047],[103.174222,-4.135421],[103.173671,-4.134726],[103.17312,-4.13339],[103.17301,-4.133192],[103.172694,-4.132621],[103.171332,-4.13056],[103.170727,-4.129428],[103.170233,-4.12845],[103.169082,-4.126555],[103.16858,-4.125976],[103.167478,-4.124726],[103.16659,-4.122915],[103.166215,-4.121834],[103.165468,-4.120576],[103.164941,-4.119689],[103.164452,-4.119032],[103.164314,-4.118893],[103.163658,-4.118149],[103.162823,-4.117411],[103.162728,-4.117226],[103.161919,-4.116702],[103.158464,-4.113783],[103.158141,-4.113431],[103.157697,-4.113053],[103.156382,-4.111726],[103.156182,-4.111523],[103.154391,-4.109578],[103.153979,-4.10819],[103.153153,-4.107078],[103.153155,-4.106353],[103.152884,-4.10565],[103.152743,-4.105413],[103.152758,-4.105324],[103.152367,-4.104312],[103.151686,-4.10297],[103.151643,-4.102914],[103.151623,-4.102846],[103.151143,-4.1019],[103.151304,-4.101797],[103.151095,-4.10111],[103.151323,-4.100279],[103.15133,-4.100268],[103.15133,-4.100253],[103.151513,-4.099585],[103.151332,-4.099266],[103.151334,-4.09857],[103.150887,-4.097997],[103.150827,-4.097503],[103.150001,-4.096253],[103.14998,-4.096212],[103.149891,-4.09598],[103.149627,-4.095536],[103.149005,-4.094347],[103.149166,-4.094317],[103.180579,-4.088533],[103.189123,-4.087078],[103.190887,-4.086778],[103.191369,-4.087345],[103.192256,-4.086862],[103.193222,-4.086864],[103.194108,-4.0863],[103.194753,-4.085978],[103.19556,-4.085172],[103.196042,-4.085496],[103.196606,-4.085255],[103.197575,-4.083964],[103.198543,-4.082996],[103.19951,-4.082594],[103.199993,-4.082918],[103.200796,-4.083647],[103.201036,-4.084456],[103.202164,-4.083893],[103.202647,-4.084056],[103.203774,-4.083977],[103.204257,-4.083736],[103.20498,-4.084384],[103.205464,-4.084062],[103.205789,-4.08285],[103.206271,-4.083417],[103.206672,-4.083822],[103.207316,-4.084147],[103.207558,-4.083743],[103.20772,-4.08334],[103.207078,-4.082449],[103.207642,-4.082127],[103.208206,-4.081805],[103.209012,-4.081483],[103.209897,-4.081809],[103.210461,-4.081729],[103.210381,-4.081163],[103.210865,-4.080679],[103.211509,-4.080761],[103.212396,-4.080197],[103.213041,-4.079633],[103.21366,-4.079409],[103.213928,-4.079312],[103.214331,-4.07907],[103.214574,-4.078424],[103.215701,-4.078103],[103.216506,-4.078105],[103.216828,-4.078267],[103.217795,-4.077946],[103.218438,-4.07819],[103.219322,-4.078839],[103.219885,-4.079163],[103.22077,-4.07965],[103.221494,-4.079894],[103.222057,-4.079896],[103.222539,-4.080382],[103.222942,-4.08014],[103.223587,-4.079818],[103.22423,-4.080305],[103.224714,-4.079982],[103.225519,-4.07958],[103.225519,-4.079661],[103.226244,-4.079581],[103.22713,-4.079179],[103.227776,-4.078615],[103.227939,-4.077564],[103.228583,-4.077647],[103.229228,-4.077163],[103.229871,-4.077407],[103.230435,-4.077327],[103.230757,-4.077247],[103.231723,-4.077249],[103.232688,-4.077656],[103.233011,-4.077575],[103.233735,-4.077739],[103.23438,-4.077336],[103.234783,-4.077094],[103.235829,-4.077258],[103.235995,-4.077334]]]}},{"type":"Feature","properties":{"iddesa":"1673011001","nama_kelurahan":"Candi Jaya","kecamatan":"Dempo Tengah"},"geometry":{"type":"Polygon","coordinates":[[[103.254683,-4.09166],[103.254576,-4.091872],[103.254459,-4.092457],[103.254574,-4.092925],[103.254981,-4.093101],[103.255213,-4.093569],[103.255239,-4.093802],[103.25527,-4.094096],[103.255153,-4.094505],[103.255269,-4.094739],[103.25422,-4.095263],[103.254276,-4.095965],[103.254508,-4.096608],[103.254157,-4.097426],[103.253805,-4.098361],[103.25363,-4.09877],[103.253163,-4.099353],[103.253104,-4.099704],[103.253277,-4.100172],[103.253219,-4.100289],[103.252926,-4.101166],[103.252575,-4.101808],[103.252457,-4.102626],[103.252455,-4.103386],[103.252571,-4.103854],[103.25187,-4.104613],[103.252043,-4.105549],[103.2521,-4.105841],[103.251691,-4.106718],[103.251457,-4.107126],[103.251107,-4.107593],[103.251279,-4.108646],[103.250811,-4.109581],[103.251275,-4.110517],[103.250458,-4.111217],[103.25005,-4.111684],[103.24999,-4.112444],[103.249988,-4.113321],[103.249637,-4.113905],[103.249343,-4.115074],[103.24841,-4.116007],[103.248478,-4.116012],[103.248583,-4.116709],[103.248056,-4.11776],[103.247005,-4.119395],[103.246431,-4.120046],[103.246129,-4.120387],[103.245313,-4.120912],[103.245367,-4.122783],[103.245483,-4.123076],[103.244665,-4.124302],[103.244662,-4.125413],[103.24367,-4.126287],[103.242852,-4.12763],[103.241566,-4.129791],[103.24069,-4.131309],[103.239347,-4.132651],[103.238648,-4.13265],[103.23795,-4.132648],[103.235618,-4.133637],[103.232936,-4.135093],[103.230196,-4.136782],[103.229554,-4.137307],[103.228675,-4.139527],[103.228556,-4.14093],[103.228727,-4.142333],[103.229597,-4.144031],[103.229727,-4.144315],[103.230582,-4.146197],[103.231451,-4.148245],[103.232963,-4.149242],[103.235173,-4.150534],[103.237151,-4.15124],[103.239249,-4.150894],[103.240566,-4.150834],[103.240762,-4.151131],[103.240876,-4.152301],[103.2407,-4.15306],[103.240174,-4.153878],[103.239881,-4.154579],[103.239705,-4.15528],[103.239353,-4.156273],[103.2397,-4.157268],[103.23999,-4.157853],[103.239523,-4.158437],[103.23894,-4.158962],[103.23888,-4.159429],[103.238763,-4.159955],[103.23882,-4.160423],[103.239228,-4.160366],[103.239751,-4.160542],[103.2401,-4.161011],[103.239982,-4.161478],[103.239516,-4.161711],[103.239165,-4.162295],[103.239105,-4.163289],[103.239278,-4.163991],[103.238869,-4.164399],[103.238984,-4.165277],[103.238925,-4.165569],[103.238283,-4.166035],[103.237991,-4.166327],[103.237699,-4.166911],[103.238164,-4.167146],[103.238512,-4.16779],[103.23857,-4.168024],[103.237929,-4.168315],[103.238102,-4.169017],[103.238217,-4.169485],[103.238274,-4.170187],[103.238098,-4.170595],[103.237981,-4.17118],[103.237572,-4.171471],[103.236991,-4.171236],[103.236409,-4.171059],[103.235418,-4.17135],[103.235184,-4.171817],[103.235356,-4.172811],[103.235353,-4.174156],[103.235469,-4.174566],[103.236225,-4.17521],[103.23733,-4.175915],[103.237619,-4.176617],[103.23721,-4.177084],[103.237442,-4.177669],[103.237732,-4.178254],[103.237756,-4.178675],[103.237788,-4.179248],[103.23802,-4.179775],[103.238719,-4.179484],[103.239416,-4.180188],[103.239124,-4.180713],[103.239123,-4.181298],[103.23918,-4.181824],[103.239411,-4.182643],[103.239525,-4.183638],[103.239639,-4.184632],[103.239522,-4.184982],[103.238997,-4.185332],[103.238124,-4.185038],[103.236901,-4.185152],[103.236318,-4.185384],[103.236375,-4.186145],[103.236432,-4.186846],[103.236314,-4.187489],[103.236196,-4.187898],[103.236195,-4.188273],[103.235962,-4.188599],[103.236032,-4.189696],[103.235229,-4.190717],[103.234063,-4.191299],[103.233407,-4.191663],[103.232972,-4.190932],[103.232099,-4.190856],[103.231661,-4.191221],[103.231223,-4.191585],[103.231296,-4.191805],[103.230712,-4.192315],[103.230494,-4.192388],[103.229984,-4.192313],[103.229402,-4.19202],[103.228965,-4.192311],[103.228746,-4.192603],[103.228163,-4.192675],[103.227581,-4.192527],[103.227218,-4.192088],[103.226854,-4.192233],[103.226272,-4.192159],[103.225907,-4.19267],[103.225469,-4.192961],[103.225105,-4.193106],[103.224596,-4.193105],[103.224232,-4.192958],[103.223722,-4.193176],[103.223212,-4.193321],[103.222776,-4.193028],[103.220879,-4.194851],[103.220076,-4.195799],[103.219854,-4.197553],[103.219633,-4.198575],[103.217298,-4.201201],[103.215185,-4.201854],[103.21249,-4.202359],[103.212924,-4.203822],[103.213009,-4.204019],[103.213431,-4.204993],[103.213866,-4.205505],[103.213356,-4.206089],[103.211972,-4.206305],[103.210951,-4.20718],[103.210367,-4.207617],[103.210583,-4.209006],[103.211599,-4.210324],[103.212905,-4.211935],[103.213778,-4.212375],[103.214722,-4.213328],[103.214867,-4.213693],[103.214648,-4.214131],[103.214063,-4.214861],[103.213334,-4.215663],[103.213259,-4.216321],[103.213475,-4.217345],[103.213256,-4.218002],[103.214418,-4.218808],[103.215654,-4.219542],[103.216891,-4.21991],[103.218273,-4.220279],[103.219146,-4.220646],[103.220454,-4.221673],[103.222198,-4.223138],[103.22467,-4.224387],[103.226126,-4.224609],[103.227581,-4.224759],[103.229038,-4.224616],[103.229985,-4.224179],[103.231079,-4.223232],[103.232536,-4.223016],[103.234575,-4.222728],[103.236683,-4.223756],[103.23872,-4.224346],[103.240756,-4.225447],[103.241191,-4.226178],[103.241916,-4.227788],[103.242079,-4.22787],[103.242352,-4.228008],[103.242931,-4.229398],[103.244022,-4.229985],[103.245913,-4.230721],[103.247295,-4.231235],[103.249115,-4.231312],[103.25079,-4.231243],[103.251082,-4.230732],[103.251955,-4.23088],[103.253338,-4.23103],[103.254431,-4.230667],[103.255379,-4.230011],[103.257927,-4.230017],[103.258654,-4.230165],[103.260178,-4.232288],[103.261276,-4.233299],[103.261121,-4.233435],[103.252363,-4.239721],[103.249583,-4.243734],[103.249582,-4.244166],[103.250505,-4.244416],[103.252069,-4.245569],[103.250604,-4.244958],[103.24998,-4.244835],[103.248439,-4.244532],[103.247407,-4.24453],[103.244795,-4.244885],[103.244257,-4.244899],[103.243968,-4.245083],[103.242363,-4.244949],[103.238974,-4.245037],[103.237402,-4.245559],[103.23672,-4.245362],[103.234561,-4.245779],[103.233058,-4.24531],[103.232862,-4.245268],[103.232759,-4.245217],[103.232546,-4.245151],[103.228988,-4.243781],[103.228396,-4.243645],[103.225465,-4.242727],[103.223672,-4.242047],[103.223459,-4.241966],[103.223396,-4.24195],[103.223279,-4.24192],[103.222558,-4.241735],[103.222243,-4.241654],[103.221782,-4.241535],[103.221719,-4.241519],[103.220858,-4.241384],[103.220627,-4.241238],[103.220332,-4.241162],[103.219923,-4.241056],[103.219253,-4.2411],[103.218209,-4.240621],[103.217783,-4.240514],[103.217262,-4.240383],[103.21545,-4.240335],[103.21413,-4.240798],[103.213735,-4.241087],[103.211707,-4.242274],[103.21094,-4.242697],[103.209299,-4.24376],[103.208904,-4.244051],[103.2073,-4.245419],[103.206393,-4.245904],[103.205652,-4.246451],[103.205133,-4.24664],[103.204082,-4.247515],[103.203454,-4.247444],[103.202615,-4.247722],[103.200799,-4.247578],[103.200103,-4.246735],[103.199528,-4.246418],[103.197922,-4.245719],[103.194922,-4.243656],[103.194035,-4.243145],[103.19349,-4.242698],[103.192244,-4.241889],[103.191106,-4.241315],[103.190694,-4.24087],[103.189712,-4.240215],[103.189388,-4.23999],[103.188386,-4.239625],[103.187137,-4.238432],[103.186712,-4.238514],[103.185372,-4.238118],[103.18431,-4.238171],[103.18258,-4.237438],[103.181697,-4.2367],[103.180896,-4.236031],[103.180773,-4.235928],[103.180628,-4.235807],[103.179291,-4.234289],[103.178289,-4.232604],[103.177966,-4.231368],[103.177731,-4.230713],[103.177735,-4.229188],[103.178154,-4.227247],[103.1794,-4.225662],[103.179312,-4.225483],[103.179872,-4.224586],[103.180154,-4.22369],[103.180601,-4.223578],[103.180882,-4.22285],[103.181219,-4.22229],[103.182059,-4.221506],[103.182511,-4.221417],[103.182528,-4.221395],[103.183448,-4.22062],[103.183626,-4.220388],[103.184187,-4.219436],[103.184747,-4.218596],[103.18514,-4.217755],[103.185086,-4.21725],[103.185424,-4.215737],[103.185148,-4.214614],[103.185186,-4.213304],[103.185129,-4.212299],[103.184764,-4.211192],[103.184658,-4.208891],[103.18444,-4.206591],[103.184333,-4.204347],[103.184537,-4.203987],[103.184568,-4.201464],[103.184575,-4.200938],[103.184343,-4.20014],[103.184592,-4.199544],[103.184605,-4.198455],[103.184574,-4.196775],[103.184303,-4.194677],[103.184197,-4.194273],[103.183899,-4.192309],[103.183989,-4.192273],[103.183806,-4.190883],[103.18432,-4.18942],[103.184487,-4.188715],[103.184618,-4.188204],[103.18471,-4.186566],[103.184436,-4.183873],[103.184315,-4.182562],[103.184063,-4.180936],[103.184065,-4.180104],[103.183981,-4.177491],[103.183894,-4.176916],[103.183957,-4.176736],[103.183936,-4.176081],[103.184211,-4.175465],[103.184066,-4.174841],[103.184302,-4.174783],[103.184479,-4.174739],[103.184513,-4.17473],[103.185016,-4.174731],[103.18563,-4.175069],[103.185966,-4.17479],[103.186301,-4.174903],[103.186962,-4.175214],[103.187474,-4.174849],[103.187419,-4.174456],[103.187867,-4.174065],[103.188538,-4.173786],[103.188705,-4.174011],[103.18904,-4.173955],[103.1896,-4.17362],[103.189656,-4.173452],[103.188987,-4.173002],[103.188765,-4.172328],[103.189436,-4.171993],[103.190499,-4.171547],[103.191449,-4.171268],[103.191953,-4.170821],[103.191954,-4.170204],[103.192011,-4.169699],[103.192123,-4.169531],[103.19246,-4.168915],[103.192908,-4.168355],[103.192909,-4.167794],[103.193358,-4.167178],[103.193695,-4.166337],[103.193529,-4.16572],[103.193196,-4.164766],[103.193477,-4.163869],[103.193981,-4.163533],[103.194372,-4.163254],[103.194429,-4.162749],[103.194598,-4.162132],[103.194209,-4.161402],[103.193651,-4.161289],[103.193204,-4.161176],[103.192701,-4.161062],[103.192423,-4.160781],[103.191809,-4.160219],[103.191028,-4.159712],[103.190639,-4.158982],[103.191086,-4.158871],[103.191422,-4.158816],[103.191534,-4.158367],[103.192093,-4.158537],[103.192149,-4.158425],[103.19293,-4.158595],[103.193433,-4.15882],[103.193824,-4.158541],[103.193769,-4.158316],[103.193769,-4.158204],[103.193658,-4.157923],[103.193492,-4.157474],[103.193214,-4.156632],[103.193326,-4.156408],[103.193551,-4.156128],[103.193886,-4.15596],[103.193663,-4.155679],[103.193552,-4.155399],[103.193776,-4.155287],[103.194055,-4.155175],[103.195061,-4.155066],[103.195174,-4.154841],[103.195119,-4.154505],[103.195231,-4.154281],[103.195231,-4.154168],[103.195454,-4.154449],[103.195956,-4.154787],[103.19618,-4.154619],[103.196571,-4.154508],[103.196573,-4.153835],[103.19663,-4.153386],[103.197189,-4.153163],[103.198307,-4.152885],[103.199536,-4.152664],[103.199872,-4.152552],[103.200208,-4.152104],[103.200544,-4.151656],[103.201216,-4.151153],[103.201609,-4.150144],[103.202336,-4.150034],[103.203175,-4.149531],[103.203902,-4.14914],[103.204851,-4.149198],[103.206193,-4.149033],[103.206361,-4.148641],[103.206811,-4.147408],[103.207539,-4.146568],[103.208378,-4.146177],[103.20944,-4.146011],[103.210055,-4.145676],[103.210726,-4.145397],[103.211342,-4.144781],[103.21179,-4.144165],[103.212127,-4.143661],[103.212152,-4.143446],[103.212073,-4.143205],[103.212075,-4.142482],[103.212435,-4.142282],[103.212716,-4.141801],[103.213638,-4.141321],[103.213998,-4.141081],[103.213999,-4.14088],[103.214,-4.140478],[103.214401,-4.139876],[103.214842,-4.139395],[103.215283,-4.139316],[103.215723,-4.139236],[103.215964,-4.138715],[103.215805,-4.138393],[103.215726,-4.138071],[103.215206,-4.137749],[103.214928,-4.137145],[103.214848,-4.136703],[103.21489,-4.13602],[103.215292,-4.135218],[103.215333,-4.134575],[103.214974,-4.134373],[103.214614,-4.134011],[103.214455,-4.133769],[103.214696,-4.133489],[103.215216,-4.133209],[103.215697,-4.13317],[103.216017,-4.13309],[103.216417,-4.13285],[103.216459,-4.132448],[103.216059,-4.132166],[103.215499,-4.131964],[103.21506,-4.131642],[103.214861,-4.131239],[103.214861,-4.130998],[103.215263,-4.130437],[103.215183,-4.130115],[103.214945,-4.129472],[103.215185,-4.129392],[103.215346,-4.129151],[103.215267,-4.128589],[103.215507,-4.128509],[103.215508,-4.128107],[103.215628,-4.127987],[103.216069,-4.127546],[103.21639,-4.127225],[103.216191,-4.126743],[103.216432,-4.126422],[103.216792,-4.126262],[103.216673,-4.12598],[103.216634,-4.125619],[103.216755,-4.125016],[103.216636,-4.124494],[103.216637,-4.124012],[103.217037,-4.124254],[103.217357,-4.124174],[103.217718,-4.123934],[103.217798,-4.123693],[103.217319,-4.12333],[103.217,-4.123008],[103.216921,-4.122646],[103.217322,-4.122245],[103.217482,-4.122005],[103.217523,-4.121563],[103.217644,-4.12096],[103.217405,-4.120719],[103.217606,-4.120318],[103.217688,-4.119394],[103.217769,-4.119072],[103.217609,-4.11871],[103.217931,-4.118109],[103.218172,-4.117667],[103.218613,-4.117347],[103.219373,-4.117228],[103.219893,-4.11735],[103.220893,-4.117713],[103.22096,-4.11771],[103.221734,-4.117394],[103.222294,-4.117154],[103.223094,-4.117317],[103.223935,-4.117158],[103.224415,-4.117119],[103.224711,-4.116638],[103.224736,-4.116597],[103.225178,-4.115995],[103.225418,-4.115835],[103.225899,-4.115676],[103.226178,-4.115917],[103.226618,-4.115918],[103.227219,-4.115879],[103.228099,-4.115801],[103.22838,-4.1154],[103.228781,-4.11516],[103.228581,-4.114838],[103.229022,-4.114598],[103.229262,-4.114719],[103.229901,-4.115042],[103.230101,-4.115364],[103.2303,-4.115645],[103.23042,-4.115605],[103.231021,-4.115165],[103.231342,-4.114724],[103.231623,-4.114644],[103.231623,-4.114483],[103.232064,-4.113962],[103.232305,-4.113681],[103.232265,-4.11356],[103.232466,-4.113239],[103.232667,-4.112959],[103.232748,-4.112316],[103.232909,-4.111754],[103.23315,-4.111433],[103.233752,-4.110952],[103.234112,-4.110833],[103.233992,-4.110672],[103.234394,-4.109949],[103.234475,-4.109668],[103.235035,-4.109308],[103.235877,-4.108787],[103.235959,-4.108064],[103.235679,-4.107783],[103.235839,-4.107622],[103.236281,-4.107181],[103.236841,-4.107183],[103.237401,-4.107264],[103.237962,-4.106823],[103.238683,-4.106343],[103.238844,-4.105741],[103.238725,-4.105419],[103.238326,-4.104976],[103.238247,-4.104333],[103.238168,-4.104253],[103.238488,-4.104012],[103.239009,-4.103571],[103.239131,-4.102929],[103.239492,-4.102327],[103.239373,-4.101925],[103.239255,-4.101161],[103.239576,-4.10072],[103.239617,-4.100158],[103.239498,-4.099555],[103.239019,-4.098951],[103.238501,-4.098227],[103.238102,-4.097623],[103.238064,-4.096779],[103.238265,-4.096378],[103.238586,-4.095857],[103.238787,-4.095455],[103.238868,-4.094973],[103.23879,-4.09429],[103.23895,-4.09413],[103.23879,-4.093969],[103.238654,-4.093648],[103.2386,-4.093648],[103.238345,-4.093304],[103.237578,-4.09266],[103.23711,-4.092402],[103.236898,-4.091759],[103.237112,-4.091374],[103.236942,-4.091073],[103.236644,-4.090944],[103.236046,-4.090857],[103.235536,-4.090342],[103.235494,-4.089742],[103.235324,-4.089442],[103.235282,-4.089056],[103.235326,-4.088671],[103.235199,-4.088114],[103.234604,-4.087127],[103.233964,-4.087126],[103.233325,-4.08691],[103.232643,-4.086394],[103.232345,-4.086008],[103.232133,-4.085494],[103.232049,-4.084851],[103.231666,-4.084379],[103.23171,-4.08395],[103.231924,-4.083437],[103.23231,-4.082795],[103.232225,-4.082409],[103.232226,-4.081852],[103.232228,-4.081338],[103.23257,-4.080782],[103.233041,-4.080226],[103.233468,-4.079884],[103.233895,-4.079543],[103.234408,-4.079158],[103.235007,-4.07856],[103.235562,-4.078175],[103.236032,-4.077748],[103.236033,-4.077448],[103.235995,-4.077334],[103.235948,-4.077191],[103.236205,-4.076977],[103.236504,-4.076807],[103.236888,-4.076765],[103.236931,-4.076593],[103.237017,-4.076294],[103.237359,-4.07608],[103.237359,-4.075695],[103.237445,-4.075438],[103.23783,-4.075053],[103.238813,-4.07437],[103.238984,-4.074027],[103.239071,-4.073514],[103.239328,-4.073],[103.239585,-4.072658],[103.239671,-4.072358],[103.239672,-4.071844],[103.240014,-4.071545],[103.240399,-4.071075],[103.240613,-4.070647],[103.240871,-4.069748],[103.242195,-4.068979],[103.242707,-4.068895],[103.243134,-4.06881],[103.243305,-4.068382],[103.243733,-4.067912],[103.244203,-4.067527],[103.244716,-4.066929],[103.244888,-4.066586],[103.244846,-4.066115],[103.244507,-4.065129],[103.244592,-4.065086],[103.244722,-4.064572],[103.244936,-4.064187],[103.245315,-4.064093],[103.245448,-4.06406],[103.245319,-4.064531],[103.245106,-4.06453],[103.244934,-4.06483],[103.245104,-4.065301],[103.245572,-4.065774],[103.245657,-4.066245],[103.246167,-4.067103],[103.246207,-4.06796],[103.246377,-4.068517],[103.246675,-4.068946],[103.246674,-4.069289],[103.246588,-4.069717],[103.246672,-4.070103],[103.24633,-4.070488],[103.246244,-4.070873],[103.246286,-4.071087],[103.245987,-4.071301],[103.245986,-4.071558],[103.246241,-4.071987],[103.246326,-4.072201],[103.246326,-4.072501],[103.246197,-4.072758],[103.246282,-4.073015],[103.246324,-4.073444],[103.246323,-4.073701],[103.246237,-4.074043],[103.246364,-4.074301],[103.246236,-4.074557],[103.24615,-4.074986],[103.246192,-4.075071],[103.246277,-4.075457],[103.246616,-4.076143],[103.24653,-4.076486],[103.246701,-4.076658],[103.246829,-4.076615],[103.247084,-4.076873],[103.247084,-4.07713],[103.247297,-4.077259],[103.247808,-4.077431],[103.248277,-4.077775],[103.248532,-4.078075],[103.249,-4.078762],[103.24917,-4.079148],[103.249169,-4.079491],[103.249168,-4.079919],[103.249508,-4.080348],[103.250062,-4.080863],[103.250146,-4.081292],[103.25023,-4.081806],[103.250315,-4.082406],[103.250015,-4.082877],[103.249715,-4.083476],[103.249714,-4.083947],[103.250225,-4.084505],[103.250863,-4.085106],[103.251289,-4.085664],[103.251544,-4.086007],[103.251543,-4.086436],[103.2515,-4.086778],[103.251499,-4.087164],[103.251754,-4.087722],[103.252179,-4.088322],[103.252519,-4.089051],[103.252987,-4.089652],[103.253582,-4.090339],[103.253965,-4.090854],[103.254306,-4.090983],[103.254562,-4.091326],[103.254604,-4.091626],[103.254683,-4.09166]]]}},{"type":"Feature","properties":{"iddesa":"1673040003","nama_kelurahan":"Curup Jare","kecamatan":"Pagar Alam Utara"},"geometry":{"type":"Polygon","coordinates":[[[103.23402,-4.013973],[103.234013,-4.014753],[103.233933,-4.015622],[103.233842,-4.015736],[103.233913,-4.015995],[103.234442,-4.016471],[103.235142,-4.017234],[103.235556,-4.017666],[103.235556,-4.017853],[103.235562,-4.017887],[103.235585,-4.017995],[103.235414,-4.018134],[103.235124,-4.01826],[103.235088,-4.018351],[103.23487,-4.018351],[103.234526,-4.01855],[103.234309,-4.01844],[103.234164,-4.018476],[103.233729,-4.018457],[103.233566,-4.018584],[103.233494,-4.018439],[103.233132,-4.018547],[103.233131,-4.018729],[103.231701,-4.018344],[103.231557,-4.018198],[103.231322,-4.017961],[103.231068,-4.01796],[103.228875,-4.01881],[103.22873,-4.018974],[103.228531,-4.018864],[103.228386,-4.018955],[103.228241,-4.018918],[103.228115,-4.018663],[103.227916,-4.018663],[103.227663,-4.018517],[103.227391,-4.018425],[103.227065,-4.018443],[103.226703,-4.018406],[103.226576,-4.018569],[103.226069,-4.018786],[103.225761,-4.01884],[103.225634,-4.018767],[103.225525,-4.018821],[103.225453,-4.018748],[103.225272,-4.018712],[103.225145,-4.018711],[103.224946,-4.018747],[103.224874,-4.018783],[103.224674,-4.018929],[103.224493,-4.019001],[103.224257,-4.019],[103.224167,-4.019018],[103.22404,-4.018945],[103.223841,-4.018836],[103.223645,-4.018835],[103.223624,-4.018835],[103.22355,-4.0189],[103.223053,-4.018315],[103.222709,-4.018544],[103.222251,-4.018428],[103.221908,-4.018197],[103.221109,-4.017621],[103.219623,-4.016698],[103.219396,-4.016008],[103.217796,-4.0152],[103.216421,-4.015772],[103.214932,-4.016688],[103.2139,-4.01726],[103.212297,-4.017831],[103.211494,-4.018979],[103.210692,-4.019207],[103.209433,-4.019319],[103.208861,-4.019318],[103.207833,-4.018626],[103.20692,-4.017475],[103.206561,-4.016751],[103.206122,-4.015864],[103.205339,-4.007704],[103.205246,-4.006159],[103.206983,-4.005952],[103.210352,-4.005472],[103.211323,-4.005409],[103.212295,-4.005379],[103.214175,-4.004407],[103.214467,-4.004245],[103.215082,-4.004149],[103.216573,-4.00386],[103.217414,-4.003861],[103.219422,-4.003703],[103.220912,-4.003609],[103.221752,-4.004521],[103.22214,-4.004977],[103.222657,-4.005401],[103.223175,-4.005532],[103.224015,-4.006412],[103.224725,-4.007194],[103.224952,-4.007357],[103.225405,-4.007358],[103.225988,-4.007295],[103.226636,-4.007264],[103.226992,-4.007427],[103.227347,-4.007623],[103.227671,-4.007656],[103.22806,-4.007657],[103.228383,-4.007885],[103.228901,-4.007984],[103.229288,-4.00857],[103.229643,-4.009156],[103.229933,-4.010132],[103.230352,-4.011076],[103.23158,-4.01199],[103.233067,-4.013033],[103.23402,-4.013973]]]}},{"type":"Feature","properties":{"iddesa":"1673040001","nama_kelurahan":"Dempo Makmur","kecamatan":"Pagar Alam Utara"},"geometry":{"type":"Polygon","coordinates":[[[103.177134,-3.995296],[103.177667,-3.995431],[103.182821,-3.996737],[103.184994,-3.997202],[103.186284,-3.997733],[103.188081,-3.998473],[103.192082,-4.00009],[103.194024,-4.001588],[103.197338,-4.003779],[103.200195,-4.005279],[103.202368,-4.005744],[103.205229,-4.005865],[103.205246,-4.006159],[103.205339,-4.007704],[103.206122,-4.015864],[103.206561,-4.016751],[103.20692,-4.017475],[103.207833,-4.018626],[103.208861,-4.019318],[103.209433,-4.019319],[103.210692,-4.019207],[103.211494,-4.018979],[103.212297,-4.017831],[103.2139,-4.01726],[103.214932,-4.016688],[103.216421,-4.015772],[103.217796,-4.0152],[103.219396,-4.016008],[103.219623,-4.016698],[103.221109,-4.017621],[103.221908,-4.018197],[103.222251,-4.018428],[103.222709,-4.018544],[103.223053,-4.018315],[103.22355,-4.0189],[103.218725,-4.02308],[103.218565,-4.024229],[103.21845,-4.024237],[103.2184,-4.024135],[103.218122,-4.024236],[103.21787,-4.023982],[103.217643,-4.02383],[103.217316,-4.023677],[103.217063,-4.023626],[103.21676,-4.0236],[103.216558,-4.023751],[103.216255,-4.023776],[103.216003,-4.02375],[103.215852,-4.02375],[103.215701,-4.023572],[103.213223,-4.025417],[103.212971,-4.025416],[103.212769,-4.025365],[103.21249,-4.02577],[103.212187,-4.026023],[103.21201,-4.026402],[103.211883,-4.026605],[103.212387,-4.02686],[103.212741,-4.026784],[103.213094,-4.026684],[103.213473,-4.026532],[103.213978,-4.026534],[103.214457,-4.026687],[103.214835,-4.026941],[103.215466,-4.026968],[103.215945,-4.027121],[103.216172,-4.027299],[103.216626,-4.027224],[103.217106,-4.027377],[103.21751,-4.027175],[103.217334,-4.02682],[103.217006,-4.026844],[103.216729,-4.026616],[103.217032,-4.026464],[103.217562,-4.02644],[103.218017,-4.025959],[103.21837,-4.026239],[103.218521,-4.026645],[103.218596,-4.02667],[103.218873,-4.027178],[103.218973,-4.027356],[103.218922,-4.02771],[103.21925,-4.027863],[103.219477,-4.027762],[103.219906,-4.02789],[103.220334,-4.02817],[103.220712,-4.0285],[103.220864,-4.028551],[103.221621,-4.028553],[103.22162,-4.028781],[103.221771,-4.028857],[103.221542,-4.030073],[103.221136,-4.030731],[103.220907,-4.031719],[103.220679,-4.032327],[103.220678,-4.032758],[103.220677,-4.032961],[103.220324,-4.033112],[103.219692,-4.033643],[103.219362,-4.034352],[103.219234,-4.035162],[103.219257,-4.036126],[103.219105,-4.036531],[103.218978,-4.036987],[103.218977,-4.037241],[103.21844,-4.0368],[103.218294,-4.037001],[103.218002,-4.037091],[103.217493,-4.03709],[103.216984,-4.036925],[103.216439,-4.036558],[103.216093,-4.036594],[103.215202,-4.036592],[103.214656,-4.036718],[103.213909,-4.036845],[103.213236,-4.03688],[103.212435,-4.036951],[103.211526,-4.036785],[103.210908,-4.036527],[103.210418,-4.036124],[103.208908,-4.035993],[103.207724,-4.036557],[103.207889,-4.036155],[103.207889,-4.035936],[103.207837,-4.035077],[103.207237,-4.034875],[103.204107,-4.035033],[103.201359,-4.035666],[103.198601,-4.036352],[103.198601,-4.036242],[103.198685,-4.036225],[103.19814,-4.030235],[103.194244,-4.032506],[103.191298,-4.029336],[103.191119,-4.029144],[103.190605,-4.02859],[103.185818,-4.030045],[103.184766,-4.029391],[103.185344,-4.024671],[103.184863,-4.022228],[103.183247,-4.021088],[103.178145,-4.017491],[103.162333,-4.019165],[103.145391,-4.018801],[103.130198,-4.016741],[103.122108,-4.015645],[103.121731,-4.015594],[103.121703,-4.01559],[103.121653,-4.015583],[103.1216,-4.015576],[103.121688,-4.015573],[103.121677,-4.015559],[103.121846,-4.015555],[103.126025,-4.015454],[103.129572,-4.015462],[103.132433,-4.015239],[103.134265,-4.014554],[103.135755,-4.013868],[103.136569,-4.013918],[103.140742,-4.012096],[103.143955,-4.010638],[103.147886,-4.009069],[103.149389,-4.008288],[103.150666,-4.007559],[103.151676,-4.00655],[103.153966,-4.005751],[103.154769,-4.004833],[103.156714,-4.005067],[103.159574,-4.005304],[103.16077,-4.005392],[103.161852,-4.005],[103.163009,-4.004277],[103.164501,-4.002212],[103.166565,-4.000378],[103.168744,-3.998315],[103.170462,-3.997399],[103.174011,-3.996373],[103.176874,-3.99523],[103.177134,-3.995296]],[[103.197405,-4.025498],[103.197424,-4.02548],[103.19891,-4.022483],[103.198949,-4.020694],[103.198321,-4.019991],[103.197484,-4.019147],[103.196611,-4.018864],[103.194932,-4.019738],[103.193743,-4.020191],[103.19196,-4.020819],[103.191153,-4.02215],[103.190136,-4.023938],[103.188842,-4.024251],[103.187794,-4.024424],[103.187373,-4.02509],[103.187477,-4.025371],[103.18793,-4.026108],[103.188418,-4.026566],[103.188941,-4.027128],[103.189115,-4.027269],[103.189604,-4.02734],[103.190443,-4.027447],[103.191316,-4.027695],[103.192573,-4.028049],[103.193168,-4.028161],[103.197405,-4.025498]]]}},{"type":"Feature","properties":{"iddesa":"1673030008","nama_kelurahan":"Gunung Dempo","kecamatan":"Pagar Alam Selatan"},"geometry":{"type":"MultiPolygon","coordinates":[[[[103.1216,-4.015576],[103.121653,-4.015583],[103.121703,-4.01559],[103.121731,-4.015594],[103.122108,-4.015645],[103.130198,-4.016741],[103.145391,-4.018801],[103.162333,-4.019165],[103.178145,-4.017491],[103.183247,-4.021088],[103.184863,-4.022228],[103.185344,-4.024671],[103.184766,-4.029391],[103.185818,-4.030045],[103.190605,-4.02859],[103.191119,-4.029144],[103.191298,-4.029336],[103.194244,-4.032506],[103.19814,-4.030235],[103.198685,-4.036225],[103.198601,-4.036242],[103.198601,-4.036352],[103.1986,-4.036665],[103.198173,-4.039398],[103.19174,-4.04147],[103.191665,-4.041249],[103.187244,-4.040563],[103.187525,-4.04375],[103.186943,-4.046452],[103.177984,-4.054155],[103.175198,-4.053184],[103.172033,-4.049701],[103.170439,-4.051575],[103.170419,-4.051548],[103.164469,-4.057395],[103.170596,-4.061956],[103.168477,-4.064578],[103.166253,-4.069221],[103.162632,-4.068606],[103.15741,-4.063845],[103.143646,-4.069298],[103.14321,-4.069471],[103.143215,-4.069489],[103.14313,-4.069522],[103.142607,-4.068081],[103.142282,-4.066746],[103.141977,-4.065493],[103.14181,-4.064669],[103.139787,-4.059003],[103.138264,-4.050098],[103.138091,-4.049763],[103.13814,-4.049375],[103.137205,-4.043905],[103.137001,-4.043519],[103.136531,-4.042092],[103.136662,-4.041872],[103.135851,-4.039974],[103.13563,-4.039077],[103.135182,-4.038408],[103.134397,-4.036571],[103.134118,-4.035607],[103.132974,-4.032677],[103.132196,-4.030887],[103.131432,-4.029394],[103.131112,-4.028885],[103.130859,-4.028292],[103.128031,-4.024297],[103.124036,-4.021233],[103.123823,-4.020817],[103.122196,-4.017035],[103.122054,-4.017035],[103.121935,-4.017055],[103.121732,-4.016438],[103.121694,-4.016361],[103.121379,-4.015725],[103.121414,-4.015618],[103.121576,-4.015594],[103.121568,-4.015577],[103.121566,-4.015571],[103.1216,-4.015576]]],[[[103.197405,-4.025498],[103.193168,-4.028161],[103.192573,-4.028049],[103.191316,-4.027695],[103.190443,-4.027447],[103.189604,-4.02734],[103.189115,-4.027269],[103.188941,-4.027128],[103.188418,-4.026566],[103.18793,-4.026108],[103.187477,-4.025371],[103.187373,-4.02509],[103.187794,-4.024424],[103.188842,-4.024251],[103.190136,-4.023938],[103.191153,-4.02215],[103.19196,-4.020819],[103.193743,-4.020191],[103.194932,-4.019738],[103.196611,-4.018864],[103.197484,-4.019147],[103.198321,-4.019991],[103.198949,-4.020694],[103.19891,-4.022483],[103.197424,-4.02548],[103.197405,-4.025498]]]]}},{"type":"Feature","properties":{"iddesa":"1673020004","nama_kelurahan":"Jangkar Mas","kecamatan":"Dempo Utara"},"geometry":{"type":"Polygon","coordinates":[[[103.236375,-4.035238],[103.23638,-4.035263],[103.236335,-4.036574],[103.236544,-4.037632],[103.236543,-4.037928],[103.236921,-4.038691],[103.237004,-4.039114],[103.23692,-4.039114],[103.236918,-4.039749],[103.237971,-4.040089],[103.238688,-4.039964],[103.23856,-4.040683],[103.238643,-4.041106],[103.238347,-4.041613],[103.238892,-4.042926],[103.238848,-4.043857],[103.23834,-4.044913],[103.23821,-4.046436],[103.238755,-4.047622],[103.238796,-4.048342],[103.239004,-4.0494],[103.239298,-4.049993],[103.239297,-4.050585],[103.239591,-4.050755],[103.239469,-4.050766],[103.238706,-4.050838],[103.23778,-4.050624],[103.237316,-4.050708],[103.237568,-4.051131],[103.237483,-4.051385],[103.237735,-4.051639],[103.237566,-4.052189],[103.237102,-4.052484],[103.236258,-4.052863],[103.235667,-4.053623],[103.23516,-4.053918],[103.234529,-4.05379],[103.234235,-4.053239],[103.233647,-4.052477],[103.232972,-4.052644],[103.232424,-4.053066],[103.231749,-4.053403],[103.231117,-4.053317],[103.23078,-4.053401],[103.230612,-4.052851],[103.230073,-4.05294],[103.230088,-4.052806],[103.23041,-4.052564],[103.23025,-4.052483],[103.230201,-4.052501],[103.231105,-4.051186],[103.231074,-4.0506],[103.231302,-4.05008],[103.23111,-4.049006],[103.230657,-4.048549],[103.228877,-4.047309],[103.227354,-4.047631],[103.225996,-4.046098],[103.22386,-4.044694],[103.223471,-4.044823],[103.223132,-4.044832],[103.222533,-4.04391],[103.221821,-4.043388],[103.22127,-4.043549],[103.22088,-4.043841],[103.220654,-4.043548],[103.22059,-4.043222],[103.22085,-4.042833],[103.221045,-4.042605],[103.221144,-4.041922],[103.220466,-4.040749],[103.219755,-4.039706],[103.219773,-4.039692],[103.219855,-4.039627],[103.221078,-4.039079],[103.221374,-4.038488],[103.221797,-4.038065],[103.222218,-4.037939],[103.222597,-4.038194],[103.222976,-4.03811],[103.222977,-4.037772],[103.222767,-4.037602],[103.223231,-4.037265],[103.224284,-4.03714],[103.224706,-4.037014],[103.224876,-4.036464],[103.226014,-4.036171],[103.227657,-4.03609],[103.228837,-4.035965],[103.229387,-4.035247],[103.230019,-4.035079],[103.230062,-4.03453],[103.229558,-4.033936],[103.230004,-4.033862],[103.231075,-4.033686],[103.231707,-4.033687],[103.232383,-4.033096],[103.232594,-4.0328],[103.232973,-4.032632],[103.233395,-4.032591],[103.233858,-4.032803],[103.234364,-4.032593],[103.235164,-4.032637],[103.235585,-4.032722],[103.23571,-4.033399],[103.236047,-4.033739],[103.236375,-4.035238]]]}},{"type":"Feature","properties":{"iddesa":"1673011002","nama_kelurahan":"Jokoh","kecamatan":"Dempo Tengah"},"geometry":{"type":"Polygon","coordinates":[[[103.284719,-4.118123],[103.284588,-4.118307],[103.284217,-4.118863],[103.284216,-4.119295],[103.284277,-4.11979],[103.283906,-4.120098],[103.283413,-4.120468],[103.282797,-4.120776],[103.282242,-4.120837],[103.281811,-4.121021],[103.281133,-4.121514],[103.28107,-4.122071],[103.281069,-4.122318],[103.281624,-4.122257],[103.282362,-4.122321],[103.282731,-4.122569],[103.282546,-4.12294],[103.282237,-4.123124],[103.282052,-4.123371],[103.281558,-4.124298],[103.281433,-4.124792],[103.281186,-4.12541],[103.280876,-4.126274],[103.280751,-4.126954],[103.281181,-4.127697],[103.281795,-4.128564],[103.28204,-4.129183],[103.281916,-4.129615],[103.281545,-4.130109],[103.28099,-4.130541],[103.281111,-4.131406],[103.281231,-4.132829],[103.281229,-4.134127],[103.281351,-4.13456],[103.281288,-4.135055],[103.280978,-4.135919],[103.280731,-4.136413],[103.2803,-4.13666],[103.279561,-4.136473],[103.279375,-4.136905],[103.279497,-4.137709],[103.27931,-4.13876],[103.27937,-4.13944],[103.279492,-4.139811],[103.279307,-4.140182],[103.278814,-4.140304],[103.278567,-4.140737],[103.27881,-4.142221],[103.279114,-4.143705],[103.279231,-4.143706],[103.279176,-4.143829],[103.279112,-4.144756],[103.278865,-4.145374],[103.278371,-4.145868],[103.277877,-4.146608],[103.277505,-4.147411],[103.277503,-4.14871],[103.277867,-4.150079],[103.27793,-4.150318],[103.27842,-4.151432],[103.279157,-4.152423],[103.279648,-4.153042],[103.280325,-4.153538],[103.280016,-4.154094],[103.279951,-4.155701],[103.279949,-4.156443],[103.280255,-4.157371],[103.281236,-4.159043],[103.28228,-4.160405],[103.282587,-4.160962],[103.283263,-4.16152],[103.283879,-4.161583],[103.284247,-4.161893],[103.28468,-4.161028],[103.284928,-4.160596],[103.285483,-4.159979],[103.286221,-4.160475],[103.287019,-4.161405],[103.287449,-4.1619],[103.286524,-4.162702],[103.287504,-4.164868],[103.285404,-4.168202],[103.284227,-4.171043],[103.280031,-4.175176],[103.272262,-4.179982],[103.272369,-4.179985],[103.2722,-4.180043],[103.271765,-4.182268],[103.271578,-4.183319],[103.267689,-4.1877],[103.267038,-4.188933],[103.266452,-4.190046],[103.263663,-4.198263],[103.260824,-4.200977],[103.260816,-4.204562],[103.25803,-4.211233],[103.260856,-4.214454],[103.261344,-4.216557],[103.261419,-4.216557],[103.261405,-4.216681],[103.262438,-4.222928],[103.262426,-4.22843],[103.261294,-4.233283],[103.261276,-4.233299],[103.260178,-4.232288],[103.258654,-4.230165],[103.257927,-4.230017],[103.255379,-4.230011],[103.254431,-4.230667],[103.253338,-4.23103],[103.251955,-4.23088],[103.251082,-4.230732],[103.25079,-4.231243],[103.249115,-4.231312],[103.247295,-4.231235],[103.245913,-4.230721],[103.244022,-4.229985],[103.242931,-4.229398],[103.242352,-4.228008],[103.242079,-4.22787],[103.241916,-4.227788],[103.241191,-4.226178],[103.240756,-4.225447],[103.23872,-4.224346],[103.236683,-4.223756],[103.234575,-4.222728],[103.232536,-4.223016],[103.231079,-4.223232],[103.229985,-4.224179],[103.229038,-4.224616],[103.227581,-4.224759],[103.226126,-4.224609],[103.22467,-4.224387],[103.222198,-4.223138],[103.220454,-4.221673],[103.219146,-4.220646],[103.218273,-4.220279],[103.216891,-4.21991],[103.215654,-4.219542],[103.214418,-4.218808],[103.213256,-4.218002],[103.213475,-4.217345],[103.213259,-4.216321],[103.213334,-4.215663],[103.214063,-4.214861],[103.214648,-4.214131],[103.214867,-4.213693],[103.214722,-4.213328],[103.213778,-4.212375],[103.212905,-4.211935],[103.211599,-4.210324],[103.210583,-4.209006],[103.210367,-4.207617],[103.210951,-4.20718],[103.211972,-4.206305],[103.213356,-4.206089],[103.213866,-4.205505],[103.213431,-4.204993],[103.213009,-4.204019],[103.212924,-4.203822],[103.21249,-4.202359],[103.215185,-4.201854],[103.217298,-4.201201],[103.219633,-4.198575],[103.219854,-4.197553],[103.220076,-4.195799],[103.220879,-4.194851],[103.222776,-4.193028],[103.223212,-4.193321],[103.223722,-4.193176],[103.224232,-4.192958],[103.224596,-4.193105],[103.225105,-4.193106],[103.225469,-4.192961],[103.225907,-4.19267],[103.226272,-4.192159],[103.226854,-4.192233],[103.227218,-4.192088],[103.227581,-4.192527],[103.228163,-4.192675],[103.228746,-4.192603],[103.228965,-4.192311],[103.229402,-4.19202],[103.229984,-4.192313],[103.230494,-4.192388],[103.230712,-4.192315],[103.231296,-4.191805],[103.231223,-4.191585],[103.231661,-4.191221],[103.232099,-4.190856],[103.232972,-4.190932],[103.233407,-4.191663],[103.234063,-4.191299],[103.235229,-4.190717],[103.236032,-4.189696],[103.235962,-4.188599],[103.236195,-4.188273],[103.236196,-4.187898],[103.236314,-4.187489],[103.236432,-4.186846],[103.236375,-4.186145],[103.236318,-4.185384],[103.236901,-4.185152],[103.238124,-4.185038],[103.238997,-4.185332],[103.239522,-4.184982],[103.239639,-4.184632],[103.239525,-4.183638],[103.239411,-4.182643],[103.23918,-4.181824],[103.239123,-4.181298],[103.239124,-4.180713],[103.239416,-4.180188],[103.238719,-4.179484],[103.23802,-4.179775],[103.237788,-4.179248],[103.237756,-4.178675],[103.237732,-4.178254],[103.237442,-4.177669],[103.23721,-4.177084],[103.237619,-4.176617],[103.23733,-4.175915],[103.236225,-4.17521],[103.235469,-4.174566],[103.235353,-4.174156],[103.235356,-4.172811],[103.235184,-4.171817],[103.235418,-4.17135],[103.236409,-4.171059],[103.236991,-4.171236],[103.237572,-4.171471],[103.237981,-4.17118],[103.238098,-4.170595],[103.238274,-4.170187],[103.238217,-4.169485],[103.238102,-4.169017],[103.237929,-4.168315],[103.23857,-4.168024],[103.238512,-4.16779],[103.238164,-4.167146],[103.237699,-4.166911],[103.237991,-4.166327],[103.238283,-4.166035],[103.238925,-4.165569],[103.238984,-4.165277],[103.238869,-4.164399],[103.239278,-4.163991],[103.239105,-4.163289],[103.239165,-4.162295],[103.239516,-4.161711],[103.239982,-4.161478],[103.2401,-4.161011],[103.239751,-4.160542],[103.239228,-4.160366],[103.23882,-4.160423],[103.238763,-4.159955],[103.23888,-4.159429],[103.23894,-4.158962],[103.239523,-4.158437],[103.23999,-4.157853],[103.2397,-4.157268],[103.239353,-4.156273],[103.239705,-4.15528],[103.239881,-4.154579],[103.240174,-4.153878],[103.2407,-4.15306],[103.240876,-4.152301],[103.240762,-4.151131],[103.240566,-4.150834],[103.239249,-4.150894],[103.237151,-4.15124],[103.235173,-4.150534],[103.232963,-4.149242],[103.231451,-4.148245],[103.230582,-4.146197],[103.229727,-4.144315],[103.229597,-4.144031],[103.228727,-4.142333],[103.228556,-4.14093],[103.228675,-4.139527],[103.229554,-4.137307],[103.230196,-4.136782],[103.232936,-4.135093],[103.235618,-4.133637],[103.23795,-4.132648],[103.238648,-4.13265],[103.239347,-4.132651],[103.24069,-4.131309],[103.241566,-4.129791],[103.242852,-4.12763],[103.24367,-4.126287],[103.244662,-4.125413],[103.244665,-4.124302],[103.245483,-4.123076],[103.245367,-4.122783],[103.245313,-4.120912],[103.246129,-4.120387],[103.246431,-4.120046],[103.247005,-4.119395],[103.248056,-4.11776],[103.248583,-4.116709],[103.248478,-4.116012],[103.24841,-4.116007],[103.249343,-4.115074],[103.249637,-4.113905],[103.249988,-4.113321],[103.24999,-4.112444],[103.25005,-4.111684],[103.250458,-4.111217],[103.251275,-4.110517],[103.250811,-4.109581],[103.251279,-4.108646],[103.251107,-4.107593],[103.251457,-4.107126],[103.251691,-4.106718],[103.2521,-4.105841],[103.252043,-4.105549],[103.25187,-4.104613],[103.252571,-4.103854],[103.252455,-4.103386],[103.252457,-4.102626],[103.252575,-4.101808],[103.252926,-4.101166],[103.253219,-4.100289],[103.253277,-4.100172],[103.253104,-4.099704],[103.253163,-4.099353],[103.25363,-4.09877],[103.253805,-4.098361],[103.254157,-4.097426],[103.254508,-4.096608],[103.254276,-4.095965],[103.25422,-4.095263],[103.255269,-4.094739],[103.255153,-4.094505],[103.25527,-4.094096],[103.255239,-4.093802],[103.255213,-4.093569],[103.254981,-4.093101],[103.254574,-4.092925],[103.254459,-4.092457],[103.254576,-4.091872],[103.254683,-4.09166],[103.254752,-4.091522],[103.255276,-4.091348],[103.256267,-4.090823],[103.257201,-4.090065],[103.259068,-4.088198],[103.262624,-4.086569],[103.264081,-4.085753],[103.265425,-4.083418],[103.271077,-4.081968],[103.275157,-4.079989],[103.275623,-4.079931],[103.275972,-4.080166],[103.276672,-4.0797],[103.278511,-4.078321],[103.279917,-4.079853],[103.280095,-4.079982],[103.28044,-4.080733],[103.279738,-4.081903],[103.279672,-4.08536],[103.282058,-4.088295],[103.282408,-4.088471],[103.278015,-4.096138],[103.275085,-4.101874],[103.27549,-4.10334],[103.274025,-4.106501],[103.272964,-4.111538],[103.2729,-4.117738],[103.27289,-4.118803],[103.274407,-4.118924],[103.276044,-4.117345],[103.279665,-4.116123],[103.284719,-4.118123]]]}},{"type":"Feature","properties":{"iddesa":"1673010004","nama_kelurahan":"Kance Diwe","kecamatan":"Dempo Selatan"},"geometry":{"type":"Polygon","coordinates":[[[103.35875,-4.064224],[103.358693,-4.064281],[103.358113,-4.064338],[103.358322,-4.064475],[103.371155,-4.072932],[103.371387,-4.072932],[103.371677,-4.073049],[103.371793,-4.073283],[103.371909,-4.073341],[103.371967,-4.073341],[103.372315,-4.073284],[103.372431,-4.073051],[103.372606,-4.072935],[103.372607,-4.07241],[103.372724,-4.072061],[103.37284,-4.072119],[103.373246,-4.072237],[103.373652,-4.072121],[103.373711,-4.071771],[103.373712,-4.071305],[103.373828,-4.071247],[103.373887,-4.070897],[103.373945,-4.070723],[103.37412,-4.070548],[103.374236,-4.070257],[103.374063,-4.070082],[103.373831,-4.069848],[103.37389,-4.069149],[103.373949,-4.069033],[103.374238,-4.069266],[103.374354,-4.069441],[103.374703,-4.069209],[103.374762,-4.068859],[103.37511,-4.068627],[103.375517,-4.06822],[103.375982,-4.067871],[103.37668,-4.067348],[103.377085,-4.067757],[103.377665,-4.068224],[103.378419,-4.068342],[103.378593,-4.068401],[103.378883,-4.068693],[103.378998,-4.068984],[103.379172,-4.069393],[103.379577,-4.069685],[103.37981,-4.069511],[103.380275,-4.069337],[103.380797,-4.069338],[103.381203,-4.06963],[103.381724,-4.070156],[103.383057,-4.071266],[103.383462,-4.071791],[103.384331,-4.072434],[103.385026,-4.073368],[103.385241,-4.073483],[103.384961,-4.073658],[103.384516,-4.073657],[103.384205,-4.073656],[103.3841,-4.073838],[103.382744,-4.073868],[103.382228,-4.074556],[103.382224,-4.076708],[103.378875,-4.079628],[103.378838,-4.079944],[103.378129,-4.080703],[103.377228,-4.081024],[103.37652,-4.081346],[103.376198,-4.081732],[103.376132,-4.082636],[103.375873,-4.083539],[103.375291,-4.085152],[103.374772,-4.08741],[103.373932,-4.089539],[103.373532,-4.089983],[103.373401,-4.090037],[103.372969,-4.090253],[103.372645,-4.090311],[103.371936,-4.090955],[103.370646,-4.093212],[103.370311,-4.093286],[103.368909,-4.093596],[103.367172,-4.094238],[103.364916,-4.097203],[103.363686,-4.097553],[103.363327,-4.09748],[103.362793,-4.097121],[103.362571,-4.09721],[103.362303,-4.097478],[103.362175,-4.097584],[103.361142,-4.097582],[103.360746,-4.097117],[103.36039,-4.09725],[103.360167,-4.097429],[103.360178,-4.09758],[103.359643,-4.097579],[103.359321,-4.098095],[103.359383,-4.099063],[103.359318,-4.099644],[103.359059,-4.100225],[103.359186,-4.101],[103.359315,-4.101065],[103.360536,-4.101325],[103.361113,-4.101907],[103.361497,-4.10307],[103.361622,-4.104878],[103.361104,-4.106685],[103.361165,-4.107847],[103.361252,-4.108079],[103.361266,-4.108117],[103.361292,-4.108188],[103.361326,-4.10819],[103.362097,-4.109123],[103.36321,-4.109555],[103.363209,-4.109986],[103.363037,-4.110674],[103.362777,-4.111965],[103.363117,-4.113257],[103.362086,-4.11446],[103.360404,-4.115501],[103.360339,-4.115491],[103.359814,-4.115314],[103.359288,-4.115313],[103.359005,-4.115758],[103.358568,-4.11583],[103.357795,-4.116517],[103.357191,-4.118496],[103.35616,-4.119441],[103.355471,-4.120645],[103.355294,-4.123485],[103.356062,-4.125123],[103.355973,-4.126672],[103.358708,-4.131154],[103.360422,-4.131416],[103.361107,-4.131848],[103.361529,-4.13512],[103.361871,-4.135637],[103.361612,-4.136326],[103.360753,-4.137099],[103.361266,-4.138133],[103.362378,-4.138996],[103.363318,-4.14072],[103.36324,-4.143664],[103.364119,-4.14492],[103.363987,-4.144961],[103.363594,-4.148318],[103.363278,-4.152935],[103.362971,-4.153242],[103.362353,-4.155703],[103.362962,-4.157552],[103.360504,-4.160317],[103.359914,-4.160423],[103.359881,-4.160381],[103.359123,-4.160379],[103.358365,-4.160595],[103.357499,-4.160593],[103.357258,-4.160902],[103.35713,-4.160926],[103.355903,-4.161539],[103.355899,-4.163316],[103.355815,-4.163362],[103.355651,-4.163959],[103.355679,-4.164021],[103.354668,-4.165538],[103.35421,-4.166072],[103.354185,-4.166076],[103.35386,-4.166401],[103.353723,-4.166639],[103.352824,-4.167689],[103.353124,-4.170767],[103.352899,-4.170824],[103.352552,-4.170692],[103.352119,-4.170528],[103.351306,-4.170907],[103.351142,-4.171071],[103.349138,-4.171067],[103.349134,-4.172914],[103.348823,-4.175068],[103.348231,-4.175955],[103.347885,-4.175954],[103.347505,-4.176334],[103.347671,-4.176795],[103.346964,-4.177855],[103.346799,-4.177854],[103.346527,-4.178289],[103.346147,-4.178886],[103.345766,-4.179646],[103.345624,-4.179679],[103.344803,-4.179677],[103.344521,-4.179534],[103.344088,-4.179534],[103.343819,-4.179152],[103.343116,-4.178662],[103.342522,-4.178008],[103.342088,-4.178279],[103.341439,-4.17806],[103.340789,-4.178059],[103.340287,-4.178436],[103.340231,-4.178436],[103.339744,-4.178777],[103.339488,-4.178926],[103.339236,-4.179132],[103.337712,-4.180199],[103.337645,-4.180226],[103.337613,-4.180268],[103.337161,-4.180584],[103.336893,-4.181012],[103.336452,-4.181365],[103.335964,-4.18169],[103.33618,-4.182071],[103.336201,-4.182119],[103.335623,-4.183043],[103.333473,-4.184886],[103.332358,-4.186279],[103.332002,-4.186302],[103.331907,-4.186421],[103.33071,-4.186419],[103.330514,-4.188853],[103.330318,-4.189287],[103.330462,-4.189491],[103.329808,-4.197592],[103.329705,-4.197765],[103.329378,-4.198362],[103.328944,-4.198959],[103.328563,-4.199828],[103.328129,-4.200479],[103.327749,-4.20113],[103.327694,-4.201402],[103.327637,-4.201876],[103.327254,-4.202554],[103.326879,-4.202813],[103.326608,-4.20303],[103.326281,-4.203682],[103.326064,-4.204279],[103.325791,-4.204931],[103.325807,-4.20511],[103.325765,-4.205185],[103.325449,-4.209802],[103.324508,-4.211367],[103.324424,-4.211395],[103.324261,-4.211775],[103.32399,-4.212155],[103.323718,-4.21259],[103.323697,-4.212589],[103.323713,-4.212691],[103.323602,-4.212876],[103.317154,-4.217479],[103.315613,-4.22117],[103.31682,-4.230407],[103.316498,-4.237486],[103.316376,-4.237816],[103.314339,-4.24333],[103.312048,-4.246676],[103.31034,-4.249169],[103.30941,-4.251321],[103.308475,-4.25196],[103.307391,-4.252719],[103.306739,-4.253641],[103.305067,-4.254525],[103.304896,-4.254615],[103.303922,-4.254613],[103.302352,-4.25461],[103.301666,-4.254574],[103.301012,-4.254786],[103.300672,-4.255095],[103.29986,-4.255257],[103.29753,-4.256175],[103.295796,-4.256715],[103.293575,-4.257525],[103.292755,-4.257729],[103.292687,-4.257755],[103.29259,-4.25777],[103.291192,-4.258118],[103.289081,-4.25795],[103.287566,-4.257675],[103.286088,-4.257267],[103.285171,-4.257181],[103.285007,-4.25718],[103.284102,-4.257178],[103.282315,-4.257174],[103.280691,-4.257171],[103.278743,-4.25684],[103.277227,-4.256782],[103.275062,-4.256777],[103.273113,-4.256719],[103.272211,-4.256603],[103.271029,-4.256526],[103.27102,-4.256526],[103.270152,-4.256233],[103.270683,-4.254268],[103.27269,-4.252316],[103.27211,-4.245303],[103.272983,-4.242425],[103.273849,-4.242101],[103.27515,-4.24156],[103.275516,-4.241464],[103.276234,-4.241128],[103.276614,-4.240585],[103.27732,-4.239608],[103.277917,-4.238957],[103.277941,-4.238567],[103.278085,-4.23624],[103.278969,-4.228362],[103.281247,-4.226084],[103.282006,-4.225868],[103.28271,-4.225544],[103.28374,-4.225111],[103.284122,-4.223319],[103.284124,-4.222449],[103.284129,-4.220547],[103.283267,-4.218534],[103.284535,-4.21655],[103.286146,-4.214029],[103.286202,-4.212888],[103.286394,-4.212399],[103.286366,-4.212399],[103.286589,-4.209465],[103.287782,-4.208652],[103.28795,-4.205827],[103.291526,-4.204204],[103.292622,-4.198391],[103.29674,-4.196389],[103.299346,-4.193025],[103.301299,-4.190801],[103.301253,-4.187377],[103.304561,-4.184666],[103.305807,-4.184017],[103.306782,-4.18353],[103.307112,-4.181194],[103.307181,-4.18114],[103.308305,-4.180272],[103.308538,-4.180173],[103.308468,-4.180164],[103.31004,-4.178972],[103.312047,-4.177182],[103.314706,-4.17409],[103.315737,-4.172897],[103.31558,-4.170342],[103.316501,-4.169855],[103.31634,-4.169474],[103.315909,-4.168277],[103.315911,-4.167679],[103.316128,-4.167028],[103.316184,-4.166213],[103.316132,-4.16556],[103.315971,-4.164582],[103.315649,-4.163168],[103.315326,-4.162624],[103.314841,-4.161536],[103.314464,-4.160556],[103.314682,-4.160068],[103.315117,-4.158927],[103.315226,-4.158438],[103.314525,-4.157241],[103.313806,-4.156153],[103.313716,-4.156152],[103.313176,-4.155336],[103.312691,-4.154465],[103.312638,-4.15403],[103.312856,-4.153216],[103.31302,-4.15251],[103.313561,-4.152293],[103.314266,-4.151751],[103.314809,-4.151046],[103.315243,-4.150449],[103.316003,-4.149472],[103.3166,-4.148876],[103.316871,-4.14855],[103.316603,-4.14768],[103.316442,-4.146919],[103.316876,-4.146539],[103.317364,-4.145834],[103.317853,-4.145128],[103.318125,-4.144368],[103.318511,-4.14379],[103.31856,-4.143717],[103.318886,-4.142956],[103.318671,-4.142195],[103.318565,-4.141216],[103.318351,-4.140183],[103.319491,-4.13861],[103.319926,-4.137578],[103.320306,-4.136872],[103.32031,-4.134861],[103.320474,-4.134481],[103.320909,-4.133232],[103.32064,-4.132742],[103.320316,-4.132198],[103.320209,-4.131437],[103.319886,-4.130784],[103.320157,-4.130513],[103.320536,-4.130351],[103.320537,-4.129861],[103.32097,-4.130025],[103.321133,-4.129917],[103.32108,-4.129319],[103.321297,-4.128939],[103.321298,-4.128722],[103.321569,-4.128451],[103.321839,-4.128777],[103.322055,-4.129049],[103.322433,-4.129213],[103.32265,-4.128996],[103.322651,-4.128616],[103.322923,-4.128127],[103.323194,-4.127639],[103.323195,-4.127258],[103.323197,-4.12666],[103.323414,-4.126335],[103.323414,-4.126009],[103.323361,-4.125682],[103.323578,-4.125357],[103.32412,-4.125086],[103.32477,-4.124979],[103.325202,-4.125252],[103.325473,-4.125252],[103.325851,-4.12547],[103.326176,-4.125525],[103.326338,-4.125471],[103.326475,-4.125403],[103.32664,-4.125139],[103.326685,-4.124831],[103.32673,-4.124347],[103.327037,-4.123908],[103.3273,-4.124085],[103.327606,-4.124085],[103.327694,-4.123822],[103.327958,-4.123383],[103.328353,-4.122812],[103.328398,-4.122592],[103.328486,-4.122196],[103.328661,-4.122197],[103.328836,-4.122329],[103.329142,-4.122506],[103.329274,-4.122506],[103.329405,-4.122418],[103.329713,-4.122023],[103.33002,-4.12176],[103.330414,-4.121717],[103.330765,-4.12163],[103.330983,-4.12163],[103.330984,-4.121542],[103.330984,-4.12119],[103.330985,-4.120707],[103.330986,-4.120355],[103.331031,-4.119959],[103.331294,-4.11974],[103.331644,-4.11974],[103.331907,-4.119785],[103.332039,-4.119521],[103.332302,-4.119214],[103.332478,-4.118863],[103.332479,-4.118511],[103.332524,-4.118115],[103.332918,-4.118028],[103.333181,-4.117765],[103.333794,-4.117766],[103.33432,-4.117811],[103.334539,-4.11768],[103.334759,-4.117416],[103.334978,-4.117109],[103.33533,-4.116406],[103.335901,-4.115836],[103.336558,-4.115397],[103.336822,-4.115002],[103.336823,-4.114518],[103.336562,-4.113814],[103.3363,-4.113242],[103.335951,-4.112802],[103.33617,-4.112538],[103.336522,-4.112011],[103.336829,-4.11166],[103.337224,-4.111265],[103.337663,-4.110518],[103.337708,-4.110123],[103.337622,-4.109551],[103.337893,-4.109145],[103.338224,-4.109479],[103.338826,-4.109567],[103.339143,-4.109472],[103.339687,-4.109309],[103.340376,-4.109224],[103.340895,-4.108102],[103.341153,-4.108103],[103.342187,-4.107586],[103.342876,-4.107156],[103.343308,-4.106379],[103.343568,-4.105515],[103.343569,-4.104911],[103.343828,-4.104652],[103.344345,-4.104221],[103.344776,-4.10379],[103.344949,-4.103099],[103.34538,-4.102754],[103.345295,-4.102408],[103.346156,-4.10241],[103.346758,-4.102498],[103.346673,-4.101893],[103.346674,-4.101288],[103.346551,-4.100931],[103.346573,-4.100931],[103.347038,-4.100652],[103.346575,-4.100092],[103.346576,-4.099439],[103.34667,-4.098787],[103.346949,-4.098414],[103.346671,-4.098414],[103.346672,-4.098041],[103.346673,-4.097388],[103.347415,-4.097763],[103.347973,-4.097205],[103.348067,-4.096645],[103.347789,-4.096552],[103.347233,-4.095991],[103.347234,-4.095432],[103.347884,-4.095433],[103.348627,-4.095435],[103.348071,-4.094967],[103.347144,-4.09422],[103.347145,-4.093567],[103.347704,-4.092543],[103.348448,-4.092171],[103.349191,-4.09208],[103.349749,-4.091521],[103.349193,-4.090774],[103.348824,-4.089935],[103.348361,-4.089281],[103.348083,-4.088814],[103.348177,-4.088442],[103.34892,-4.088257],[103.34958,-4.087817],[103.349757,-4.087699],[103.349758,-4.086953],[103.349759,-4.086487],[103.350225,-4.085742],[103.350412,-4.085183],[103.350783,-4.085184],[103.351341,-4.084719],[103.351899,-4.084347],[103.352457,-4.084069],[103.35348,-4.083232],[103.354318,-4.082022],[103.354783,-4.081183],[103.354506,-4.08081],[103.354693,-4.080251],[103.355065,-4.079786],[103.355438,-4.079134],[103.356461,-4.07811],[103.357111,-4.077832],[103.357577,-4.076994],[103.358135,-4.076529],[103.35888,-4.075505],[103.358324,-4.075038],[103.358233,-4.074105],[103.357676,-4.074104],[103.357213,-4.07345],[103.357215,-4.072425],[103.356937,-4.072331],[103.357031,-4.071865],[103.357125,-4.071213],[103.35694,-4.070746],[103.356477,-4.070372],[103.3562,-4.069719],[103.356108,-4.068973],[103.355645,-4.068413],[103.355647,-4.067481],[103.35639,-4.067109],[103.356949,-4.066271],[103.357229,-4.065899],[103.357786,-4.06562],[103.358065,-4.065528],[103.358066,-4.064782],[103.357603,-4.064222],[103.35875,-4.064224]]]}},{"type":"Feature","properties":{"iddesa":"1673011005","nama_kelurahan":"Karang Dalo","kecamatan":"Dempo Tengah"},"geometry":{"type":"Polygon","coordinates":[[[103.279272,-4.038836],[103.279346,-4.038884],[103.280076,-4.039354],[103.282861,-4.042812],[103.285561,-4.043465],[103.288597,-4.044057],[103.290809,-4.042983],[103.291485,-4.042892],[103.292959,-4.04234],[103.295445,-4.042284],[103.29879,-4.041859],[103.301736,-4.041927],[103.304251,-4.042549],[103.304558,-4.042699],[103.304503,-4.042696],[103.304734,-4.043752],[103.304383,-4.044278],[103.304148,-4.045215],[103.304137,-4.045573],[103.304085,-4.047266],[103.303443,-4.047206],[103.302858,-4.048318],[103.302331,-4.048903],[103.302096,-4.049606],[103.300634,-4.051302],[103.300574,-4.052064],[103.300631,-4.052767],[103.299461,-4.053936],[103.299284,-4.054991],[103.297587,-4.057272],[103.297703,-4.057566],[103.297234,-4.058912],[103.297233,-4.059264],[103.29583,-4.060667],[103.294665,-4.05961],[103.293382,-4.05908],[103.291983,-4.058432],[103.290699,-4.058488],[103.289533,-4.057958],[103.288692,-4.057514],[103.288355,-4.057199],[103.287813,-4.05705],[103.287369,-4.056949],[103.287025,-4.056404],[103.286581,-4.056105],[103.285742,-4.056054],[103.285002,-4.055854],[103.284361,-4.055655],[103.283918,-4.055059],[103.283276,-4.055504],[103.281008,-4.05421],[103.280962,-4.052525],[103.279879,-4.051482],[103.279683,-4.050837],[103.279684,-4.050242],[103.278945,-4.049646],[103.278848,-4.048903],[103.278752,-4.047614],[103.278505,-4.047812],[103.277597,-4.04574],[103.277375,-4.045232],[103.277442,-4.045606],[103.277472,-4.045777],[103.277446,-4.045911],[103.277236,-4.045429],[103.277057,-4.045018],[103.276383,-4.044185],[103.275525,-4.043567],[103.27525,-4.043258],[103.275167,-4.043091],[103.274883,-4.042518],[103.274853,-4.042148],[103.275191,-4.041933],[103.275375,-4.04218],[103.276172,-4.042644],[103.27654,-4.042644],[103.276909,-4.042553],[103.277093,-4.042214],[103.277094,-4.041752],[103.277402,-4.041383],[103.277802,-4.040983],[103.277895,-4.040552],[103.277835,-4.039843],[103.278511,-4.039444],[103.278941,-4.039136],[103.278973,-4.038643],[103.279272,-4.038836]]]}},{"type":"Feature","properties":{"iddesa":"1673040009","nama_kelurahan":"Kuripan Babas","kecamatan":"Pagar Alam Utara"},"geometry":{"type":"Polygon","coordinates":[[[103.246784,-3.998615],[103.247287,-3.998938],[103.24773,-3.999072],[103.24804,-3.999117],[103.248706,-3.999119],[103.248839,-3.999075],[103.248972,-3.999298],[103.249015,-3.999699],[103.249413,-4.000234],[103.249583,-4.000454],[103.249723,-4.000636],[103.250077,-4.001126],[103.250563,-4.001662],[103.251228,-4.002243],[103.251936,-4.002779],[103.252652,-4.00314],[103.251224,-4.004567],[103.250616,-4.005305],[103.250571,-4.00536],[103.25057,-4.00578],[103.250523,-4.006294],[103.250476,-4.00666],[103.250455,-4.006644],[103.250418,-4.006617],[103.250259,-4.006848],[103.24994,-4.007291],[103.249425,-4.008177],[103.249053,-4.008708],[103.248664,-4.009204],[103.248486,-4.009434],[103.248344,-4.009512],[103.247924,-4.009432],[103.247465,-4.009341],[103.24708,-4.009653],[103.24668,-4.00989],[103.246251,-4.009562],[103.246206,-4.009725],[103.246206,-4.010008],[103.246235,-4.010171],[103.246175,-4.010379],[103.245938,-4.010557],[103.245701,-4.010661],[103.245449,-4.010749],[103.245286,-4.010794],[103.245242,-4.010793],[103.245079,-4.010748],[103.244976,-4.010763],[103.244783,-4.010778],[103.244517,-4.010822],[103.244309,-4.010836],[103.244043,-4.010821],[103.243925,-4.010687],[103.243866,-4.010612],[103.243984,-4.010419],[103.243792,-4.010329],[103.2436,-4.010344],[103.243526,-4.010344],[103.243523,-4.011429],[103.243346,-4.011384],[103.243095,-4.011264],[103.242961,-4.011264],[103.242754,-4.011264],[103.242621,-4.011263],[103.24234,-4.011248],[103.242295,-4.011248],[103.242118,-4.011248],[103.241895,-4.011262],[103.241659,-4.011306],[103.241555,-4.011306],[103.241496,-4.011306],[103.241407,-4.011276],[103.241318,-4.011201],[103.24124,-4.013312],[103.241062,-4.013178],[103.240811,-4.013043],[103.240545,-4.012879],[103.240145,-4.012774],[103.239716,-4.012699],[103.239317,-4.012728],[103.23905,-4.012846],[103.238739,-4.012875],[103.238073,-4.0128],[103.237673,-4.012814],[103.237244,-4.012828],[103.237007,-4.012812],[103.236608,-4.012767],[103.236164,-4.012647],[103.235675,-4.012646],[103.235172,-4.01266],[103.234802,-4.012807],[103.234032,-4.012806],[103.23402,-4.013973],[103.233067,-4.013033],[103.23158,-4.01199],[103.230352,-4.011076],[103.229933,-4.010132],[103.229643,-4.009156],[103.229288,-4.00857],[103.228901,-4.007984],[103.228383,-4.007885],[103.22806,-4.007657],[103.227671,-4.007656],[103.227347,-4.007623],[103.226992,-4.007427],[103.226636,-4.007264],[103.225988,-4.007295],[103.225405,-4.007358],[103.224952,-4.007357],[103.224725,-4.007194],[103.224015,-4.006412],[103.223175,-4.005532],[103.222657,-4.005401],[103.22214,-4.004977],[103.221752,-4.004521],[103.220912,-4.003609],[103.219422,-4.003703],[103.217414,-4.003861],[103.216573,-4.00386],[103.215082,-4.004149],[103.214467,-4.004245],[103.214175,-4.004407],[103.212295,-4.005379],[103.211323,-4.005409],[103.210352,-4.005472],[103.206983,-4.005952],[103.205246,-4.006159],[103.205229,-4.005865],[103.202368,-4.005744],[103.200195,-4.005279],[103.197338,-4.003779],[103.194024,-4.001588],[103.192082,-4.00009],[103.188081,-3.998473],[103.186284,-3.997733],[103.187811,-3.997667],[103.191209,-3.998151],[103.194924,-3.998795],[103.199744,-3.99952],[103.203539,-3.999607],[103.206781,-3.999138],[103.208045,-3.999459],[103.211523,-3.999863],[103.216109,-3.999397],[103.221644,-3.999012],[103.224569,-3.998701],[103.225201,-3.999099],[103.225912,-3.99918],[103.226545,-3.999181],[103.227731,-3.998946],[103.230183,-3.998554],[103.231765,-3.998081],[103.233267,-3.998005],[103.234611,-3.997928],[103.23556,-3.997931],[103.236588,-3.997536],[103.237064,-3.997219],[103.237777,-3.996506],[103.239093,-3.995345],[103.239123,-3.995318],[103.239596,-3.996034],[103.239911,-3.996749],[103.240176,-3.997084],[103.240203,-3.997523],[103.240324,-3.997544],[103.24063,-3.997852],[103.240629,-3.998252],[103.240645,-3.998312],[103.24072,-3.99859],[103.24145,-3.998897],[103.241453,-3.998899],[103.241973,-3.999084],[103.242462,-3.999177],[103.242726,-3.999372],[103.24292,-3.999516],[103.244173,-3.99998],[103.24552,-3.999645],[103.245765,-3.99943],[103.24598,-3.999215],[103.246204,-3.999029],[103.246429,-3.999077],[103.246644,-3.998754],[103.246751,-3.998648],[103.246784,-3.998615]]]}},{"type":"Feature","properties":{"iddesa":"1673010002","nama_kelurahan":"Lubuk Buntak","kecamatan":"Dempo Selatan"},"geometry":{"type":"Polygon","coordinates":[[[103.35875,-4.064224],[103.357603,-4.064222],[103.358066,-4.064782],[103.358065,-4.065528],[103.357786,-4.06562],[103.357229,-4.065899],[103.356949,-4.066271],[103.35639,-4.067109],[103.355647,-4.067481],[103.355645,-4.068413],[103.356108,-4.068973],[103.3562,-4.069719],[103.356477,-4.070372],[103.35694,-4.070746],[103.357125,-4.071213],[103.357031,-4.071865],[103.356937,-4.072331],[103.357215,-4.072425],[103.357213,-4.07345],[103.357676,-4.074104],[103.358233,-4.074105],[103.358324,-4.075038],[103.35888,-4.075505],[103.358135,-4.076529],[103.357577,-4.076994],[103.357111,-4.077832],[103.356461,-4.07811],[103.355438,-4.079134],[103.355065,-4.079786],[103.354693,-4.080251],[103.354506,-4.08081],[103.354783,-4.081183],[103.354318,-4.082022],[103.35348,-4.083232],[103.352457,-4.084069],[103.351899,-4.084347],[103.351341,-4.084719],[103.350783,-4.085184],[103.350412,-4.085183],[103.350225,-4.085742],[103.349759,-4.086487],[103.349758,-4.086953],[103.349757,-4.087699],[103.34958,-4.087817],[103.34892,-4.088257],[103.348177,-4.088442],[103.348083,-4.088814],[103.348361,-4.089281],[103.348824,-4.089935],[103.349193,-4.090774],[103.349749,-4.091521],[103.349191,-4.09208],[103.348448,-4.092171],[103.347704,-4.092543],[103.347145,-4.093567],[103.347144,-4.09422],[103.348071,-4.094967],[103.348627,-4.095435],[103.347884,-4.095433],[103.347234,-4.095432],[103.347233,-4.095991],[103.347789,-4.096552],[103.348067,-4.096645],[103.347973,-4.097205],[103.347415,-4.097763],[103.346673,-4.097388],[103.346672,-4.098041],[103.346671,-4.098414],[103.346949,-4.098414],[103.34667,-4.098787],[103.346576,-4.099439],[103.346575,-4.100092],[103.347038,-4.100652],[103.346573,-4.100931],[103.346551,-4.100931],[103.345923,-4.10093],[103.344904,-4.099902],[103.344348,-4.099528],[103.343791,-4.099247],[103.34277,-4.099152],[103.342028,-4.09887],[103.341472,-4.09803],[103.341009,-4.097656],[103.340452,-4.097748],[103.339524,-4.09728],[103.338783,-4.096626],[103.338505,-4.096066],[103.338785,-4.095414],[103.338508,-4.094854],[103.338509,-4.094202],[103.338418,-4.093549],[103.338232,-4.093455],[103.337398,-4.092615],[103.3374,-4.091775],[103.337402,-4.090936],[103.337404,-4.090004],[103.337498,-4.089352],[103.338056,-4.0887],[103.338058,-4.087861],[103.338709,-4.08749],[103.33936,-4.086932],[103.339361,-4.086279],[103.339549,-4.085347],[103.339828,-4.084882],[103.339829,-4.084322],[103.340109,-4.08367],[103.340667,-4.083205],[103.340856,-4.081994],[103.341414,-4.081156],[103.342157,-4.080971],[103.342992,-4.081532],[103.343457,-4.08116],[103.343736,-4.080695],[103.343738,-4.079762],[103.343833,-4.079017],[103.344298,-4.078458],[103.344763,-4.078086],[103.345228,-4.077528],[103.345693,-4.077249],[103.345694,-4.076597],[103.34616,-4.076038],[103.346718,-4.0752],[103.346349,-4.074267],[103.346907,-4.073802],[103.347374,-4.072684],[103.347375,-4.072125],[103.346912,-4.071378],[103.347007,-4.070446],[103.346172,-4.070258],[103.345615,-4.069977],[103.345523,-4.069604],[103.345524,-4.068951],[103.345247,-4.068578],[103.345341,-4.067832],[103.34525,-4.0669],[103.345065,-4.06634],[103.344974,-4.065687],[103.344326,-4.06494],[103.34507,-4.064009],[103.344885,-4.063823],[103.345256,-4.06373],[103.345721,-4.063358],[103.346094,-4.062986],[103.346096,-4.061961],[103.345818,-4.061494],[103.34517,-4.060467],[103.344706,-4.060466],[103.344705,-4.061212],[103.344148,-4.061117],[103.343499,-4.060743],[103.343314,-4.059997],[103.342666,-4.059157],[103.342203,-4.058596],[103.341462,-4.057849],[103.341183,-4.058315],[103.340441,-4.05794],[103.339235,-4.057378],[103.339399,-4.057181],[103.3397,-4.05682],[103.33933,-4.05598],[103.339795,-4.055701],[103.34026,-4.055423],[103.34091,-4.055237],[103.341282,-4.054865],[103.341933,-4.054401],[103.341841,-4.054027],[103.341842,-4.053561],[103.342122,-4.052723],[103.34203,-4.05235],[103.342091,-4.051988],[103.342124,-4.051791],[103.342403,-4.051418],[103.343147,-4.05086],[103.34389,-4.050862],[103.344262,-4.05049],[103.344356,-4.049931],[103.344636,-4.049092],[103.344267,-4.048066],[103.344268,-4.047413],[103.344301,-4.047106],[103.344362,-4.04708],[103.344973,-4.046826],[103.345381,-4.046127],[103.345638,-4.045956],[103.345904,-4.045779],[103.346369,-4.045488],[103.346891,-4.045839],[103.347239,-4.045607],[103.347529,-4.045724],[103.34776,-4.046249],[103.348109,-4.045958],[103.348458,-4.045726],[103.348922,-4.045843],[103.349096,-4.046019],[103.349094,-4.047009],[103.348977,-4.047592],[103.34886,-4.048],[103.348903,-4.048176],[103.34909,-4.048933],[103.34903,-4.05004],[103.349029,-4.050564],[103.349491,-4.051265],[103.34949,-4.051964],[103.349663,-4.052547],[103.349951,-4.05348],[103.34995,-4.054238],[103.350353,-4.055579],[103.350525,-4.056745],[103.35093,-4.057213],[103.350929,-4.057795],[103.350928,-4.058436],[103.350869,-4.058961],[103.350926,-4.059486],[103.350983,-4.059894],[103.351506,-4.05972],[103.352028,-4.059663],[103.352551,-4.059197],[103.352958,-4.059023],[103.353306,-4.059141],[103.353538,-4.059374],[103.353189,-4.059782],[103.352781,-4.060364],[103.352838,-4.060772],[103.353476,-4.061298],[103.353824,-4.061473],[103.354172,-4.061474],[103.354752,-4.061708],[103.3551,-4.061709],[103.355565,-4.061477],[103.355914,-4.061186],[103.356205,-4.06072],[103.355915,-4.06037],[103.355568,-4.059786],[103.355685,-4.05967],[103.356149,-4.059671],[103.356497,-4.059672],[103.356789,-4.05909],[103.357311,-4.059032],[103.357486,-4.058858],[103.357892,-4.058859],[103.358472,-4.058976],[103.358878,-4.059152],[103.359342,-4.059386],[103.359806,-4.059445],[103.360212,-4.059504],[103.360734,-4.059855],[103.360675,-4.060147],[103.360558,-4.060554],[103.3605,-4.060787],[103.360615,-4.061196],[103.360905,-4.061429],[103.361136,-4.062013],[103.360787,-4.062303],[103.360206,-4.062535],[103.359915,-4.062768],[103.359509,-4.063],[103.35916,-4.063232],[103.359043,-4.063582],[103.359042,-4.063932],[103.35875,-4.064224]]]}},{"type":"Feature","properties":{"iddesa":"1673020002","nama_kelurahan":"Muara Siban","kecamatan":"Dempo Utara"},"geometry":{"type":"Polygon","coordinates":[[[103.230073,-4.05294],[103.230047,-4.05317],[103.230045,-4.05406],[103.229682,-4.05418],[103.22948,-4.054422],[103.2296,-4.054706],[103.229801,-4.05507],[103.230163,-4.055192],[103.230768,-4.054991],[103.231049,-4.055032],[103.231009,-4.055275],[103.230565,-4.055355],[103.230404,-4.055355],[103.230605,-4.055557],[103.230522,-4.05673],[103.230481,-4.057255],[103.230762,-4.057741],[103.230963,-4.057903],[103.231123,-4.058146],[103.23084,-4.058752],[103.231001,-4.058955],[103.231362,-4.059198],[103.231563,-4.059482],[103.231482,-4.059805],[103.23124,-4.059845],[103.231239,-4.06029],[103.231239,-4.060654],[103.231319,-4.060896],[103.231197,-4.061179],[103.231156,-4.061503],[103.231316,-4.061907],[103.232041,-4.061828],[103.232363,-4.06195],[103.232523,-4.062436],[103.232522,-4.062799],[103.232965,-4.063043],[103.233046,-4.062922],[103.233729,-4.063328],[103.234454,-4.063451],[103.235059,-4.063169],[103.235663,-4.06313],[103.236388,-4.062808],[103.236711,-4.062445],[103.236913,-4.062162],[103.237395,-4.062568],[103.237677,-4.062568],[103.237879,-4.062366],[103.23796,-4.062124],[103.238886,-4.062045],[103.23933,-4.061803],[103.239934,-4.061603],[103.240137,-4.061199],[103.240821,-4.0612],[103.241507,-4.060514],[103.241991,-4.060475],[103.242313,-4.060112],[103.243469,-4.059831],[103.243465,-4.059847],[103.243388,-4.060126],[103.243535,-4.060671],[103.24447,-4.061863],[103.245208,-4.062856],[103.245552,-4.063649],[103.245315,-4.064093],[103.244936,-4.064187],[103.244722,-4.064572],[103.244592,-4.065086],[103.244507,-4.065129],[103.244846,-4.066115],[103.244888,-4.066586],[103.244716,-4.066929],[103.244203,-4.067527],[103.243733,-4.067912],[103.243305,-4.068382],[103.243134,-4.06881],[103.242707,-4.068895],[103.242195,-4.068979],[103.240871,-4.069748],[103.240613,-4.070647],[103.240399,-4.071075],[103.240014,-4.071545],[103.239672,-4.071844],[103.239671,-4.072358],[103.239585,-4.072658],[103.239328,-4.073],[103.239071,-4.073514],[103.238984,-4.074027],[103.238813,-4.07437],[103.23783,-4.075053],[103.237445,-4.075438],[103.237359,-4.075695],[103.237359,-4.07608],[103.237017,-4.076294],[103.236931,-4.076593],[103.236888,-4.076765],[103.236504,-4.076807],[103.236205,-4.076977],[103.235948,-4.077191],[103.235995,-4.077334],[103.235829,-4.077258],[103.234783,-4.077094],[103.23438,-4.077336],[103.233735,-4.077739],[103.233011,-4.077575],[103.232688,-4.077656],[103.231723,-4.077249],[103.230757,-4.077247],[103.230435,-4.077327],[103.229871,-4.077407],[103.229228,-4.077163],[103.228583,-4.077647],[103.227939,-4.077564],[103.227776,-4.078615],[103.22713,-4.079179],[103.226244,-4.079581],[103.225519,-4.079661],[103.225519,-4.07958],[103.224714,-4.079982],[103.22423,-4.080305],[103.223587,-4.079818],[103.222942,-4.08014],[103.222539,-4.080382],[103.222057,-4.079896],[103.221494,-4.079894],[103.22077,-4.07965],[103.219885,-4.079163],[103.219322,-4.078839],[103.218438,-4.07819],[103.217795,-4.077946],[103.216828,-4.078267],[103.216506,-4.078105],[103.215701,-4.078103],[103.214574,-4.078424],[103.214331,-4.07907],[103.213928,-4.079312],[103.21366,-4.079409],[103.213692,-4.079249],[103.213816,-4.07905],[103.213693,-4.078876],[103.213545,-4.078578],[103.213669,-4.078503],[103.213669,-4.07828],[103.213645,-4.078081],[103.213398,-4.077931],[103.213101,-4.077781],[103.212731,-4.077457],[103.212434,-4.077183],[103.212534,-4.076985],[103.21246,-4.076835],[103.212187,-4.076984],[103.212113,-4.077207],[103.212062,-4.07758],[103.211865,-4.077431],[103.211791,-4.077082],[103.211419,-4.077405],[103.211072,-4.077603],[103.210924,-4.077503],[103.2108,-4.077602],[103.210627,-4.077304],[103.210083,-4.077377],[103.210082,-4.077625],[103.209833,-4.078172],[103.209387,-4.078543],[103.208991,-4.078567],[103.208546,-4.078392],[103.208274,-4.078367],[103.207976,-4.078664],[103.207852,-4.078739],[103.207604,-4.078887],[103.207333,-4.078663],[103.206986,-4.078811],[103.206837,-4.079035],[103.206489,-4.079456],[103.206366,-4.079382],[103.206167,-4.079555],[103.20582,-4.079853],[103.205424,-4.079777],[103.204979,-4.079876],[103.204756,-4.079726],[103.204311,-4.079526],[103.204313,-4.078756],[103.203942,-4.078432],[103.203646,-4.078083],[103.203127,-4.077784],[103.203276,-4.077585],[103.202015,-4.076887],[103.201694,-4.076687],[103.201595,-4.076811],[103.202163,-4.07716],[103.202014,-4.077707],[103.201791,-4.077483],[103.201371,-4.077506],[103.201001,-4.076934],[103.200655,-4.076536],[103.200383,-4.076411],[103.200234,-4.076659],[103.200036,-4.076857],[103.199714,-4.076881],[103.199863,-4.07641],[103.199294,-4.076259],[103.19875,-4.076233],[103.198479,-4.07586],[103.198182,-4.07571],[103.197761,-4.075808],[103.197465,-4.075385],[103.19697,-4.075409],[103.196672,-4.075557],[103.196375,-4.07593],[103.195683,-4.075506],[103.195534,-4.075729],[103.195212,-4.075629],[103.195188,-4.075455],[103.195337,-4.075008],[103.19514,-4.074759],[103.194917,-4.074584],[103.195067,-4.074336],[103.194795,-4.074186],[103.194771,-4.073863],[103.194598,-4.07349],[103.194511,-4.073403],[103.194621,-4.073125],[103.194243,-4.073061],[103.194136,-4.073043],[103.192567,-4.067995],[103.197292,-4.062019],[103.199987,-4.06077],[103.20005,-4.060151],[103.200234,-4.060059],[103.200957,-4.060789],[103.201561,-4.06075],[103.202448,-4.060307],[103.202891,-4.060106],[103.203334,-4.060147],[103.203896,-4.060917],[103.204217,-4.061483],[103.203974,-4.062211],[103.20486,-4.06197],[103.205223,-4.06193],[103.206147,-4.062822],[103.20643,-4.062378],[103.206672,-4.062217],[103.207478,-4.061935],[103.207759,-4.061976],[103.208121,-4.06226],[103.209129,-4.061858],[103.210096,-4.061577],[103.211185,-4.060852],[103.211669,-4.060166],[103.211671,-4.059478],[103.211712,-4.058953],[103.211834,-4.05871],[103.212319,-4.05762],[103.213207,-4.056975],[103.214373,-4.057705],[103.215218,-4.057828],[103.215581,-4.057627],[103.215782,-4.057749],[103.217231,-4.057873],[103.21828,-4.056945],[103.219366,-4.057756],[103.219849,-4.057677],[103.220172,-4.057233],[103.219691,-4.056463],[103.220135,-4.05606],[103.22086,-4.055738],[103.221625,-4.055942],[103.221745,-4.056185],[103.221864,-4.057155],[103.222307,-4.057156],[103.222347,-4.056954],[103.222952,-4.056592],[103.223314,-4.056876],[103.223918,-4.056715],[103.224201,-4.05615],[103.224203,-4.055664],[103.223882,-4.055138],[103.223922,-4.055017],[103.223922,-4.054855],[103.224326,-4.054613],[103.224406,-4.054816],[103.225938,-4.053889],[103.227669,-4.054135],[103.228514,-4.054259],[103.228716,-4.053976],[103.228879,-4.053087],[103.229685,-4.052684],[103.230201,-4.052501],[103.23025,-4.052483],[103.23041,-4.052564],[103.230088,-4.052806],[103.230073,-4.05294]]]}},{"type":"Feature","properties":{"iddesa":"1673030007","nama_kelurahan":"Nendagung","kecamatan":"Pagar Alam Selatan"},"geometry":{"type":"Polygon","coordinates":[[[103.23752,-4.022606],[103.23757,-4.023799],[103.238214,-4.023692],[103.238234,-4.024727],[103.240573,-4.024473],[103.240762,-4.02665],[103.240954,-4.026801],[103.241061,-4.027103],[103.241252,-4.027987],[103.241723,-4.028419],[103.242151,-4.029045],[103.242197,-4.029453],[103.242271,-4.030119],[103.242276,-4.03017],[103.242277,-4.030173],[103.242278,-4.030188],[103.24228,-4.030204],[103.242341,-4.030748],[103.242348,-4.031002],[103.242447,-4.034432],[103.236375,-4.035238],[103.236047,-4.033739],[103.23571,-4.033399],[103.235585,-4.032722],[103.235164,-4.032637],[103.234364,-4.032593],[103.233858,-4.032803],[103.233395,-4.032591],[103.232973,-4.032632],[103.232594,-4.0328],[103.232383,-4.033096],[103.231707,-4.033687],[103.231075,-4.033686],[103.230004,-4.033862],[103.229558,-4.033936],[103.230062,-4.03453],[103.230019,-4.035079],[103.229387,-4.035247],[103.228837,-4.035965],[103.227657,-4.03609],[103.226014,-4.036171],[103.224876,-4.036464],[103.224706,-4.037014],[103.224284,-4.03714],[103.223231,-4.037265],[103.222767,-4.037602],[103.222977,-4.037772],[103.222976,-4.03811],[103.222597,-4.038194],[103.222218,-4.037939],[103.221797,-4.038065],[103.221374,-4.038488],[103.221078,-4.039079],[103.219855,-4.039627],[103.219773,-4.039692],[103.219578,-4.03932],[103.219554,-4.038889],[103.219126,-4.038204],[103.218977,-4.037443],[103.218977,-4.037241],[103.218978,-4.036987],[103.219105,-4.036531],[103.219257,-4.036126],[103.219234,-4.035162],[103.219362,-4.034352],[103.219692,-4.033643],[103.220324,-4.033112],[103.220677,-4.032961],[103.220678,-4.032758],[103.220679,-4.032327],[103.220907,-4.031719],[103.221136,-4.030731],[103.221542,-4.030073],[103.221771,-4.028857],[103.22162,-4.028781],[103.221621,-4.028553],[103.220864,-4.028551],[103.220712,-4.0285],[103.220334,-4.02817],[103.219906,-4.02789],[103.219477,-4.027762],[103.21925,-4.027863],[103.218922,-4.02771],[103.218973,-4.027356],[103.218873,-4.027178],[103.218596,-4.02667],[103.218521,-4.026645],[103.21837,-4.026239],[103.218017,-4.025959],[103.217562,-4.02644],[103.217032,-4.026464],[103.216729,-4.026616],[103.217006,-4.026844],[103.217334,-4.02682],[103.21751,-4.027175],[103.217106,-4.027377],[103.216626,-4.027224],[103.216172,-4.027299],[103.215945,-4.027121],[103.215466,-4.026968],[103.214835,-4.026941],[103.214457,-4.026687],[103.213978,-4.026534],[103.213473,-4.026532],[103.213094,-4.026684],[103.212741,-4.026784],[103.212387,-4.02686],[103.211883,-4.026605],[103.21201,-4.026402],[103.212187,-4.026023],[103.21249,-4.02577],[103.212769,-4.025365],[103.212971,-4.025416],[103.213223,-4.025417],[103.215701,-4.023572],[103.215852,-4.02375],[103.216003,-4.02375],[103.216255,-4.023776],[103.216558,-4.023751],[103.21676,-4.0236],[103.217063,-4.023626],[103.217316,-4.023677],[103.217643,-4.02383],[103.21787,-4.023982],[103.218122,-4.024236],[103.2184,-4.024135],[103.21845,-4.024237],[103.218565,-4.024229],[103.218557,-4.024295],[103.21863,-4.02434],[103.218906,-4.024319],[103.219265,-4.024363],[103.21954,-4.024363],[103.219879,-4.024385],[103.22007,-4.024301],[103.22062,-4.024004],[103.221022,-4.024239],[103.221508,-4.024495],[103.221719,-4.024857],[103.222206,-4.024879],[103.222481,-4.024774],[103.222799,-4.024732],[103.223201,-4.024775],[103.22356,-4.024925],[103.223898,-4.025138],[103.224004,-4.025096],[103.224195,-4.025075],[103.224723,-4.02531],[103.225168,-4.02529],[103.225464,-4.025248],[103.226036,-4.024951],[103.226269,-4.025143],[103.226353,-4.02508],[103.226692,-4.025017],[103.227073,-4.024954],[103.227221,-4.024996],[103.227356,-4.025155],[103.227403,-4.02516],[103.228096,-4.024893],[103.228232,-4.024107],[103.229016,-4.023481],[103.230068,-4.022809],[103.230447,-4.02308],[103.230559,-4.02317],[103.230626,-4.023035],[103.230827,-4.023215],[103.231207,-4.023328],[103.231922,-4.02333],[103.232324,-4.023286],[103.23257,-4.023196],[103.232839,-4.023197],[103.23295,-4.023197],[103.233242,-4.022861],[103.233644,-4.022795],[103.234114,-4.022661],[103.234226,-4.022572],[103.234561,-4.022617],[103.23503,-4.022573],[103.235432,-4.022709],[103.235679,-4.02244],[103.23617,-4.022598],[103.236237,-4.022531],[103.236371,-4.022666],[103.236483,-4.022464],[103.236703,-4.022412],[103.236706,-4.022454],[103.236788,-4.022422],[103.236966,-4.022477],[103.237281,-4.022574],[103.237423,-4.022592],[103.237501,-4.022602],[103.23752,-4.022606]]]}},{"type":"Feature","properties":{"iddesa":"1673011004","nama_kelurahan":"Padang Temu","kecamatan":"Dempo Tengah"},"geometry":{"type":"Polygon","coordinates":[[[103.288692,-4.057514],[103.288309,-4.057311],[103.288366,-4.058308],[103.287722,-4.059009],[103.286729,-4.059359],[103.286092,-4.059407],[103.285621,-4.059239],[103.284804,-4.059296],[103.284511,-4.059881],[103.283811,-4.05988],[103.283285,-4.060172],[103.282232,-4.061341],[103.281297,-4.062101],[103.280011,-4.062919],[103.279135,-4.063268],[103.278666,-4.064381],[103.278432,-4.06479],[103.279306,-4.065378],[103.279069,-4.067018],[103.279241,-4.068308],[103.27982,-4.070594],[103.280166,-4.072412],[103.279463,-4.074109],[103.278584,-4.075748],[103.279106,-4.077156],[103.279163,-4.077859],[103.278462,-4.078267],[103.278511,-4.078321],[103.276672,-4.0797],[103.275972,-4.080166],[103.275623,-4.079931],[103.275157,-4.079989],[103.271077,-4.081968],[103.265425,-4.083418],[103.264081,-4.085753],[103.262624,-4.086569],[103.259068,-4.088198],[103.257201,-4.090065],[103.256267,-4.090823],[103.255276,-4.091348],[103.254752,-4.091522],[103.254683,-4.09166],[103.254604,-4.091626],[103.254562,-4.091326],[103.254306,-4.090983],[103.253965,-4.090854],[103.253582,-4.090339],[103.252987,-4.089652],[103.252519,-4.089051],[103.252179,-4.088322],[103.251754,-4.087722],[103.251499,-4.087164],[103.2515,-4.086778],[103.251543,-4.086436],[103.251544,-4.086007],[103.251289,-4.085664],[103.250863,-4.085106],[103.250225,-4.084505],[103.249714,-4.083947],[103.249715,-4.083476],[103.250015,-4.082877],[103.250315,-4.082406],[103.25023,-4.081806],[103.250146,-4.081292],[103.250062,-4.080863],[103.249508,-4.080348],[103.249168,-4.079919],[103.249169,-4.079491],[103.24917,-4.079148],[103.249,-4.078762],[103.248532,-4.078075],[103.248277,-4.077775],[103.247808,-4.077431],[103.247297,-4.077259],[103.247084,-4.07713],[103.247084,-4.076873],[103.246829,-4.076615],[103.246701,-4.076658],[103.24653,-4.076486],[103.246616,-4.076143],[103.246277,-4.075457],[103.246192,-4.075071],[103.24615,-4.074986],[103.246236,-4.074557],[103.246364,-4.074301],[103.246237,-4.074043],[103.246323,-4.073701],[103.246324,-4.073444],[103.246282,-4.073015],[103.246197,-4.072758],[103.246326,-4.072501],[103.246326,-4.072201],[103.246241,-4.071987],[103.245986,-4.071558],[103.245987,-4.071301],[103.246286,-4.071087],[103.246244,-4.070873],[103.24633,-4.070488],[103.246672,-4.070103],[103.246588,-4.069717],[103.246674,-4.069289],[103.246675,-4.068946],[103.246377,-4.068517],[103.246207,-4.06796],[103.246167,-4.067103],[103.245657,-4.066245],[103.245572,-4.065774],[103.245104,-4.065301],[103.244934,-4.06483],[103.245106,-4.06453],[103.245319,-4.064531],[103.245448,-4.06406],[103.245315,-4.064093],[103.245552,-4.063649],[103.245208,-4.062856],[103.24447,-4.061863],[103.243535,-4.060671],[103.243388,-4.060126],[103.243465,-4.059847],[103.243469,-4.059831],[103.243537,-4.059581],[103.243784,-4.059532],[103.24413,-4.059186],[103.244525,-4.059286],[103.244723,-4.059138],[103.24497,-4.058989],[103.245266,-4.058891],[103.245563,-4.058594],[103.245662,-4.058396],[103.24586,-4.058397],[103.246303,-4.058497],[103.246748,-4.058349],[103.246995,-4.058003],[103.247046,-4.057259],[103.247441,-4.057458],[103.248624,-4.058056],[103.249167,-4.058156],[103.249907,-4.058108],[103.250253,-4.057861],[103.250698,-4.057416],[103.250897,-4.056921],[103.251143,-4.056971],[103.251637,-4.056972],[103.251784,-4.05727],[103.252082,-4.056576],[103.252478,-4.056082],[103.253071,-4.055736],[103.253761,-4.055936],[103.255143,-4.056087],[103.255882,-4.056585],[103.256424,-4.057032],[103.25746,-4.057431],[103.258248,-4.057829],[103.258298,-4.057631],[103.258891,-4.057186],[103.259731,-4.05689],[103.260571,-4.056644],[103.261508,-4.056597],[103.261854,-4.056498],[103.262299,-4.056053],[103.262843,-4.055708],[103.262843,-4.055509],[103.263239,-4.055064],[103.264128,-4.05462],[103.264424,-4.054868],[103.264916,-4.055316],[103.265756,-4.05502],[103.266201,-4.054575],[103.2664,-4.05408],[103.265908,-4.053335],[103.266007,-4.053187],[103.266106,-4.05284],[103.266355,-4.051949],[103.266999,-4.050909],[103.267986,-4.050614],[103.269418,-4.050617],[103.2708,-4.050471],[103.27154,-4.050374],[103.272134,-4.04978],[103.272628,-4.049583],[103.273664,-4.049585],[103.274651,-4.049687],[103.275392,-4.049391],[103.275788,-4.048846],[103.275937,-4.0485],[103.276579,-4.048154],[103.276876,-4.047808],[103.276877,-4.047362],[103.277272,-4.047165],[103.277371,-4.046867],[103.277373,-4.046273],[103.277446,-4.045911],[103.277472,-4.045777],[103.277442,-4.045606],[103.277375,-4.045232],[103.277597,-4.04574],[103.278505,-4.047812],[103.278752,-4.047614],[103.278848,-4.048903],[103.278945,-4.049646],[103.279684,-4.050242],[103.279683,-4.050837],[103.279879,-4.051482],[103.280962,-4.052525],[103.281008,-4.05421],[103.283276,-4.055504],[103.283918,-4.055059],[103.284361,-4.055655],[103.285002,-4.055854],[103.285742,-4.056054],[103.286581,-4.056105],[103.287025,-4.056404],[103.287369,-4.056949],[103.287813,-4.05705],[103.288355,-4.057199],[103.288692,-4.057514]]]}},{"type":"Feature","properties":{"iddesa":"1673040004","nama_kelurahan":"Pagar Alam","kecamatan":"Pagar Alam Utara"},"geometry":{"type":"Polygon","coordinates":[[[103.252536,-4.015041],[103.252639,-4.015071],[103.2527,-4.015107],[103.252638,-4.015397],[103.252708,-4.015406],[103.252813,-4.015406],[103.253076,-4.01538],[103.253366,-4.015302],[103.253681,-4.015267],[103.25397,-4.015496],[103.254171,-4.015691],[103.254302,-4.015805],[103.254381,-4.015893],[103.254538,-4.01592],[103.254679,-4.015929],[103.255072,-4.01615],[103.255054,-4.016696],[103.255229,-4.016784],[103.255211,-4.016951],[103.255268,-4.01714],[103.255376,-4.017497],[103.255367,-4.017858],[103.255551,-4.017937],[103.256198,-4.018502],[103.2559,-4.018528],[103.255754,-4.018759],[103.255735,-4.018696],[103.255658,-4.018832],[103.255522,-4.018977],[103.255378,-4.019019],[103.255225,-4.019121],[103.255012,-4.01901],[103.254979,-4.018941],[103.254843,-4.018813],[103.254682,-4.018727],[103.254478,-4.018727],[103.2543,-4.018769],[103.254232,-4.018769],[103.25396,-4.018675],[103.25368,-4.018538],[103.253399,-4.018673],[103.253229,-4.018912],[103.253025,-4.019125],[103.252957,-4.019108],[103.252889,-4.019286],[103.252786,-4.019448],[103.252514,-4.019627],[103.252235,-4.019208],[103.251668,-4.018303],[103.251312,-4.017731],[103.251159,-4.017807],[103.250955,-4.017943],[103.250776,-4.018045],[103.25064,-4.018147],[103.250555,-4.018258],[103.250529,-4.01836],[103.250512,-4.018497],[103.250486,-4.018667],[103.250461,-4.018778],[103.250418,-4.018846],[103.250375,-4.019008],[103.250316,-4.019102],[103.250265,-4.019136],[103.250095,-4.019135],[103.249916,-4.019169],[103.249912,-4.019218],[103.249868,-4.019007],[103.249786,-4.01888],[103.249563,-4.018961],[103.249377,-4.019006],[103.249221,-4.0192],[103.249072,-4.019251],[103.248715,-4.019273],[103.248433,-4.019287],[103.248188,-4.019344],[103.248143,-4.019354],[103.248001,-4.019481],[103.247875,-4.019659],[103.24786,-4.019659],[103.247667,-4.019659],[103.247518,-4.019644],[103.247392,-4.019628],[103.247258,-4.019695],[103.247131,-4.019717],[103.247012,-4.019799],[103.246849,-4.019866],[103.246752,-4.019955],[103.246715,-4.02006],[103.246596,-4.020067],[103.246343,-4.020066],[103.246202,-4.020111],[103.24606,-4.02023],[103.245949,-4.02026],[103.24577,-4.020304],[103.245458,-4.020259],[103.245228,-4.020228],[103.245042,-4.02031],[103.2447,-4.020481],[103.244536,-4.020525],[103.244469,-4.020577],[103.244402,-4.020697],[103.244402,-4.020809],[103.244409,-4.020965],[103.244342,-4.021085],[103.244186,-4.021181],[103.244037,-4.021256],[103.244014,-4.021315],[103.243992,-4.021472],[103.244,-4.021607],[103.243854,-4.021652],[103.24384,-4.021886],[103.243743,-4.021955],[103.243469,-4.021968],[103.243249,-4.022064],[103.243016,-4.022063],[103.242879,-4.022091],[103.242714,-4.0222],[103.242495,-4.022227],[103.242124,-4.022199],[103.241562,-4.022101],[103.241384,-4.022018],[103.241302,-4.022115],[103.241192,-4.022225],[103.24078,-4.022196],[103.240574,-4.02221],[103.240369,-4.022182],[103.240218,-4.02225],[103.240121,-4.022319],[103.239847,-4.022318],[103.239628,-4.022318],[103.239504,-4.022359],[103.239504,-4.022455],[103.239339,-4.022496],[103.239106,-4.022537],[103.238996,-4.022413],[103.238887,-4.022178],[103.238819,-4.022151],[103.238517,-4.022191],[103.238325,-4.022246],[103.238132,-4.022383],[103.237948,-4.022502],[103.237899,-4.022534],[103.237693,-4.022644],[103.23752,-4.022606],[103.237501,-4.022602],[103.237423,-4.022592],[103.237281,-4.022574],[103.236966,-4.022477],[103.236788,-4.022422],[103.236706,-4.022454],[103.236703,-4.022412],[103.236677,-4.022111],[103.236653,-4.020228],[103.236683,-4.019653],[103.236311,-4.019178],[103.235811,-4.018947],[103.235611,-4.018601],[103.235612,-4.018371],[103.235612,-4.018127],[103.235585,-4.017995],[103.235562,-4.017887],[103.235556,-4.017853],[103.235556,-4.017666],[103.235142,-4.017234],[103.234442,-4.016471],[103.233913,-4.015995],[103.233842,-4.015736],[103.233933,-4.015622],[103.233957,-4.015593],[103.234157,-4.015622],[103.234372,-4.015795],[103.234472,-4.015882],[103.234945,-4.015581],[103.235203,-4.015552],[103.235474,-4.015654],[103.235674,-4.015827],[103.235775,-4.015626],[103.235632,-4.01541],[103.235676,-4.01528],[103.235876,-4.015065],[103.236034,-4.014965],[103.236091,-4.014951],[103.236277,-4.015023],[103.236692,-4.015053],[103.237079,-4.015039],[103.23738,-4.015068],[103.237523,-4.015126],[103.237737,-4.015342],[103.237822,-4.015515],[103.23785,-4.015817],[103.237836,-4.016018],[103.237864,-4.016105],[103.238179,-4.016292],[103.238522,-4.016264],[103.238895,-4.016207],[103.239152,-4.016122],[103.239239,-4.015705],[103.239369,-4.015331],[103.23957,-4.015088],[103.239656,-4.01493],[103.240343,-4.014945],[103.240615,-4.014888],[103.240729,-4.015047],[103.241001,-4.015062],[103.241302,-4.014976],[103.241632,-4.014905],[103.241804,-4.01479],[103.241932,-4.014949],[103.241803,-4.015207],[103.241788,-4.01538],[103.241959,-4.015696],[103.242131,-4.015769],[103.242431,-4.015769],[103.242718,-4.01577],[103.24289,-4.015627],[103.243004,-4.015713],[103.243161,-4.015728],[103.243333,-4.015656],[103.243563,-4.015427],[103.243664,-4.01524],[103.24395,-4.015169],[103.244108,-4.015155],[103.244222,-4.015299],[103.244451,-4.015328],[103.244708,-4.015329],[103.24511,-4.015128],[103.245167,-4.015056],[103.245339,-4.0151],[103.245582,-4.015115],[103.245754,-4.015115],[103.245969,-4.014771],[103.246184,-4.014771],[103.246485,-4.014815],[103.246713,-4.015002],[103.246928,-4.01506],[103.247142,-4.015147],[103.247415,-4.01509],[103.247615,-4.01499],[103.247758,-4.015019],[103.247901,-4.015134],[103.247903,-4.015161],[103.247977,-4.015176],[103.248056,-4.015202],[103.248143,-4.015202],[103.248293,-4.014921],[103.248478,-4.01464],[103.248706,-4.014429],[103.24889,-4.0145],[103.248995,-4.014527],[103.249187,-4.014729],[103.249336,-4.014853],[103.249467,-4.014844],[103.249616,-4.014757],[103.249625,-4.014722],[103.249765,-4.014783],[103.249905,-4.014819],[103.250028,-4.014802],[103.250116,-4.014599],[103.250151,-4.014503],[103.250362,-4.014442],[103.250511,-4.014521],[103.250616,-4.014583],[103.250668,-4.014759],[103.250895,-4.014997],[103.250965,-4.015068],[103.251193,-4.015095],[103.251245,-4.015103],[103.251404,-4.01484],[103.251562,-4.014717],[103.251658,-4.014673],[103.251912,-4.014797],[103.252043,-4.014885],[103.252149,-4.014877],[103.252306,-4.014974],[103.252376,-4.015018],[103.25249,-4.015027],[103.252536,-4.015041]]]}},{"type":"Feature","properties":{"iddesa":"1673020005","nama_kelurahan":"Pagar Wangi","kecamatan":"Dempo Utara"},"geometry":{"type":"Polygon","coordinates":[[[103.218977,-4.037241],[103.218977,-4.037443],[103.219126,-4.038204],[103.219554,-4.038889],[103.219578,-4.03932],[103.219773,-4.039692],[103.219755,-4.039706],[103.220466,-4.040749],[103.221144,-4.041922],[103.221045,-4.042605],[103.22085,-4.042833],[103.22059,-4.043222],[103.220654,-4.043548],[103.22088,-4.043841],[103.22127,-4.043549],[103.221821,-4.043388],[103.222533,-4.04391],[103.223132,-4.044832],[103.223471,-4.044823],[103.22386,-4.044694],[103.225996,-4.046098],[103.227354,-4.047631],[103.228877,-4.047309],[103.230657,-4.048549],[103.23111,-4.049006],[103.231302,-4.05008],[103.231074,-4.0506],[103.231105,-4.051186],[103.230201,-4.052501],[103.229685,-4.052684],[103.228879,-4.053087],[103.228716,-4.053976],[103.228514,-4.054259],[103.227669,-4.054135],[103.225938,-4.053889],[103.224406,-4.054816],[103.224326,-4.054613],[103.223922,-4.054855],[103.223922,-4.055017],[103.223882,-4.055138],[103.224203,-4.055664],[103.224201,-4.05615],[103.223918,-4.056715],[103.223314,-4.056876],[103.222952,-4.056592],[103.222347,-4.056954],[103.222307,-4.057156],[103.221864,-4.057155],[103.221745,-4.056185],[103.221625,-4.055942],[103.22086,-4.055738],[103.220135,-4.05606],[103.219691,-4.056463],[103.220172,-4.057233],[103.219849,-4.057677],[103.219366,-4.057756],[103.21828,-4.056945],[103.217231,-4.057873],[103.215782,-4.057749],[103.215581,-4.057627],[103.215218,-4.057828],[103.214373,-4.057705],[103.213207,-4.056975],[103.212319,-4.05762],[103.211834,-4.05871],[103.211712,-4.058953],[103.211671,-4.059478],[103.211669,-4.060166],[103.211185,-4.060852],[103.210096,-4.061577],[103.209129,-4.061858],[103.208121,-4.06226],[103.207759,-4.061976],[103.207478,-4.061935],[103.206672,-4.062217],[103.20643,-4.062378],[103.206147,-4.062822],[103.205223,-4.06193],[103.20486,-4.06197],[103.203974,-4.062211],[103.204217,-4.061483],[103.203896,-4.060917],[103.203334,-4.060147],[103.202891,-4.060106],[103.202448,-4.060307],[103.201561,-4.06075],[103.200957,-4.060789],[103.200234,-4.060059],[103.20005,-4.060151],[103.200085,-4.059805],[103.198933,-4.058837],[103.196441,-4.055452],[103.195195,-4.051746],[103.19174,-4.04147],[103.198173,-4.039398],[103.1986,-4.036665],[103.198601,-4.036352],[103.201359,-4.035666],[103.204107,-4.035033],[103.207237,-4.034875],[103.207837,-4.035077],[103.207889,-4.035936],[103.207889,-4.036155],[103.207724,-4.036557],[103.208908,-4.035993],[103.210418,-4.036124],[103.210908,-4.036527],[103.211526,-4.036785],[103.212435,-4.036951],[103.213236,-4.03688],[103.213909,-4.036845],[103.214656,-4.036718],[103.215202,-4.036592],[103.216093,-4.036594],[103.216439,-4.036558],[103.216984,-4.036925],[103.217493,-4.03709],[103.218002,-4.037091],[103.218294,-4.037001],[103.21844,-4.0368],[103.218977,-4.037241]]]}},{"type":"Feature","properties":{"iddesa":"1673011003","nama_kelurahan":"Pelang Kenidai","kecamatan":"Dempo Tengah"},"geometry":{"type":"Polygon","coordinates":[[[103.342378,-4.040314],[103.342344,-4.04036],[103.342378,-4.040406],[103.342722,-4.040877],[103.343185,-4.041577],[103.343415,-4.042393],[103.343588,-4.043151],[103.343934,-4.043968],[103.343817,-4.044726],[103.343816,-4.045308],[103.34393,-4.046241],[103.34416,-4.047116],[103.344276,-4.047116],[103.344301,-4.047106],[103.344268,-4.047413],[103.344267,-4.048066],[103.344636,-4.049092],[103.344356,-4.049931],[103.344262,-4.05049],[103.34389,-4.050862],[103.343147,-4.05086],[103.342403,-4.051418],[103.342124,-4.051791],[103.342091,-4.051988],[103.34203,-4.05235],[103.342122,-4.052723],[103.341842,-4.053561],[103.341841,-4.054027],[103.341933,-4.054401],[103.341282,-4.054865],[103.34091,-4.055237],[103.34026,-4.055423],[103.339795,-4.055701],[103.33933,-4.05598],[103.3397,-4.05682],[103.339399,-4.057181],[103.339278,-4.057205],[103.338847,-4.057636],[103.338502,-4.058327],[103.338242,-4.058844],[103.337726,-4.058843],[103.337296,-4.058756],[103.336608,-4.058495],[103.336007,-4.058149],[103.335748,-4.058321],[103.335489,-4.058752],[103.335314,-4.060048],[103.335226,-4.061171],[103.335053,-4.061776],[103.334622,-4.06212],[103.334105,-4.062119],[103.333503,-4.062118],[103.333159,-4.062117],[103.332642,-4.062548],[103.332469,-4.062807],[103.33178,-4.062892],[103.33135,-4.063237],[103.330661,-4.063322],[103.329972,-4.063493],[103.329885,-4.064271],[103.330055,-4.064962],[103.329969,-4.065221],[103.329195,-4.065047],[103.329023,-4.064787],[103.328508,-4.064354],[103.328163,-4.06444],[103.327904,-4.064872],[103.327559,-4.065562],[103.32704,-4.066857],[103.326693,-4.068239],[103.325743,-4.069706],[103.325742,-4.070397],[103.325225,-4.070569],[103.324451,-4.070567],[103.324363,-4.071085],[103.32462,-4.071864],[103.324447,-4.072123],[103.324017,-4.072122],[103.323415,-4.072207],[103.32264,-4.072205],[103.322039,-4.071599],[103.321352,-4.070734],[103.32118,-4.070992],[103.321092,-4.071683],[103.321006,-4.071943],[103.320575,-4.072114],[103.320317,-4.0722],[103.319458,-4.071594],[103.318685,-4.070901],[103.318254,-4.070986],[103.317823,-4.071677],[103.317221,-4.07133],[103.31662,-4.070551],[103.31576,-4.070376],[103.315243,-4.070807],[103.314897,-4.071757],[103.314638,-4.072275],[103.314036,-4.071928],[103.313089,-4.071926],[103.312737,-4.072278],[103.312577,-4.072183],[103.311714,-4.072552],[103.311282,-4.072922],[103.31079,-4.072921],[103.310543,-4.07323],[103.310295,-4.073724],[103.310295,-4.074095],[103.309863,-4.074341],[103.309555,-4.074464],[103.309309,-4.074463],[103.308939,-4.074401],[103.308877,-4.074648],[103.308569,-4.074895],[103.308446,-4.075018],[103.308568,-4.075266],[103.308567,-4.07576],[103.308689,-4.076317],[103.308504,-4.076564],[103.308135,-4.076563],[103.307704,-4.076562],[103.307273,-4.076561],[103.307149,-4.076746],[103.306718,-4.076746],[103.306165,-4.076373],[103.305796,-4.076187],[103.305304,-4.075877],[103.305057,-4.076186],[103.30504,-4.076263],[103.304933,-4.076742],[103.304931,-4.07736],[103.305116,-4.077422],[103.305485,-4.077732],[103.3061,-4.078043],[103.30653,-4.078291],[103.306837,-4.078724],[103.306898,-4.079157],[103.306712,-4.079713],[103.306711,-4.08027],[103.306341,-4.080331],[103.305971,-4.080454],[103.30554,-4.080453],[103.304863,-4.080451],[103.304371,-4.08045],[103.303878,-4.080696],[103.303323,-4.081128],[103.303014,-4.081437],[103.303259,-4.081932],[103.30369,-4.082056],[103.303874,-4.082428],[103.304058,-4.082861],[103.304242,-4.083232],[103.304672,-4.083604],[103.30504,-4.084038],[103.305224,-4.084471],[103.305224,-4.08478],[103.304915,-4.084965],[103.304852,-4.085645],[103.304728,-4.086201],[103.305034,-4.086881],[103.30528,-4.087315],[103.305648,-4.087687],[103.305647,-4.088243],[103.305277,-4.088551],[103.305215,-4.088922],[103.305214,-4.089417],[103.304967,-4.08954],[103.304904,-4.090158],[103.305211,-4.090777],[103.305333,-4.091272],[103.305455,-4.091952],[103.305146,-4.09257],[103.304776,-4.092878],[103.304221,-4.093124],[103.303728,-4.093309],[103.303359,-4.093184],[103.302804,-4.093245],[103.302496,-4.09343],[103.301881,-4.093428],[103.301511,-4.093489],[103.30151,-4.09386],[103.30194,-4.094294],[103.30237,-4.09479],[103.302677,-4.095223],[103.30243,-4.095655],[103.301937,-4.095654],[103.301815,-4.095777],[103.301691,-4.095901],[103.301813,-4.096396],[103.302181,-4.096706],[103.302488,-4.097139],[103.302487,-4.097634],[103.302179,-4.097819],[103.301563,-4.098126],[103.301132,-4.098126],[103.300762,-4.098248],[103.300331,-4.098309],[103.300145,-4.098742],[103.300206,-4.099298],[103.300328,-4.099546],[103.300328,-4.099793],[103.300266,-4.100102],[103.300019,-4.100287],[103.299342,-4.100162],[103.298911,-4.100099],[103.29848,-4.099975],[103.297987,-4.100159],[103.298048,-4.100345],[103.298294,-4.100902],[103.298601,-4.100964],[103.298909,-4.10115],[103.299278,-4.101213],[103.29977,-4.101647],[103.3002,-4.102019],[103.300446,-4.102266],[103.300445,-4.102699],[103.300444,-4.103132],[103.300259,-4.103255],[103.299766,-4.103378],[103.299335,-4.103191],[103.298843,-4.103129],[103.298227,-4.103065],[103.298042,-4.10325],[103.297918,-4.103683],[103.297794,-4.104239],[103.29767,-4.104795],[103.296991,-4.105659],[103.296681,-4.106524],[103.29631,-4.107018],[103.29631,-4.107353],[103.296248,-4.107389],[103.296124,-4.107945],[103.295507,-4.1085],[103.294951,-4.109055],[103.294581,-4.109487],[103.294457,-4.110105],[103.294086,-4.110661],[103.2939,-4.111155],[103.29353,-4.111649],[103.293098,-4.111772],[103.292729,-4.111771],[103.292421,-4.111647],[103.29199,-4.111955],[103.291189,-4.112324],[103.290202,-4.113064],[103.289339,-4.113557],[103.288661,-4.113741],[103.28829,-4.114296],[103.288536,-4.114853],[103.289026,-4.115844],[103.289454,-4.117205],[103.289268,-4.117637],[103.288837,-4.117945],[103.288529,-4.118006],[103.288222,-4.117697],[103.287545,-4.117262],[103.287422,-4.1172],[103.287052,-4.117385],[103.286743,-4.118003],[103.286312,-4.118063],[103.285573,-4.117938],[103.284896,-4.117875],[103.284719,-4.118123],[103.279665,-4.116123],[103.276044,-4.117345],[103.274407,-4.118924],[103.27289,-4.118803],[103.2729,-4.117738],[103.272964,-4.111538],[103.274025,-4.106501],[103.27549,-4.10334],[103.275085,-4.101874],[103.278015,-4.096138],[103.282408,-4.088471],[103.282058,-4.088295],[103.279672,-4.08536],[103.279738,-4.081903],[103.28044,-4.080733],[103.280095,-4.079982],[103.279917,-4.079853],[103.278511,-4.078321],[103.278462,-4.078267],[103.279163,-4.077859],[103.279106,-4.077156],[103.278584,-4.075748],[103.279463,-4.074109],[103.280166,-4.072412],[103.27982,-4.070594],[103.279241,-4.068308],[103.279069,-4.067018],[103.279306,-4.065378],[103.278432,-4.06479],[103.278666,-4.064381],[103.279135,-4.063268],[103.280011,-4.062919],[103.281297,-4.062101],[103.282232,-4.061341],[103.283285,-4.060172],[103.283811,-4.05988],[103.284511,-4.059881],[103.284804,-4.059296],[103.285621,-4.059239],[103.286092,-4.059407],[103.286729,-4.059359],[103.287722,-4.059009],[103.288366,-4.058308],[103.288309,-4.057311],[103.288692,-4.057514],[103.289533,-4.057958],[103.290699,-4.058488],[103.291983,-4.058432],[103.293382,-4.05908],[103.294665,-4.05961],[103.29583,-4.060667],[103.297233,-4.059264],[103.297234,-4.058912],[103.297703,-4.057566],[103.297587,-4.057272],[103.299284,-4.054991],[103.299461,-4.053936],[103.300631,-4.052767],[103.300574,-4.052064],[103.300634,-4.051302],[103.302096,-4.049606],[103.302331,-4.048903],[103.302858,-4.048318],[103.303443,-4.047206],[103.304085,-4.047266],[103.304137,-4.045573],[103.304148,-4.045215],[103.304383,-4.044278],[103.304734,-4.043752],[103.304503,-4.042696],[103.304558,-4.042699],[103.305728,-4.042758],[103.30672,-4.04276],[103.307654,-4.042527],[103.308646,-4.042529],[103.309929,-4.043059],[103.310163,-4.043001],[103.31168,-4.042887],[103.313139,-4.042773],[103.314714,-4.043128],[103.315765,-4.042544],[103.316466,-4.04237],[103.318216,-4.042725],[103.320024,-4.042729],[103.321891,-4.043319],[103.322882,-4.043555],[103.324691,-4.043559],[103.325741,-4.043561],[103.326266,-4.043738],[103.327374,-4.043857],[103.328366,-4.043977],[103.329534,-4.043803],[103.330876,-4.043513],[103.331869,-4.042929],[103.333271,-4.042287],[103.334907,-4.041529],[103.336016,-4.041063],[103.336426,-4.040243],[103.337186,-4.0396],[103.337887,-4.039426],[103.338646,-4.039017],[103.339462,-4.039429],[103.34022,-4.039841],[103.340978,-4.040311],[103.341386,-4.04037],[103.342378,-4.040314]]]}},{"type":"Feature","properties":{"iddesa":"1673010001","nama_kelurahan":"Penjalang","kecamatan":"Dempo Selatan"},"geometry":{"type":"Polygon","coordinates":[[[103.312737,-4.072278],[103.312658,-4.072357],[103.312657,-4.072962],[103.312914,-4.073654],[103.313171,-4.074173],[103.31446,-4.074953],[103.315577,-4.075819],[103.318585,-4.077467],[103.320476,-4.078681],[103.321508,-4.07877],[103.323057,-4.078514],[103.324865,-4.078431],[103.3265,-4.078089],[103.327363,-4.076795],[103.328136,-4.077574],[103.328221,-4.078092],[103.327703,-4.079042],[103.327701,-4.079733],[103.328045,-4.080252],[103.328388,-4.080599],[103.329076,-4.080859],[103.329849,-4.081466],[103.329933,-4.08233],[103.329932,-4.082935],[103.329501,-4.083539],[103.328725,-4.083969],[103.328036,-4.084573],[103.327862,-4.085091],[103.328291,-4.085956],[103.328547,-4.086734],[103.328546,-4.087598],[103.328717,-4.088117],[103.329232,-4.088377],[103.329834,-4.088983],[103.329746,-4.089847],[103.329487,-4.090192],[103.329658,-4.090797],[103.330085,-4.092008],[103.330686,-4.092787],[103.33103,-4.093133],[103.331804,-4.093394],[103.332233,-4.093913],[103.332662,-4.094519],[103.33266,-4.095383],[103.332744,-4.09642],[103.332915,-4.097112],[103.333171,-4.098063],[103.33317,-4.098581],[103.333168,-4.099272],[103.33351,-4.100224],[103.333854,-4.100743],[103.333766,-4.101607],[103.334366,-4.102558],[103.335053,-4.103251],[103.335051,-4.104374],[103.335221,-4.105412],[103.335219,-4.106449],[103.335389,-4.107054],[103.335991,-4.107314],[103.33599,-4.107893],[103.335989,-4.108265],[103.336505,-4.108352],[103.337107,-4.108526],[103.337623,-4.108873],[103.337893,-4.109145],[103.337622,-4.109551],[103.337708,-4.110123],[103.337663,-4.110518],[103.337224,-4.111265],[103.336829,-4.11166],[103.336522,-4.112011],[103.33617,-4.112538],[103.335951,-4.112802],[103.3363,-4.113242],[103.336562,-4.113814],[103.336823,-4.114518],[103.336822,-4.115002],[103.336558,-4.115397],[103.335901,-4.115836],[103.33533,-4.116406],[103.334978,-4.117109],[103.334759,-4.117416],[103.334539,-4.11768],[103.33432,-4.117811],[103.333794,-4.117766],[103.333181,-4.117765],[103.332918,-4.118028],[103.332524,-4.118115],[103.332479,-4.118511],[103.332478,-4.118863],[103.332302,-4.119214],[103.332039,-4.119521],[103.331907,-4.119785],[103.331644,-4.11974],[103.331294,-4.11974],[103.331031,-4.119959],[103.330986,-4.120355],[103.330985,-4.120707],[103.330984,-4.12119],[103.330984,-4.121542],[103.330983,-4.12163],[103.330765,-4.12163],[103.330414,-4.121717],[103.33002,-4.12176],[103.329713,-4.122023],[103.329405,-4.122418],[103.329274,-4.122506],[103.329142,-4.122506],[103.328836,-4.122329],[103.328661,-4.122197],[103.328486,-4.122196],[103.328398,-4.122592],[103.328353,-4.122812],[103.327958,-4.123383],[103.327694,-4.123822],[103.327606,-4.124085],[103.3273,-4.124085],[103.327037,-4.123908],[103.32673,-4.124347],[103.326685,-4.124831],[103.32664,-4.125139],[103.326475,-4.125403],[103.326338,-4.125471],[103.326176,-4.125525],[103.325851,-4.12547],[103.325473,-4.125252],[103.325202,-4.125252],[103.32477,-4.124979],[103.32412,-4.125086],[103.323578,-4.125357],[103.323361,-4.125682],[103.323414,-4.126009],[103.323414,-4.126335],[103.323197,-4.12666],[103.323195,-4.127258],[103.323194,-4.127639],[103.322923,-4.128127],[103.322651,-4.128616],[103.32265,-4.128996],[103.322433,-4.129213],[103.322055,-4.129049],[103.321839,-4.128777],[103.321569,-4.128451],[103.321298,-4.128722],[103.321297,-4.128939],[103.32108,-4.129319],[103.321133,-4.129917],[103.32097,-4.130025],[103.320537,-4.129861],[103.320536,-4.130351],[103.320157,-4.130513],[103.319886,-4.130784],[103.320209,-4.131437],[103.320316,-4.132198],[103.32064,-4.132742],[103.320909,-4.133232],[103.320474,-4.134481],[103.32031,-4.134861],[103.320306,-4.136872],[103.319926,-4.137578],[103.319491,-4.13861],[103.318351,-4.140183],[103.318565,-4.141216],[103.318671,-4.142195],[103.318886,-4.142956],[103.31856,-4.143717],[103.318511,-4.14379],[103.318125,-4.144368],[103.317853,-4.145128],[103.317364,-4.145834],[103.316876,-4.146539],[103.316442,-4.146919],[103.316603,-4.14768],[103.316871,-4.14855],[103.3166,-4.148876],[103.316003,-4.149472],[103.315243,-4.150449],[103.314809,-4.151046],[103.314266,-4.151751],[103.313561,-4.152293],[103.31302,-4.15251],[103.312856,-4.153216],[103.312638,-4.15403],[103.312691,-4.154465],[103.313176,-4.155336],[103.313716,-4.156152],[103.313806,-4.156153],[103.314525,-4.157241],[103.315226,-4.158438],[103.315117,-4.158927],[103.314682,-4.160068],[103.314464,-4.160556],[103.314841,-4.161536],[103.315326,-4.162624],[103.315649,-4.163168],[103.315971,-4.164582],[103.316132,-4.16556],[103.316184,-4.166213],[103.316128,-4.167028],[103.315911,-4.167679],[103.315909,-4.168277],[103.31634,-4.169474],[103.316501,-4.169855],[103.31558,-4.170342],[103.315737,-4.172897],[103.314706,-4.17409],[103.312047,-4.177182],[103.31004,-4.178972],[103.308468,-4.180164],[103.308538,-4.180173],[103.308305,-4.180272],[103.307181,-4.18114],[103.307112,-4.181194],[103.306782,-4.18353],[103.305807,-4.184017],[103.304561,-4.184666],[103.301253,-4.187377],[103.301299,-4.190801],[103.299346,-4.193025],[103.29674,-4.196389],[103.292622,-4.198391],[103.291526,-4.204204],[103.28795,-4.205827],[103.287782,-4.208652],[103.286589,-4.209465],[103.286366,-4.212399],[103.286394,-4.212399],[103.286202,-4.212888],[103.286146,-4.214029],[103.284535,-4.21655],[103.283267,-4.218534],[103.284129,-4.220547],[103.284124,-4.222449],[103.284122,-4.223319],[103.28374,-4.225111],[103.28271,-4.225544],[103.282006,-4.225868],[103.281247,-4.226084],[103.278969,-4.228362],[103.278085,-4.23624],[103.277941,-4.238567],[103.277917,-4.238957],[103.27732,-4.239608],[103.276614,-4.240585],[103.276234,-4.241128],[103.275516,-4.241464],[103.27515,-4.24156],[103.273849,-4.242101],[103.272983,-4.242425],[103.27211,-4.245303],[103.27269,-4.252316],[103.270683,-4.254268],[103.270152,-4.256233],[103.268467,-4.255665],[103.264897,-4.252407],[103.263101,-4.250234],[103.262832,-4.250128],[103.262256,-4.24945],[103.261149,-4.248706],[103.259877,-4.248967],[103.259495,-4.248817],[103.255388,-4.247203],[103.252737,-4.246015],[103.252103,-4.245594],[103.252069,-4.245569],[103.250505,-4.244416],[103.249582,-4.244166],[103.249583,-4.243734],[103.252363,-4.239721],[103.261121,-4.233435],[103.261276,-4.233299],[103.261294,-4.233283],[103.262426,-4.22843],[103.262438,-4.222928],[103.261405,-4.216681],[103.261419,-4.216557],[103.261344,-4.216557],[103.260856,-4.214454],[103.25803,-4.211233],[103.260816,-4.204562],[103.260824,-4.200977],[103.263663,-4.198263],[103.266452,-4.190046],[103.267038,-4.188933],[103.267689,-4.1877],[103.271578,-4.183319],[103.271765,-4.182268],[103.2722,-4.180043],[103.272369,-4.179985],[103.272262,-4.179982],[103.280031,-4.175176],[103.284227,-4.171043],[103.285404,-4.168202],[103.287504,-4.164868],[103.286524,-4.162702],[103.287449,-4.1619],[103.287019,-4.161405],[103.286221,-4.160475],[103.285483,-4.159979],[103.284928,-4.160596],[103.28468,-4.161028],[103.284247,-4.161893],[103.283879,-4.161583],[103.283263,-4.16152],[103.282587,-4.160962],[103.28228,-4.160405],[103.281236,-4.159043],[103.280255,-4.157371],[103.279949,-4.156443],[103.279951,-4.155701],[103.280016,-4.154094],[103.280325,-4.153538],[103.279648,-4.153042],[103.279157,-4.152423],[103.27842,-4.151432],[103.27793,-4.150318],[103.277867,-4.150079],[103.277503,-4.14871],[103.277505,-4.147411],[103.277877,-4.146608],[103.278371,-4.145868],[103.278865,-4.145374],[103.279112,-4.144756],[103.279176,-4.143829],[103.279231,-4.143706],[103.279114,-4.143705],[103.27881,-4.142221],[103.278567,-4.140737],[103.278814,-4.140304],[103.279307,-4.140182],[103.279492,-4.139811],[103.27937,-4.13944],[103.27931,-4.13876],[103.279497,-4.137709],[103.279375,-4.136905],[103.279561,-4.136473],[103.2803,-4.13666],[103.280731,-4.136413],[103.280978,-4.135919],[103.281288,-4.135055],[103.281351,-4.13456],[103.281229,-4.134127],[103.281231,-4.132829],[103.281111,-4.131406],[103.28099,-4.130541],[103.281545,-4.130109],[103.281916,-4.129615],[103.28204,-4.129183],[103.281795,-4.128564],[103.281181,-4.127697],[103.280751,-4.126954],[103.280876,-4.126274],[103.281186,-4.12541],[103.281433,-4.124792],[103.281558,-4.124298],[103.282052,-4.123371],[103.282237,-4.123124],[103.282546,-4.12294],[103.282731,-4.122569],[103.282362,-4.122321],[103.281624,-4.122257],[103.281069,-4.122318],[103.28107,-4.122071],[103.281133,-4.121514],[103.281811,-4.121021],[103.282242,-4.120837],[103.282797,-4.120776],[103.283413,-4.120468],[103.283906,-4.120098],[103.284277,-4.11979],[103.284216,-4.119295],[103.284217,-4.118863],[103.284588,-4.118307],[103.284719,-4.118123],[103.284896,-4.117875],[103.285573,-4.117938],[103.286312,-4.118063],[103.286743,-4.118003],[103.287052,-4.117385],[103.287422,-4.1172],[103.287545,-4.117262],[103.288222,-4.117697],[103.288529,-4.118006],[103.288837,-4.117945],[103.289268,-4.117637],[103.289454,-4.117205],[103.289026,-4.115844],[103.288536,-4.114853],[103.28829,-4.114296],[103.288661,-4.113741],[103.289339,-4.113557],[103.290202,-4.113064],[103.291189,-4.112324],[103.29199,-4.111955],[103.292421,-4.111647],[103.292729,-4.111771],[103.293098,-4.111772],[103.29353,-4.111649],[103.2939,-4.111155],[103.294086,-4.110661],[103.294457,-4.110105],[103.294581,-4.109487],[103.294951,-4.109055],[103.295507,-4.1085],[103.296124,-4.107945],[103.296248,-4.107389],[103.29631,-4.107353],[103.29631,-4.107018],[103.296681,-4.106524],[103.296991,-4.105659],[103.29767,-4.104795],[103.297794,-4.104239],[103.297918,-4.103683],[103.298042,-4.10325],[103.298227,-4.103065],[103.298843,-4.103129],[103.299335,-4.103191],[103.299766,-4.103378],[103.300259,-4.103255],[103.300444,-4.103132],[103.300445,-4.102699],[103.300446,-4.102266],[103.3002,-4.102019],[103.29977,-4.101647],[103.299278,-4.101213],[103.298909,-4.10115],[103.298601,-4.100964],[103.298294,-4.100902],[103.298048,-4.100345],[103.297987,-4.100159],[103.29848,-4.099975],[103.298911,-4.100099],[103.299342,-4.100162],[103.300019,-4.100287],[103.300266,-4.100102],[103.300328,-4.099793],[103.300328,-4.099546],[103.300206,-4.099298],[103.300145,-4.098742],[103.300331,-4.098309],[103.300762,-4.098248],[103.301132,-4.098126],[103.301563,-4.098126],[103.302179,-4.097819],[103.302487,-4.097634],[103.302488,-4.097139],[103.302181,-4.096706],[103.301813,-4.096396],[103.301691,-4.095901],[103.301815,-4.095777],[103.301937,-4.095654],[103.30243,-4.095655],[103.302677,-4.095223],[103.30237,-4.09479],[103.30194,-4.094294],[103.30151,-4.09386],[103.301511,-4.093489],[103.301881,-4.093428],[103.302496,-4.09343],[103.302804,-4.093245],[103.303359,-4.093184],[103.303728,-4.093309],[103.304221,-4.093124],[103.304776,-4.092878],[103.305146,-4.09257],[103.305455,-4.091952],[103.305333,-4.091272],[103.305211,-4.090777],[103.304904,-4.090158],[103.304967,-4.08954],[103.305214,-4.089417],[103.305215,-4.088922],[103.305277,-4.088551],[103.305647,-4.088243],[103.305648,-4.087687],[103.30528,-4.087315],[103.305034,-4.086881],[103.304728,-4.086201],[103.304852,-4.085645],[103.304915,-4.084965],[103.305224,-4.08478],[103.305224,-4.084471],[103.30504,-4.084038],[103.304672,-4.083604],[103.304242,-4.083232],[103.304058,-4.082861],[103.303874,-4.082428],[103.30369,-4.082056],[103.303259,-4.081932],[103.303014,-4.081437],[103.303323,-4.081128],[103.303878,-4.080696],[103.304371,-4.08045],[103.304863,-4.080451],[103.30554,-4.080453],[103.305971,-4.080454],[103.306341,-4.080331],[103.306711,-4.08027],[103.306712,-4.079713],[103.306898,-4.079157],[103.306837,-4.078724],[103.30653,-4.078291],[103.3061,-4.078043],[103.305485,-4.077732],[103.305116,-4.077422],[103.304931,-4.07736],[103.304933,-4.076742],[103.30504,-4.076263],[103.305057,-4.076186],[103.305304,-4.075877],[103.305796,-4.076187],[103.306165,-4.076373],[103.306718,-4.076746],[103.307149,-4.076746],[103.307273,-4.076561],[103.307704,-4.076562],[103.308135,-4.076563],[103.308504,-4.076564],[103.308689,-4.076317],[103.308567,-4.07576],[103.308568,-4.075266],[103.308446,-4.075018],[103.308569,-4.074895],[103.308877,-4.074648],[103.308939,-4.074401],[103.309309,-4.074463],[103.309555,-4.074464],[103.309863,-4.074341],[103.310295,-4.074095],[103.310295,-4.073724],[103.310543,-4.07323],[103.31079,-4.072921],[103.311282,-4.072922],[103.311714,-4.072552],[103.312577,-4.072183],[103.312737,-4.072278]]]}},{"type":"Feature","properties":{"iddesa":"1673010003","nama_kelurahan":"Perahu Dipo","kecamatan":"Dempo Selatan"},"geometry":{"type":"Polygon","coordinates":[[[103.346551,-4.100931],[103.346674,-4.101288],[103.346673,-4.101893],[103.346758,-4.102498],[103.346156,-4.10241],[103.345295,-4.102408],[103.34538,-4.102754],[103.344949,-4.103099],[103.344776,-4.10379],[103.344345,-4.104221],[103.343828,-4.104652],[103.343569,-4.104911],[103.343568,-4.105515],[103.343308,-4.106379],[103.342876,-4.107156],[103.342187,-4.107586],[103.341153,-4.108103],[103.340895,-4.108102],[103.340376,-4.109224],[103.339687,-4.109309],[103.339143,-4.109472],[103.338826,-4.109567],[103.338224,-4.109479],[103.337893,-4.109145],[103.337623,-4.108873],[103.337107,-4.108526],[103.336505,-4.108352],[103.335989,-4.108265],[103.33599,-4.107893],[103.335991,-4.107314],[103.335389,-4.107054],[103.335219,-4.106449],[103.335221,-4.105412],[103.335051,-4.104374],[103.335053,-4.103251],[103.334366,-4.102558],[103.333766,-4.101607],[103.333854,-4.100743],[103.33351,-4.100224],[103.333168,-4.099272],[103.33317,-4.098581],[103.333171,-4.098063],[103.332915,-4.097112],[103.332744,-4.09642],[103.33266,-4.095383],[103.332662,-4.094519],[103.332233,-4.093913],[103.331804,-4.093394],[103.33103,-4.093133],[103.330686,-4.092787],[103.330085,-4.092008],[103.329658,-4.090797],[103.329487,-4.090192],[103.329746,-4.089847],[103.329834,-4.088983],[103.329232,-4.088377],[103.328717,-4.088117],[103.328546,-4.087598],[103.328547,-4.086734],[103.328291,-4.085956],[103.327862,-4.085091],[103.328036,-4.084573],[103.328725,-4.083969],[103.329501,-4.083539],[103.329932,-4.082935],[103.329933,-4.08233],[103.329849,-4.081466],[103.329076,-4.080859],[103.328388,-4.080599],[103.328045,-4.080252],[103.327701,-4.079733],[103.327703,-4.079042],[103.328221,-4.078092],[103.328136,-4.077574],[103.327363,-4.076795],[103.3265,-4.078089],[103.324865,-4.078431],[103.323057,-4.078514],[103.321508,-4.07877],[103.320476,-4.078681],[103.318585,-4.077467],[103.315577,-4.075819],[103.31446,-4.074953],[103.313171,-4.074173],[103.312914,-4.073654],[103.312657,-4.072962],[103.312658,-4.072357],[103.312737,-4.072278],[103.313089,-4.071926],[103.314036,-4.071928],[103.314638,-4.072275],[103.314897,-4.071757],[103.315243,-4.070807],[103.31576,-4.070376],[103.31662,-4.070551],[103.317221,-4.07133],[103.317823,-4.071677],[103.318254,-4.070986],[103.318685,-4.070901],[103.319458,-4.071594],[103.320317,-4.0722],[103.320575,-4.072114],[103.321006,-4.071943],[103.321092,-4.071683],[103.32118,-4.070992],[103.321352,-4.070734],[103.322039,-4.071599],[103.32264,-4.072205],[103.323415,-4.072207],[103.324017,-4.072122],[103.324447,-4.072123],[103.32462,-4.071864],[103.324363,-4.071085],[103.324451,-4.070567],[103.325225,-4.070569],[103.325742,-4.070397],[103.325743,-4.069706],[103.326693,-4.068239],[103.32704,-4.066857],[103.327559,-4.065562],[103.327904,-4.064872],[103.328163,-4.06444],[103.328508,-4.064354],[103.329023,-4.064787],[103.329195,-4.065047],[103.329969,-4.065221],[103.330055,-4.064962],[103.329885,-4.064271],[103.329972,-4.063493],[103.330661,-4.063322],[103.33135,-4.063237],[103.33178,-4.062892],[103.332469,-4.062807],[103.332642,-4.062548],[103.333159,-4.062117],[103.333503,-4.062118],[103.334105,-4.062119],[103.334622,-4.06212],[103.335053,-4.061776],[103.335226,-4.061171],[103.335314,-4.060048],[103.335489,-4.058752],[103.335748,-4.058321],[103.336007,-4.058149],[103.336608,-4.058495],[103.337296,-4.058756],[103.337726,-4.058843],[103.338242,-4.058844],[103.338502,-4.058327],[103.338847,-4.057636],[103.339278,-4.057205],[103.339399,-4.057181],[103.339235,-4.057378],[103.340441,-4.05794],[103.341183,-4.058315],[103.341462,-4.057849],[103.342203,-4.058596],[103.342666,-4.059157],[103.343314,-4.059997],[103.343499,-4.060743],[103.344148,-4.061117],[103.344705,-4.061212],[103.344706,-4.060466],[103.34517,-4.060467],[103.345818,-4.061494],[103.346096,-4.061961],[103.346094,-4.062986],[103.345721,-4.063358],[103.345256,-4.06373],[103.344885,-4.063823],[103.34507,-4.064009],[103.344326,-4.06494],[103.344974,-4.065687],[103.345065,-4.06634],[103.34525,-4.0669],[103.345341,-4.067832],[103.345247,-4.068578],[103.345524,-4.068951],[103.345523,-4.069604],[103.345615,-4.069977],[103.346172,-4.070258],[103.347007,-4.070446],[103.346912,-4.071378],[103.347375,-4.072125],[103.347374,-4.072684],[103.346907,-4.073802],[103.346349,-4.074267],[103.346718,-4.0752],[103.34616,-4.076038],[103.345694,-4.076597],[103.345693,-4.077249],[103.345228,-4.077528],[103.344763,-4.078086],[103.344298,-4.078458],[103.343833,-4.079017],[103.343738,-4.079762],[103.343736,-4.080695],[103.343457,-4.08116],[103.342992,-4.081532],[103.342157,-4.080971],[103.341414,-4.081156],[103.340856,-4.081994],[103.340667,-4.083205],[103.340109,-4.08367],[103.339829,-4.084322],[103.339828,-4.084882],[103.339549,-4.085347],[103.339361,-4.086279],[103.33936,-4.086932],[103.338709,-4.08749],[103.338058,-4.087861],[103.338056,-4.0887],[103.337498,-4.089352],[103.337404,-4.090004],[103.337402,-4.090936],[103.3374,-4.091775],[103.337398,-4.092615],[103.338232,-4.093455],[103.338418,-4.093549],[103.338509,-4.094202],[103.338508,-4.094854],[103.338785,-4.095414],[103.338505,-4.096066],[103.338783,-4.096626],[103.339524,-4.09728],[103.340452,-4.097748],[103.341009,-4.097656],[103.341472,-4.09803],[103.342028,-4.09887],[103.34277,-4.099152],[103.343791,-4.099247],[103.344348,-4.099528],[103.344904,-4.099902],[103.345923,-4.10093],[103.346551,-4.100931]]]}},{"type":"Feature","properties":{"iddesa":"1673020003","nama_kelurahan":"Reba Tinggi","kecamatan":"Dempo Utara"},"geometry":{"type":"Polygon","coordinates":[[[103.279272,-4.038836],[103.278973,-4.038643],[103.278941,-4.039136],[103.278511,-4.039444],[103.277835,-4.039843],[103.277895,-4.040552],[103.277802,-4.040983],[103.277402,-4.041383],[103.277094,-4.041752],[103.277093,-4.042214],[103.276909,-4.042553],[103.27654,-4.042644],[103.276172,-4.042644],[103.275375,-4.04218],[103.275191,-4.041933],[103.274853,-4.042148],[103.274883,-4.042518],[103.275167,-4.043091],[103.27525,-4.043258],[103.275525,-4.043567],[103.276383,-4.044185],[103.277057,-4.045018],[103.277236,-4.045429],[103.277446,-4.045911],[103.277373,-4.046273],[103.277371,-4.046867],[103.277272,-4.047165],[103.276877,-4.047362],[103.276876,-4.047808],[103.276579,-4.048154],[103.275937,-4.0485],[103.275788,-4.048846],[103.275392,-4.049391],[103.274651,-4.049687],[103.273664,-4.049585],[103.272628,-4.049583],[103.272134,-4.04978],[103.27154,-4.050374],[103.2708,-4.050471],[103.269418,-4.050617],[103.267986,-4.050614],[103.266999,-4.050909],[103.266355,-4.051949],[103.266106,-4.05284],[103.266007,-4.053187],[103.265908,-4.053335],[103.2664,-4.05408],[103.266201,-4.054575],[103.265756,-4.05502],[103.264916,-4.055316],[103.264424,-4.054868],[103.264128,-4.05462],[103.263239,-4.055064],[103.262843,-4.055509],[103.262843,-4.055708],[103.262299,-4.056053],[103.261854,-4.056498],[103.261508,-4.056597],[103.260571,-4.056644],[103.259731,-4.05689],[103.258891,-4.057186],[103.258298,-4.057631],[103.258248,-4.057829],[103.25746,-4.057431],[103.256424,-4.057032],[103.255882,-4.056585],[103.255143,-4.056087],[103.253761,-4.055936],[103.253071,-4.055736],[103.252478,-4.056082],[103.252082,-4.056576],[103.251784,-4.05727],[103.251637,-4.056972],[103.251143,-4.056971],[103.250897,-4.056921],[103.250698,-4.057416],[103.250253,-4.057861],[103.249907,-4.058108],[103.249167,-4.058156],[103.248624,-4.058056],[103.247441,-4.057458],[103.247046,-4.057259],[103.246995,-4.058003],[103.246748,-4.058349],[103.246303,-4.058497],[103.24586,-4.058397],[103.245662,-4.058396],[103.245563,-4.058594],[103.245266,-4.058891],[103.24497,-4.058989],[103.244723,-4.059138],[103.244525,-4.059286],[103.24413,-4.059186],[103.243784,-4.059532],[103.243537,-4.059581],[103.243469,-4.059831],[103.242313,-4.060112],[103.241991,-4.060475],[103.241507,-4.060514],[103.240821,-4.0612],[103.240137,-4.061199],[103.239934,-4.061603],[103.23933,-4.061803],[103.238886,-4.062045],[103.23796,-4.062124],[103.237879,-4.062366],[103.237677,-4.062568],[103.237395,-4.062568],[103.236913,-4.062162],[103.236711,-4.062445],[103.236388,-4.062808],[103.235663,-4.06313],[103.235059,-4.063169],[103.234454,-4.063451],[103.233729,-4.063328],[103.233046,-4.062922],[103.232965,-4.063043],[103.232522,-4.062799],[103.232523,-4.062436],[103.232363,-4.06195],[103.232041,-4.061828],[103.231316,-4.061907],[103.231156,-4.061503],[103.231197,-4.061179],[103.231319,-4.060896],[103.231239,-4.060654],[103.231239,-4.06029],[103.23124,-4.059845],[103.231482,-4.059805],[103.231563,-4.059482],[103.231362,-4.059198],[103.231001,-4.058955],[103.23084,-4.058752],[103.231123,-4.058146],[103.230963,-4.057903],[103.230762,-4.057741],[103.230481,-4.057255],[103.230522,-4.05673],[103.230605,-4.055557],[103.230404,-4.055355],[103.230565,-4.055355],[103.231009,-4.055275],[103.231049,-4.055032],[103.230768,-4.054991],[103.230163,-4.055192],[103.229801,-4.05507],[103.2296,-4.054706],[103.22948,-4.054422],[103.229682,-4.05418],[103.230045,-4.05406],[103.230047,-4.05317],[103.230073,-4.05294],[103.230612,-4.052851],[103.23078,-4.053401],[103.231117,-4.053317],[103.231749,-4.053403],[103.232424,-4.053066],[103.232972,-4.052644],[103.233647,-4.052477],[103.234235,-4.053239],[103.234529,-4.05379],[103.23516,-4.053918],[103.235667,-4.053623],[103.236258,-4.052863],[103.237102,-4.052484],[103.237566,-4.052189],[103.237735,-4.051639],[103.237483,-4.051385],[103.237568,-4.051131],[103.237316,-4.050708],[103.23778,-4.050624],[103.238706,-4.050838],[103.239469,-4.050766],[103.239693,-4.050844],[103.240791,-4.050516],[103.241487,-4.050223],[103.241634,-4.049966],[103.24222,-4.049931],[103.242952,-4.049712],[103.243429,-4.049382],[103.243575,-4.049162],[103.244234,-4.049053],[103.244638,-4.04865],[103.244931,-4.048651],[103.24548,-4.048284],[103.245664,-4.048064],[103.246176,-4.048212],[103.246542,-4.048103],[103.246798,-4.048287],[103.247529,-4.048362],[103.247969,-4.048363],[103.248481,-4.048107],[103.248702,-4.04774],[103.249288,-4.047558],[103.249874,-4.047375],[103.250605,-4.047634],[103.250714,-4.047781],[103.251007,-4.047892],[103.25119,-4.047929],[103.251555,-4.048187],[103.252067,-4.048519],[103.252359,-4.048667],[103.252433,-4.048446],[103.252287,-4.048115],[103.251666,-4.0476],[103.251777,-4.047379],[103.252069,-4.04749],[103.252363,-4.04705],[103.252619,-4.047124],[103.252876,-4.046757],[103.252932,-4.046731],[103.253425,-4.046501],[103.254011,-4.046245],[103.254597,-4.046026],[103.255036,-4.046027],[103.255989,-4.045735],[103.256245,-4.045588],[103.256904,-4.045443],[103.257344,-4.045223],[103.257782,-4.045665],[103.258477,-4.045703],[103.258807,-4.045373],[103.259173,-4.045374],[103.259759,-4.045302],[103.260052,-4.045045],[103.26093,-4.045415],[103.261918,-4.045453],[103.26265,-4.045455],[103.263674,-4.045494],[103.264918,-4.04546],[103.265724,-4.045131],[103.266239,-4.043956],[103.266276,-4.043589],[103.26679,-4.043075],[103.266973,-4.043149],[103.267084,-4.042598],[103.267449,-4.042746],[103.268035,-4.042453],[103.268219,-4.042086],[103.268695,-4.041903],[103.268806,-4.041573],[103.2691,-4.040985],[103.26943,-4.040766],[103.269907,-4.040179],[103.270493,-4.039555],[103.27053,-4.039372],[103.270933,-4.039372],[103.271226,-4.039226],[103.271592,-4.0393],[103.272141,-4.039338],[103.272543,-4.039339],[103.2728,-4.038935],[103.27313,-4.038936],[103.27346,-4.03868],[103.273716,-4.03868],[103.274119,-4.03824],[103.274814,-4.038241],[103.2754,-4.038243],[103.27573,-4.037913],[103.276352,-4.037841],[103.276902,-4.037658],[103.277414,-4.037586],[103.277814,-4.037539],[103.278036,-4.037513],[103.278585,-4.037698],[103.278653,-4.037767],[103.279293,-4.038628],[103.279272,-4.038836]]]}},{"type":"Feature","properties":{"iddesa":"1673040010","nama_kelurahan":"Selibar","kecamatan":"Pagar Alam Utara"},"geometry":{"type":"Polygon","coordinates":[[[103.237387,-3.993225],[103.237519,-3.993391],[103.237854,-3.993945],[103.238404,-3.994499],[103.238862,-3.994869],[103.239198,-3.995177],[103.239203,-3.995185],[103.239098,-3.995263],[103.239093,-3.995345],[103.237777,-3.996506],[103.237064,-3.997219],[103.236588,-3.997536],[103.23556,-3.997931],[103.234611,-3.997928],[103.233267,-3.998005],[103.231765,-3.998081],[103.230183,-3.998554],[103.227731,-3.998946],[103.226545,-3.999181],[103.225912,-3.99918],[103.225201,-3.999099],[103.224569,-3.998701],[103.221644,-3.999012],[103.216109,-3.999397],[103.211523,-3.999863],[103.208045,-3.999459],[103.206781,-3.999138],[103.203539,-3.999607],[103.199744,-3.99952],[103.194924,-3.998795],[103.191209,-3.998151],[103.187811,-3.997667],[103.186284,-3.997733],[103.184994,-3.997202],[103.182821,-3.996737],[103.177667,-3.995431],[103.177134,-3.995296],[103.177862,-3.99486],[103.178466,-3.994861],[103.178831,-3.994721],[103.17977,-3.99433],[103.180819,-3.993855],[103.181289,-3.993586],[103.181963,-3.992644],[103.182233,-3.991768],[103.182549,-3.991382],[103.182813,-3.990503],[103.184089,-3.989866],[103.184566,-3.989628],[103.18795,-3.989465],[103.188416,-3.989219],[103.189961,-3.988885],[103.190633,-3.988954],[103.191773,-3.989496],[103.192914,-3.989768],[103.194324,-3.989839],[103.195532,-3.989976],[103.19674,-3.990181],[103.196844,-3.990241],[103.197679,-3.990723],[103.198081,-3.991263],[103.198483,-3.991601],[103.198952,-3.991872],[103.19922,-3.992007],[103.200699,-3.991606],[103.202647,-3.991138],[103.203587,-3.991073],[103.204124,-3.990939],[103.204394,-3.990468],[103.206141,-3.99],[103.206532,-3.989907],[103.209231,-3.989265],[103.212254,-3.988664],[103.21494,-3.988535],[103.215618,-3.988517],[103.216192,-3.988374],[103.217978,-3.987979],[103.218536,-3.987937],[103.219267,-3.987883],[103.220259,-3.987885],[103.221349,-3.988285],[103.222042,-3.988586],[103.22234,-3.988686],[103.222558,-3.988822],[103.223131,-3.988823],[103.223847,-3.989089],[103.224406,-3.989298],[103.226151,-3.989706],[103.227627,-3.990383],[103.228566,-3.99079],[103.228815,-3.990791],[103.229173,-3.991131],[103.229722,-3.991746],[103.230333,-3.992055],[103.231312,-3.99218],[103.231914,-3.992245],[103.232168,-3.992274],[103.23281,-3.99246],[103.233758,-3.992769],[103.234124,-3.992954],[103.234583,-3.992955],[103.23492,-3.992894],[103.23544,-3.992834],[103.235715,-3.992804],[103.236266,-3.992805],[103.23648,-3.992805],[103.237,-3.992929],[103.237275,-3.993084],[103.237387,-3.993225]]]}},{"type":"Feature","properties":{"iddesa":"1673030006","nama_kelurahan":"Sidorejo","kecamatan":"Pagar Alam Selatan"},"geometry":{"type":"Polygon","coordinates":[[[103.246208,-4.023634],[103.246204,-4.02365],[103.245988,-4.023773],[103.24585,-4.023827],[103.245941,-4.024407],[103.24584,-4.024523],[103.245686,-4.024662],[103.245655,-4.024817],[103.24567,-4.024933],[103.245785,-4.024995],[103.245793,-4.025064],[103.245631,-4.025188],[103.245415,-4.02528],[103.245115,-4.025419],[103.245222,-4.025775],[103.245452,-4.026208],[103.245751,-4.026627],[103.24592,-4.026959],[103.246373,-4.027401],[103.246929,-4.027718],[103.246924,-4.027728],[103.246833,-4.027785],[103.246719,-4.027831],[103.246536,-4.027945],[103.246433,-4.028048],[103.24641,-4.028174],[103.246296,-4.028254],[103.246148,-4.028242],[103.246045,-4.028196],[103.245954,-4.028185],[103.245885,-4.028184],[103.245828,-4.02823],[103.245748,-4.028344],[103.245759,-4.028459],[103.245622,-4.028596],[103.245542,-4.02847],[103.245497,-4.028413],[103.245428,-4.028435],[103.245223,-4.028297],[103.245064,-4.028183],[103.244859,-4.028171],[103.244745,-4.028136],[103.244608,-4.02809],[103.244494,-4.02809],[103.244414,-4.028112],[103.244334,-4.028215],[103.244379,-4.028307],[103.244231,-4.028364],[103.244094,-4.028421],[103.243945,-4.028421],[103.243854,-4.028409],[103.24382,-4.028455],[103.243762,-4.028569],[103.243659,-4.028718],[103.243568,-4.028913],[103.243453,-4.02905],[103.243328,-4.029153],[103.243179,-4.029221],[103.243077,-4.029198],[103.242894,-4.029346],[103.242779,-4.029449],[103.242779,-4.029587],[103.242779,-4.02969],[103.242847,-4.029896],[103.242642,-4.029839],[103.242379,-4.030033],[103.242379,-4.030113],[103.242356,-4.030147],[103.24228,-4.030204],[103.242278,-4.030188],[103.242277,-4.030173],[103.242276,-4.03017],[103.242271,-4.030119],[103.242197,-4.029453],[103.242151,-4.029045],[103.241723,-4.028419],[103.241252,-4.027987],[103.241061,-4.027103],[103.240954,-4.026801],[103.240762,-4.02665],[103.240573,-4.024473],[103.238234,-4.024727],[103.238214,-4.023692],[103.23757,-4.023799],[103.23752,-4.022606],[103.237693,-4.022644],[103.237899,-4.022534],[103.237948,-4.022502],[103.238132,-4.022383],[103.238325,-4.022246],[103.238517,-4.022191],[103.238819,-4.022151],[103.238887,-4.022178],[103.238996,-4.022413],[103.239106,-4.022537],[103.239339,-4.022496],[103.239504,-4.022455],[103.239504,-4.022359],[103.239628,-4.022318],[103.239847,-4.022318],[103.240121,-4.022319],[103.240218,-4.02225],[103.240369,-4.022182],[103.240574,-4.02221],[103.24078,-4.022196],[103.241192,-4.022225],[103.241302,-4.022115],[103.241384,-4.022018],[103.241562,-4.022101],[103.242124,-4.022199],[103.242495,-4.022227],[103.242714,-4.0222],[103.242879,-4.022091],[103.243016,-4.022063],[103.243249,-4.022064],[103.243469,-4.021968],[103.243743,-4.021955],[103.24384,-4.021886],[103.243854,-4.021652],[103.244,-4.021607],[103.244032,-4.021597],[103.244156,-4.021597],[103.244238,-4.021625],[103.244293,-4.021735],[103.244375,-4.021805],[103.244512,-4.021805],[103.244718,-4.021791],[103.244883,-4.021695],[103.24513,-4.021641],[103.245349,-4.021628],[103.24561,-4.021642],[103.245692,-4.021601],[103.245692,-4.021559],[103.245665,-4.021408],[103.245775,-4.021133],[103.245844,-4.02116],[103.245967,-4.021174],[103.246104,-4.021188],[103.246351,-4.021175],[103.246475,-4.021313],[103.246584,-4.021492],[103.246748,-4.021631],[103.245773,-4.022427],[103.245882,-4.022593],[103.246019,-4.022786],[103.246005,-4.022855],[103.245991,-4.022979],[103.246059,-4.023075],[103.246196,-4.023227],[103.246155,-4.02331],[103.246113,-4.023489],[103.246154,-4.023599],[103.246186,-4.023648],[103.246187,-4.02365],[103.246188,-4.023651],[103.2462,-4.023641],[103.246204,-4.023638],[103.246208,-4.023634]]]}},{"type":"Feature","properties":{"iddesa":"1673040005","nama_kelurahan":"Sukorejo","kecamatan":"Pagar Alam Utara"},"geometry":{"type":"Polygon","coordinates":[[[103.249912,-4.019218],[103.249908,-4.019263],[103.249881,-4.019553],[103.249872,-4.019817],[103.249855,-4.020056],[103.250007,-4.020287],[103.250168,-4.020637],[103.250116,-4.020884],[103.250286,-4.021072],[103.250388,-4.021209],[103.250447,-4.021379],[103.25037,-4.02143],[103.250302,-4.021516],[103.250302,-4.021635],[103.250405,-4.021838],[103.248822,-4.022593],[103.248235,-4.022797],[103.247215,-4.023076],[103.246781,-4.023139],[103.2465,-4.023382],[103.246208,-4.023634],[103.246204,-4.023638],[103.2462,-4.023641],[103.246188,-4.023651],[103.246187,-4.02365],[103.246186,-4.023648],[103.246154,-4.023599],[103.246113,-4.023489],[103.246155,-4.02331],[103.246196,-4.023227],[103.246059,-4.023075],[103.245991,-4.022979],[103.246005,-4.022855],[103.246019,-4.022786],[103.245882,-4.022593],[103.245773,-4.022427],[103.246748,-4.021631],[103.246584,-4.021492],[103.246475,-4.021313],[103.246351,-4.021175],[103.246104,-4.021188],[103.245967,-4.021174],[103.245844,-4.02116],[103.245775,-4.021133],[103.245665,-4.021408],[103.245692,-4.021559],[103.245692,-4.021601],[103.24561,-4.021642],[103.245349,-4.021628],[103.24513,-4.021641],[103.244883,-4.021695],[103.244718,-4.021791],[103.244512,-4.021805],[103.244375,-4.021805],[103.244293,-4.021735],[103.244238,-4.021625],[103.244156,-4.021597],[103.244032,-4.021597],[103.244,-4.021607],[103.243992,-4.021472],[103.244014,-4.021315],[103.244037,-4.021256],[103.244186,-4.021181],[103.244342,-4.021085],[103.244409,-4.020965],[103.244402,-4.020809],[103.244402,-4.020697],[103.244469,-4.020577],[103.244536,-4.020525],[103.2447,-4.020481],[103.245042,-4.02031],[103.245228,-4.020228],[103.245458,-4.020259],[103.24577,-4.020304],[103.245949,-4.02026],[103.24606,-4.02023],[103.246202,-4.020111],[103.246343,-4.020066],[103.246596,-4.020067],[103.246715,-4.02006],[103.246752,-4.019955],[103.246849,-4.019866],[103.247012,-4.019799],[103.247131,-4.019717],[103.247258,-4.019695],[103.247392,-4.019628],[103.247518,-4.019644],[103.247667,-4.019659],[103.24786,-4.019659],[103.247875,-4.019659],[103.248001,-4.019481],[103.248143,-4.019354],[103.248188,-4.019344],[103.248433,-4.019287],[103.248715,-4.019273],[103.249072,-4.019251],[103.249221,-4.0192],[103.249377,-4.019006],[103.249563,-4.018961],[103.249786,-4.01888],[103.249868,-4.019007],[103.249912,-4.019218]]]}},{"type":"Feature","properties":{"iddesa":"1673030001","nama_kelurahan":"Tanjung Agung","kecamatan":"Pagar Alam Selatan"},"geometry":{"type":"Polygon","coordinates":[[[103.255742,-4.038435],[103.25575,-4.038439],[103.255816,-4.038773],[103.255438,-4.039461],[103.254065,-4.040036],[103.253842,-4.040458],[103.253908,-4.040636],[103.253598,-4.041102],[103.253374,-4.041991],[103.252398,-4.043167],[103.252419,-4.043834],[103.251531,-4.044588],[103.251175,-4.045654],[103.251196,-4.045987],[103.251439,-4.046499],[103.251438,-4.046766],[103.251925,-4.047011],[103.252213,-4.046701],[103.252545,-4.046657],[103.252678,-4.046546],[103.252932,-4.046731],[103.252876,-4.046757],[103.252619,-4.047124],[103.252363,-4.04705],[103.252069,-4.04749],[103.251777,-4.047379],[103.251666,-4.0476],[103.252287,-4.048115],[103.252433,-4.048446],[103.252359,-4.048667],[103.252067,-4.048519],[103.251555,-4.048187],[103.25119,-4.047929],[103.251007,-4.047892],[103.250714,-4.047781],[103.250605,-4.047634],[103.249874,-4.047375],[103.249288,-4.047558],[103.248702,-4.04774],[103.248481,-4.048107],[103.247969,-4.048363],[103.247529,-4.048362],[103.246798,-4.048287],[103.246542,-4.048103],[103.246176,-4.048212],[103.245664,-4.048064],[103.24548,-4.048284],[103.244931,-4.048651],[103.244638,-4.04865],[103.244234,-4.049053],[103.243575,-4.049162],[103.243429,-4.049382],[103.242952,-4.049712],[103.24222,-4.049931],[103.241634,-4.049966],[103.241487,-4.050223],[103.240791,-4.050516],[103.239693,-4.050844],[103.239469,-4.050766],[103.239591,-4.050755],[103.239297,-4.050585],[103.239298,-4.049993],[103.239004,-4.0494],[103.238796,-4.048342],[103.238755,-4.047622],[103.23821,-4.046436],[103.23834,-4.044913],[103.238848,-4.043857],[103.238892,-4.042926],[103.238347,-4.041613],[103.238643,-4.041106],[103.23856,-4.040683],[103.238688,-4.039964],[103.237971,-4.040089],[103.236918,-4.039749],[103.23692,-4.039114],[103.237004,-4.039114],[103.236921,-4.038691],[103.236543,-4.037928],[103.236544,-4.037632],[103.236335,-4.036574],[103.23638,-4.035263],[103.236375,-4.035238],[103.242447,-4.034432],[103.242479,-4.034427],[103.242611,-4.03441],[103.242877,-4.034055],[103.24332,-4.033967],[103.245444,-4.034505],[103.245909,-4.034395],[103.246794,-4.034597],[103.250336,-4.03456],[103.251022,-4.034517],[103.251155,-4.034295],[103.251863,-4.034452],[103.252527,-4.034431],[103.253257,-4.034522],[103.253944,-4.034545],[103.254276,-4.034546],[103.254496,-4.034902],[103.254584,-4.035503],[103.254472,-4.036125],[103.254383,-4.036191],[103.25447,-4.036747],[103.254448,-4.036881],[103.254558,-4.037103],[103.254624,-4.037348],[103.254535,-4.037459],[103.254667,-4.037748],[103.2548,-4.038015],[103.255397,-4.038261],[103.255742,-4.038435]]]}},{"type":"Feature","properties":{"iddesa":"1673030005","nama_kelurahan":"Tebat Giri Indah","kecamatan":"Pagar Alam Selatan"},"geometry":{"type":"Polygon","coordinates":[[[103.251776,-4.025849],[103.251594,-4.026238],[103.251411,-4.026398],[103.251205,-4.026592],[103.251079,-4.026706],[103.251011,-4.026866],[103.250953,-4.027015],[103.250919,-4.027118],[103.25069,-4.027244],[103.250485,-4.027381],[103.250016,-4.027643],[103.249742,-4.027792],[103.249343,-4.027825],[103.249149,-4.02779],[103.248921,-4.027744],[103.248784,-4.027698],[103.248624,-4.027686],[103.248488,-4.027697],[103.248316,-4.027789],[103.247916,-4.028005],[103.246947,-4.027671],[103.246929,-4.027718],[103.246373,-4.027401],[103.24592,-4.026959],[103.245751,-4.026627],[103.245452,-4.026208],[103.245222,-4.025775],[103.245115,-4.025419],[103.245415,-4.02528],[103.245631,-4.025188],[103.245793,-4.025064],[103.245785,-4.024995],[103.24567,-4.024933],[103.245655,-4.024817],[103.245686,-4.024662],[103.24584,-4.024523],[103.245941,-4.024407],[103.24585,-4.023827],[103.245988,-4.023773],[103.246204,-4.02365],[103.246208,-4.023634],[103.2465,-4.023382],[103.246781,-4.023139],[103.247215,-4.023076],[103.248235,-4.022797],[103.248822,-4.022593],[103.250405,-4.021838],[103.250407,-4.021837],[103.250532,-4.021778],[103.250808,-4.021717],[103.25105,-4.022093],[103.251498,-4.022809],[103.251614,-4.023025],[103.251633,-4.023182],[103.251555,-4.023436],[103.251555,-4.023476],[103.251603,-4.023642],[103.25172,-4.023858],[103.251827,-4.023868],[103.251993,-4.023839],[103.252061,-4.023908],[103.252217,-4.023898],[103.252393,-4.023889],[103.252539,-4.023889],[103.25252,-4.024017],[103.2525,-4.024105],[103.252539,-4.024183],[103.252529,-4.024291],[103.252538,-4.024428],[103.252587,-4.024654],[103.252411,-4.024722],[103.252284,-4.024849],[103.252117,-4.025045],[103.251814,-4.025348],[103.251648,-4.025504],[103.251648,-4.025661],[103.251696,-4.025788],[103.251735,-4.025837],[103.251751,-4.025854],[103.251776,-4.025849]]]}},{"type":"Feature","properties":{"iddesa":"1673030003","nama_kelurahan":"Tumbak Ulas","kecamatan":"Pagar Alam Selatan"},"geometry":{"type":"Polygon","coordinates":[[[103.255742,-4.038435],[103.255397,-4.038261],[103.2548,-4.038015],[103.254667,-4.037748],[103.254535,-4.037459],[103.254624,-4.037348],[103.254558,-4.037103],[103.254448,-4.036881],[103.25447,-4.036747],[103.254383,-4.036191],[103.254472,-4.036125],[103.254584,-4.035503],[103.254496,-4.034902],[103.254276,-4.034546],[103.253944,-4.034545],[103.253257,-4.034522],[103.252527,-4.034431],[103.251863,-4.034452],[103.251155,-4.034295],[103.251022,-4.034517],[103.250336,-4.03456],[103.246794,-4.034597],[103.245909,-4.034395],[103.245444,-4.034505],[103.24332,-4.033967],[103.242877,-4.034055],[103.242611,-4.03441],[103.242479,-4.034427],[103.242447,-4.034432],[103.242348,-4.031002],[103.242341,-4.030748],[103.24228,-4.030204],[103.242356,-4.030147],[103.242379,-4.030113],[103.242379,-4.030033],[103.242642,-4.029839],[103.242847,-4.029896],[103.242779,-4.02969],[103.242779,-4.029587],[103.242779,-4.029449],[103.242894,-4.029346],[103.243077,-4.029198],[103.243179,-4.029221],[103.243328,-4.029153],[103.243453,-4.02905],[103.243568,-4.028913],[103.243659,-4.028718],[103.243762,-4.028569],[103.24382,-4.028455],[103.243854,-4.028409],[103.243945,-4.028421],[103.244094,-4.028421],[103.244231,-4.028364],[103.244379,-4.028307],[103.244334,-4.028215],[103.244414,-4.028112],[103.244494,-4.02809],[103.244608,-4.02809],[103.244745,-4.028136],[103.244859,-4.028171],[103.245064,-4.028183],[103.245223,-4.028297],[103.245428,-4.028435],[103.245497,-4.028413],[103.245542,-4.02847],[103.245622,-4.028596],[103.245759,-4.028459],[103.245748,-4.028344],[103.245828,-4.02823],[103.245885,-4.028184],[103.245954,-4.028185],[103.246045,-4.028196],[103.246148,-4.028242],[103.246296,-4.028254],[103.24641,-4.028174],[103.246433,-4.028048],[103.246536,-4.027945],[103.246719,-4.027831],[103.246833,-4.027785],[103.246924,-4.027728],[103.246929,-4.027718],[103.246947,-4.027671],[103.247916,-4.028005],[103.248316,-4.027789],[103.248488,-4.027697],[103.248624,-4.027686],[103.248784,-4.027698],[103.248921,-4.027744],[103.249149,-4.02779],[103.249343,-4.027825],[103.249742,-4.027792],[103.250016,-4.027643],[103.250485,-4.027381],[103.25069,-4.027244],[103.250919,-4.027118],[103.250953,-4.027015],[103.251011,-4.026866],[103.251079,-4.026706],[103.251205,-4.026592],[103.251411,-4.026398],[103.251594,-4.026238],[103.251776,-4.025849],[103.253338,-4.02552],[103.253448,-4.025651],[103.25351,-4.025725],[103.253636,-4.025883],[103.253703,-4.026095],[103.253705,-4.026102],[103.253767,-4.026298],[103.253776,-4.026324],[103.253948,-4.026246],[103.254153,-4.026089],[103.254341,-4.026058],[103.254356,-4.026105],[103.254498,-4.025916],[103.254608,-4.025696],[103.254906,-4.025539],[103.255252,-4.025304],[103.25555,-4.025226],[103.255628,-4.025163],[103.255754,-4.025037],[103.25588,-4.025069],[103.255958,-4.025053],[103.255802,-4.024848],[103.259053,-4.024116],[103.259533,-4.024755],[103.259557,-4.024901],[103.259653,-4.025217],[103.25987,-4.025533],[103.260015,-4.025801],[103.25999,-4.026141],[103.260086,-4.026555],[103.260303,-4.02709],[103.260689,-4.027382],[103.261003,-4.027796],[103.261269,-4.027967],[103.261583,-4.028138],[103.2618,-4.028478],[103.261848,-4.028794],[103.261896,-4.029086],[103.261968,-4.029117],[103.26204,-4.029354],[103.262258,-4.029354],[103.262258,-4.0295],[103.262354,-4.029768],[103.26262,-4.030109],[103.262595,-4.030473],[103.262909,-4.03079],[103.26332,-4.031034],[103.263561,-4.031423],[103.263778,-4.031837],[103.263874,-4.032201],[103.263535,-4.032249],[103.263147,-4.03254],[103.262784,-4.03271],[103.262566,-4.032563],[103.262517,-4.032733],[103.262081,-4.032902],[103.262129,-4.033073],[103.261911,-4.033194],[103.261694,-4.033072],[103.261427,-4.033217],[103.261015,-4.033459],[103.260531,-4.033604],[103.260313,-4.033725],[103.260167,-4.033943],[103.259852,-4.034259],[103.259537,-4.034258],[103.259296,-4.033966],[103.258835,-4.034208],[103.258472,-4.034134],[103.258302,-4.03445],[103.258375,-4.03462],[103.25835,-4.034985],[103.258422,-4.035276],[103.258469,-4.035544],[103.258324,-4.035762],[103.258178,-4.035932],[103.257766,-4.03632],[103.257596,-4.03666],[103.257184,-4.036878],[103.256844,-4.03712],[103.256893,-4.037218],[103.256456,-4.037581],[103.255923,-4.037872],[103.255729,-4.038139],[103.25568,-4.038187],[103.255753,-4.038406],[103.255742,-4.038435]]]}},{"type":"Feature","properties":{"iddesa":"1673030002","nama_kelurahan":"Ulu Rurah","kecamatan":"Pagar Alam Selatan"},"geometry":{"type":"Polygon","coordinates":[[[103.290086,-4.014793],[103.290243,-4.014806],[103.290581,-4.015099],[103.290895,-4.01561],[103.291015,-4.016099],[103.29069,-4.016618],[103.290578,-4.016703],[103.290287,-4.016921],[103.289948,-4.017066],[103.289826,-4.017455],[103.289625,-4.017644],[103.288492,-4.017737],[103.288102,-4.018283],[103.288489,-4.018637],[103.288492,-4.018643],[103.288903,-4.019154],[103.289144,-4.019471],[103.289071,-4.019908],[103.288877,-4.020053],[103.288442,-4.019761],[103.288055,-4.019541],[103.287619,-4.019783],[103.287013,-4.019928],[103.286844,-4.019928],[103.286094,-4.019707],[103.285707,-4.019658],[103.285617,-4.019694],[103.285658,-4.019706],[103.285513,-4.019828],[103.285608,-4.020435],[103.285584,-4.020703],[103.285849,-4.020922],[103.28597,-4.021238],[103.285534,-4.021432],[103.285316,-4.021601],[103.284929,-4.021309],[103.284663,-4.021017],[103.284251,-4.02138],[103.284202,-4.021696],[103.284163,-4.022103],[103.28416,-4.022104],[103.284162,-4.022108],[103.284153,-4.022207],[103.283934,-4.022328],[103.28345,-4.022521],[103.28345,-4.022643],[103.283449,-4.022788],[103.28357,-4.022837],[103.284103,-4.022936],[103.28432,-4.022936],[103.284566,-4.023026],[103.284786,-4.023525],[103.284585,-4.023739],[103.284536,-4.02386],[103.284609,-4.02403],[103.284899,-4.024055],[103.285123,-4.024039],[103.285534,-4.024557],[103.285565,-4.024769],[103.285552,-4.024861],[103.285405,-4.025029],[103.285236,-4.025126],[103.285114,-4.025393],[103.284678,-4.025538],[103.284098,-4.025318],[103.283808,-4.025098],[103.283638,-4.025049],[103.283105,-4.025437],[103.282668,-4.026035],[103.281532,-4.025938],[103.281386,-4.025847],[103.280878,-4.025651],[103.280394,-4.025504],[103.280224,-4.02582],[103.280417,-4.026233],[103.280779,-4.026647],[103.2809,-4.026915],[103.280899,-4.027182],[103.280848,-4.027259],[103.280359,-4.027503],[103.279931,-4.027326],[103.279761,-4.027301],[103.279664,-4.027496],[103.27959,-4.027982],[103.27954,-4.028662],[103.279516,-4.029002],[103.279297,-4.029269],[103.279007,-4.029366],[103.27903,-4.029706],[103.279054,-4.029998],[103.278835,-4.03024],[103.27869,-4.030483],[103.278568,-4.030604],[103.278617,-4.030629],[103.278379,-4.030813],[103.278471,-4.030823],[103.278252,-4.031309],[103.278299,-4.031965],[103.278396,-4.032111],[103.278734,-4.032209],[103.279098,-4.031675],[103.279292,-4.031384],[103.279515,-4.03131],[103.279559,-4.031336],[103.279649,-4.031266],[103.280602,-4.030949],[103.280746,-4.030974],[103.280749,-4.030982],[103.280771,-4.031208],[103.280648,-4.031314],[103.280357,-4.031532],[103.280043,-4.031531],[103.279825,-4.031555],[103.279679,-4.0317],[103.279679,-4.031919],[103.279751,-4.032211],[103.279968,-4.032479],[103.280306,-4.032941],[103.280438,-4.033179],[103.280199,-4.033418],[103.279974,-4.033718],[103.279941,-4.033718],[103.279602,-4.033718],[103.279288,-4.033644],[103.27907,-4.033959],[103.278996,-4.034178],[103.27902,-4.034689],[103.279139,-4.035394],[103.27919,-4.035527],[103.278404,-4.03575],[103.278391,-4.035859],[103.278315,-4.035805],[103.278097,-4.035926],[103.278048,-4.036145],[103.277806,-4.036314],[103.277443,-4.036387],[103.277273,-4.036532],[103.277152,-4.036775],[103.277199,-4.037067],[103.277344,-4.037213],[103.277707,-4.037481],[103.277814,-4.037539],[103.277414,-4.037586],[103.276902,-4.037658],[103.276352,-4.037841],[103.27573,-4.037913],[103.2754,-4.038243],[103.274814,-4.038241],[103.274119,-4.03824],[103.273716,-4.03868],[103.27346,-4.03868],[103.27313,-4.038936],[103.2728,-4.038935],[103.272543,-4.039339],[103.272141,-4.039338],[103.271592,-4.0393],[103.271226,-4.039226],[103.270933,-4.039372],[103.27053,-4.039372],[103.270493,-4.039555],[103.269907,-4.040179],[103.26943,-4.040766],[103.2691,-4.040985],[103.268806,-4.041573],[103.268695,-4.041903],[103.268219,-4.042086],[103.268035,-4.042453],[103.267449,-4.042746],[103.267084,-4.042598],[103.266973,-4.043149],[103.26679,-4.043075],[103.266276,-4.043589],[103.266239,-4.043956],[103.265724,-4.045131],[103.264918,-4.04546],[103.263674,-4.045494],[103.26265,-4.045455],[103.261918,-4.045453],[103.26093,-4.045415],[103.260052,-4.045045],[103.259759,-4.045302],[103.259173,-4.045374],[103.258807,-4.045373],[103.258477,-4.045703],[103.257782,-4.045665],[103.257344,-4.045223],[103.256904,-4.045443],[103.256245,-4.045588],[103.255989,-4.045735],[103.255036,-4.046027],[103.254597,-4.046026],[103.254011,-4.046245],[103.253425,-4.046501],[103.252932,-4.046731],[103.252678,-4.046546],[103.252545,-4.046657],[103.252213,-4.046701],[103.251925,-4.047011],[103.251438,-4.046766],[103.251439,-4.046499],[103.251196,-4.045987],[103.251175,-4.045654],[103.251531,-4.044588],[103.252419,-4.043834],[103.252398,-4.043167],[103.253374,-4.041991],[103.253598,-4.041102],[103.253908,-4.040636],[103.253842,-4.040458],[103.254065,-4.040036],[103.255438,-4.039461],[103.255816,-4.038773],[103.25575,-4.038439],[103.255742,-4.038435],[103.255753,-4.038406],[103.25568,-4.038187],[103.255729,-4.038139],[103.255923,-4.037872],[103.256456,-4.037581],[103.256893,-4.037218],[103.256844,-4.03712],[103.257184,-4.036878],[103.257596,-4.03666],[103.257766,-4.03632],[103.258178,-4.035932],[103.258324,-4.035762],[103.258469,-4.035544],[103.258422,-4.035276],[103.25835,-4.034985],[103.258375,-4.03462],[103.258302,-4.03445],[103.258472,-4.034134],[103.258835,-4.034208],[103.259296,-4.033966],[103.259537,-4.034258],[103.259852,-4.034259],[103.260167,-4.033943],[103.260313,-4.033725],[103.260531,-4.033604],[103.261015,-4.033459],[103.261427,-4.033217],[103.261694,-4.033072],[103.261911,-4.033194],[103.262129,-4.033073],[103.262081,-4.032902],[103.262517,-4.032733],[103.262566,-4.032563],[103.262784,-4.03271],[103.263147,-4.03254],[103.263535,-4.032249],[103.263874,-4.032201],[103.263778,-4.031837],[103.263561,-4.031423],[103.26332,-4.031034],[103.262909,-4.03079],[103.262595,-4.030473],[103.26262,-4.030109],[103.262354,-4.029768],[103.262258,-4.0295],[103.262258,-4.029354],[103.26204,-4.029354],[103.261968,-4.029117],[103.261896,-4.029086],[103.261848,-4.028794],[103.2618,-4.028478],[103.261583,-4.028138],[103.261269,-4.027967],[103.261003,-4.027796],[103.260689,-4.027382],[103.260303,-4.02709],[103.260086,-4.026555],[103.25999,-4.026141],[103.260015,-4.025801],[103.25987,-4.025533],[103.259653,-4.025217],[103.259557,-4.024901],[103.259533,-4.024755],[103.259053,-4.024116],[103.259002,-4.024049],[103.259324,-4.023972],[103.270722,-4.021255],[103.270602,-4.020938],[103.270143,-4.020208],[103.269806,-4.019649],[103.269685,-4.019357],[103.269734,-4.019308],[103.26959,-4.01887],[103.269566,-4.018311],[103.269278,-4.01763],[103.268818,-4.017313],[103.268335,-4.017166],[103.268141,-4.017166],[103.267608,-4.016843],[103.267537,-4.0168],[103.267948,-4.016704],[103.268287,-4.016729],[103.268699,-4.01673],[103.269038,-4.016439],[103.26928,-4.016439],[103.26974,-4.01661],[103.270078,-4.01683],[103.27078,-4.01688],[103.271168,-4.016613],[103.271409,-4.016735],[103.27153,-4.016711],[103.271821,-4.016712],[103.272063,-4.016664],[103.272475,-4.016446],[103.272911,-4.016155],[103.273008,-4.016058],[103.273202,-4.01584],[103.273783,-4.01606],[103.274074,-4.015623],[103.274703,-4.015649],[103.275236,-4.01565],[103.275405,-4.015456],[103.275503,-4.015213],[103.275189,-4.014945],[103.275552,-4.01463],[103.275867,-4.0148],[103.276157,-4.014704],[103.276666,-4.014608],[103.277028,-4.014827],[103.277148,-4.015265],[103.277196,-4.015532],[103.277487,-4.015557],[103.277947,-4.015267],[103.27819,-4.014975],[103.278118,-4.014611],[103.278167,-4.014465],[103.278361,-4.014077],[103.278652,-4.013737],[103.279112,-4.013689],[103.279402,-4.013787],[103.27974,-4.014152],[103.280079,-4.014396],[103.280829,-4.014519],[103.28153,-4.014569],[103.28199,-4.014813],[103.28228,-4.015081],[103.282497,-4.01513],[103.282909,-4.015277],[103.283199,-4.015472],[103.283466,-4.014914],[103.28395,-4.014939],[103.284531,-4.015037],[103.284821,-4.015232],[103.285353,-4.015234],[103.28591,-4.015308],[103.286297,-4.015211],[103.28637,-4.014871],[103.286637,-4.014483],[103.286929,-4.014046],[103.287437,-4.013974],[103.287922,-4.013756],[103.288259,-4.014316],[103.288767,-4.01439],[103.289058,-4.014439],[103.289275,-4.014707],[103.289638,-4.014756],[103.290086,-4.014793]]]}}]}