{"type": "FeatureCollection", "features": [{"type": "Feature", "properties": {"iddesa": "1604061007", "kecamatan": "Pajar Bulan", "kabupaten": "Lahat"}, "geometry": {"type": "Polygon", "coordinates": [[[103.246784, -3.998615], [103.246751, -3.998648], [103.246644, -3.998754], [103.246429, -3.999077], [103.246204, -3.999029], [103.24598, -3.999215], [103.245765, -3.99943], [103.24552, -3.999645], [103.244173, -3.99998], [103.24292, -3.999516], [103.242726, -3.999372], [103.242462, -3.999177], [103.241973, -3.999084], [103.241453, -3.998899], [103.24145, -3.998897], [103.24072, -3.99859], [103.240645, -3.998312], [103.240629, -3.998252], [103.24063, -3.997852], [103.240324, -3.997544], [103.240203, -3.997523], [103.240176, -3.997084], [103.239911, -3.996749], [103.239596, -3.996034], [103.239123, -3.995318], [103.239093, -3.995345], [103.239098, -3.995263], [103.239203, -3.995185], [103.239198, -3.995177], [103.238862, -3.994869], [103.238404, -3.994499], [103.237854, -3.993945], [103.237519, -3.993391], [103.237387, -3.993225], [103.237673, -3.992992], [103.238082, -3.992583], [103.238163, -3.992502], [103.238653, -3.992226], [103.239003, -3.992023], [103.239021, -3.992012], [103.239419, -3.991859], [103.239847, -3.991707], [103.240187, -3.991639], [103.240306, -3.991616], [103.240551, -3.991555], [103.240827, -3.991524], [103.241194, -3.991556], [103.24153, -3.991618], [103.242232, -3.99208], [103.242904, -3.992604], [103.243318, -3.993131], [103.243484, -3.993343], [103.243911, -3.993958], [103.244006, -3.994183], [103.244039, -3.994164], [103.244189, -3.994251], [103.244446, -3.994402], [103.244703, -3.994725], [103.24498, -3.995113], [103.245185, -3.99533], [103.245408, -3.995566], [103.245943, -3.995869], [103.246307, -3.996149], [103.246649, -3.99671], [103.247119, -3.997206], [103.24729, -3.997378], [103.247418, -3.997594], [103.247418, -3.997701], [103.247332, -3.998089], [103.247096, -3.99826], [103.246881, -3.998518], [103.246784, -3.998615]]]}}, {"type": "Feature", "properties": {"iddesa": "1604042008", "kecamatan": "Tanjung Tebat", "kabupaten": "Lahat"}, "geometry": {"type": "Polygon", "coordinates": [[[103.448806, -3.976783], [103.448692, -3.97689], [103.446063, -3.98291], [103.440259, -3.980954], [103.437727, -3.980102], [103.437685, -3.980042], [103.436961, -3.979018], [103.433744, -3.97447], [103.43646, -3.974244], [103.438198, -3.974099], [103.440655, -3.971949], [103.441806, -3.97072], [103.441979, -3.969945], [103.444143, -3.972113], [103.444629, -3.972599], [103.446308, -3.974281], [103.447434, -3.975409], [103.448806, -3.976783]]]}}, {"type": "Feature", "properties": {"iddesa": "1604042007", "kecamatan": "Tanjung Tebat", "kabupaten": "Lahat"}, "geometry": {"type": "MultiPolygon", "coordinates": [[[[103.430929, -3.985783], [103.429056, -3.984229], [103.428661, -3.983902], [103.428563, -3.98382], [103.422251, -3.978583], [103.421524, -3.977979], [103.421514, -3.977972], [103.422482, -3.977302], [103.423158, -3.976774], [103.42371, -3.975919], [103.425091, -3.97546], [103.429076, -3.975313], [103.433676, -3.974475], [103.433744, -3.97447], [103.436961, -3.979018], [103.437685, -3.980042], [103.437727, -3.980102], [103.440259, -3.980954], [103.446063, -3.98291], [103.441822, -3.992617], [103.440076, -3.991933], [103.438345, -3.991254], [103.436869, -3.990676], [103.436787, -3.990644], [103.436537, -3.990437], [103.433784, -3.988152], [103.432696, -3.987249], [103.431347, -3.98613], [103.430929, -3.985783]]], [[[103.450427, -3.990165], [103.450288, -3.992752], [103.448282, -3.992733], [103.447504, -3.992726], [103.447509, -3.99016], [103.448838, -3.990162], [103.450427, -3.990165]]]]}}, {"type": "Feature", "properties": {"iddesa": "1701062010", "kecamatan": "Ulu Manna", "kabupaten": "Bengkulu Selatan"}, "geometry": {"type": "Polygon", "coordinates": [[[103.03826, -4.177368], [103.038339, -4.177395], [103.038468, -4.17783], [103.039183, -4.178634], [103.040197, -4.179756], [103.040405, -4.179896], [103.04131, -4.180312], [103.043471, -4.180662], [103.043551, -4.180732], [103.04358, -4.180736], [103.043733, -4.180891], [103.045328, -4.182283], [103.045325, -4.182559], [103.045509, -4.182683], [103.045504, -4.184763], [103.045364, -4.185179], [103.045319, -4.186071], [103.046506, -4.189006], [103.046517, -4.189025], [103.047874, -4.190892], [103.048861, -4.191778], [103.051527, -4.191825], [103.052661, -4.192366], [103.053711, -4.192569], [103.054853, -4.193285], [103.055233, -4.193349], [103.055843, -4.193249], [103.056394, -4.193527], [103.056424, -4.193552], [103.056592, -4.19358], [103.056857, -4.193901], [103.057084, -4.194084], [103.058049, -4.194918], [103.058462, -4.195197], [103.059483, -4.195708], [103.061245, -4.195976], [103.061266, -4.196023], [103.061361, -4.196036], [103.062322, -4.198257], [103.062321, -4.198763], [103.062514, -4.200106], [103.062317, -4.200664], [103.062314, -4.201863], [103.061707, -4.202745], [103.062911, -4.205702], [103.06311, -4.206766], [103.063472, -4.207823], [103.063421, -4.208433], [103.063655, -4.209689], [103.06371, -4.210019], [103.063812, -4.210466], [103.064223, -4.211715], [103.063806, -4.212685], [103.063113, -4.213515], [103.062239, -4.214045], [103.061685, -4.214377], [103.061087, -4.214984], [103.059426, -4.215661], [103.059023, -4.215871], [103.058617, -4.215991], [103.057336, -4.216514], [103.055286, -4.217151], [103.054677, -4.217516], [103.054368, -4.217515], [103.052733, -4.218554], [103.051539, -4.219235], [103.052385, -4.22146], [103.055274, -4.223862], [103.056694, -4.226275], [103.057463, -4.22912], [103.057524, -4.23002], [103.057684, -4.23056], [103.057791, -4.232116], [103.058602, -4.234168], [103.05878, -4.234307], [103.059745, -4.235003], [103.061906, -4.236555], [103.063608, -4.236816], [103.064712, -4.237235], [103.065356, -4.237977], [103.067158, -4.239795], [103.067186, -4.23987], [103.067192, -4.239876], [103.067743, -4.240709], [103.067804, -4.241149], [103.067881, -4.241696], [103.068427, -4.243133], [103.068285, -4.244927], [103.068281, -4.246536], [103.068131, -4.246878], [103.067987, -4.248689], [103.067459, -4.250423], [103.068489, -4.252623], [103.069449, -4.256031], [103.069653, -4.256755], [103.070468, -4.258049], [103.071681, -4.259274], [103.072898, -4.260501], [103.075569, -4.262371], [103.075794, -4.262492], [103.080633, -4.263914], [103.083507, -4.26425], [103.083873, -4.263957], [103.084005, -4.26395], [103.087714, -4.260745], [103.089933, -4.257981], [103.091051, -4.256301], [103.092868, -4.253863], [103.093151, -4.253538], [103.093625, -4.252826], [103.093858, -4.252724], [103.094238, -4.252287], [103.095959, -4.251797], [103.096256, -4.251667], [103.096402, -4.251737], [103.096864, -4.251738], [103.098106, -4.252296], [103.099761, -4.253271], [103.100866, -4.253551], [103.102557, -4.254008], [103.102073, -4.254085], [103.102345, -4.254336], [103.103534, -4.255427], [103.108046, -4.258517], [103.111113, -4.259313], [103.114325, -4.259249], [103.116966, -4.259399], [103.118603, -4.260979], [103.118735, -4.26535], [103.116734, -4.266707], [103.112872, -4.26985], [103.110298, -4.271635], [103.105653, -4.274131], [103.104005, -4.276778], [103.101848, -4.282935], [103.099983, -4.286799], [103.09848, -4.288444], [103.09655, -4.289729], [103.09505, -4.290011], [103.093264, -4.290724], [103.091839, -4.290003], [103.090267, -4.290429], [103.088554, -4.290497], [103.087838, -4.291498], [103.085767, -4.291851], [103.085764, -4.293069], [103.085119, -4.294142], [103.082266, -4.29349], [103.081193, -4.294204], [103.081192, -4.294777], [103.080546, -4.296065], [103.080971, -4.297643], [103.079898, -4.2985], [103.077893, -4.300088], [103.080916, -4.302629], [103.082251, -4.303752], [103.082138, -4.304423], [103.081688, -4.30599], [103.080682, -4.307107], [103.08157, -4.308676], [103.080119, -4.309008], [103.079671, -4.309903], [103.080447, -4.311584], [103.08, -4.311919], [103.079333, -4.311133], [103.078666, -4.310348], [103.078328, -4.311691], [103.077547, -4.311913], [103.076875, -4.312919], [103.078211, -4.313929], [103.077651, -4.314936], [103.075979, -4.314596], [103.074533, -4.312913], [103.072526, -4.312907], [103.070745, -4.311448], [103.069856, -4.310102], [103.069415, -4.308198], [103.067967, -4.307298], [103.064509, -4.307737], [103.063504, -4.308518], [103.063011, -4.308665], [103.051176, -4.287386], [103.051041, -4.287143], [103.034271, -4.258325], [103.034333, -4.252306], [103.034335, -4.252108], [103.034344, -4.251235], [103.034433, -4.247404], [103.034443, -4.246974], [103.036104, -4.175715], [103.036104, -4.175695], [103.03614, -4.175684], [103.036197, -4.175667], [103.037589, -4.176841], [103.037672, -4.176935], [103.03826, -4.177368]]]}}, {"type": "Feature", "properties": {"iddesa": "1604060042", "kecamatan": "Jarai", "kabupaten": "Lahat"}, "geometry": {"type": "Polygon", "coordinates": [[[103.201244, -3.945168], [103.201017, -3.945365], [103.198845, -3.94724], [103.19665, -3.949134], [103.195627, -3.950017], [103.194048, -3.951381], [103.193499, -3.951855], [103.193499, -3.95174], [103.193499, -3.951457], [103.19305, -3.951453], [103.193041, -3.951415], [103.192758, -3.95008], [103.192355, -3.948186], [103.192241, -3.947652], [103.192472, -3.946732], [103.19259, -3.946266], [103.192637, -3.946079], [103.192838, -3.945279], [103.193483, -3.944055], [103.193894, -3.943273], [103.195167, -3.940858], [103.195611, -3.941172], [103.199605, -3.944005], [103.201244, -3.945168]]]}}, {"type": "Feature", "properties": {"iddesa": "1604041003", "kecamatan": "Mulak Ulu", "kabupaten": "Lahat"}, "geometry": {"type": "Polygon", "coordinates": [[[103.503066, -4.010763], [103.503242, -4.010874], [103.503197, -4.011018], [103.496577, -4.024391], [103.49541, -4.026749], [103.495294, -4.026983], [103.495112, -4.02699], [103.493012, -4.026986], [103.49056, -4.026982], [103.490317, -4.026981], [103.487716, -4.027266], [103.486, -4.027455], [103.486073, -4.028539], [103.486187, -4.030248], [103.484647, -4.033134], [103.484685, -4.034233], [103.484738, -4.035735], [103.484663, -4.035713], [103.478609, -4.033974], [103.476303, -4.033311], [103.476034, -4.034971], [103.475987, -4.035262], [103.475735, -4.03682], [103.47543, -4.038703], [103.475456, -4.038719], [103.477471, -4.039949], [103.479257, -4.043237], [103.479064, -4.045329], [103.479062, -4.045355], [103.478486, -4.04545], [103.478265, -4.04545], [103.476568, -4.045447], [103.475319, -4.046504], [103.475229, -4.046479], [103.471526, -4.045476], [103.470511, -4.045201], [103.470469, -4.045189], [103.461039, -4.04263], [103.466105, -4.038722], [103.467604, -4.037004], [103.469875, -4.034398], [103.470628, -4.030754], [103.471265, -4.027673], [103.470903, -4.025], [103.470471, -4.020072], [103.465458, -4.019223], [103.465418, -4.019216], [103.465396, -4.019133], [103.463683, -4.015297], [103.463631, -4.015181], [103.463631, -4.015178], [103.463623, -4.01506], [103.47987, -4.009363], [103.491255, -4.005371], [103.493331, -4.004643], [103.495255, -4.005853], [103.496495, -4.006633], [103.503066, -4.010763]]]}}, {"type": "Feature", "properties": {"iddesa": "1611020003", "kecamatan": "Lintang Kanan", "kabupaten": "Empat Lawang"}, "geometry": {"type": "Polygon", "coordinates": [[[103.038262, -3.854314], [103.039228, -3.856118], [103.039632, -3.856871], [103.041479, -3.860315], [103.042383, -3.862], [103.04361, -3.864288], [103.043652, -3.86425], [103.044991, -3.866521], [103.048129, -3.871844], [103.049608, -3.874351], [103.049608, -3.874351], [103.049608, -3.874351], [103.049592, -3.87436], [103.050169, -3.875278], [103.050641, -3.876026], [103.050707, -3.876131], [103.051175, -3.876874], [103.051366, -3.877181], [103.051365, -3.877184], [103.051176, -3.877858], [103.050671, -3.879634], [103.050672, -3.879635], [103.051025, -3.880053], [103.051505, -3.88062], [103.056157, -3.886118], [103.056372, -3.886373], [103.058009, -3.888306], [103.059784, -3.890406], [103.060402, -3.891137], [103.064079, -3.895484], [103.067709, -3.899772], [103.068386, -3.900574], [103.075287, -3.908731], [103.076514, -3.912791], [103.077902, -3.915607], [103.084708, -3.929413], [103.103512, -3.967555], [103.125318, -3.998571], [103.125306, -3.998579], [103.125006, -4.002095], [103.12462, -4.005697], [103.123034, -4.010606], [103.122357, -4.012053], [103.121182, -4.015274], [103.121046, -4.015605], [103.121294, -4.015605], [103.12132, -4.015605], [103.121332, -4.01563], [103.121379, -4.015725], [103.121295, -4.015986], [103.119252, -4.017249], [103.119106, -4.017542], [103.11784, -4.018301], [103.11651, -4.01941], [103.116099, -4.01952], [103.114122, -4.022036], [103.110521, -4.021683], [103.109843, -4.021681], [103.10978, -4.02161], [103.109424, -4.021575], [103.10502, -4.017325], [103.104054, -4.016675], [103.101083, -4.012481], [103.099703, -4.010977], [103.098819, -4.010838], [103.097578, -4.010141], [103.09675, -4.009553], [103.093315, -4.008361], [103.089194, -4.007673], [103.087088, -4.007759], [103.086536, -4.007619], [103.085796, -4.007617], [103.081211, -4.009472], [103.081145, -4.009548], [103.080452, -4.010656], [103.080181, -4.010927], [103.079996, -4.010918], [103.078917, -4.012642], [103.076972, -4.013028], [103.07678, -4.013411], [103.072282, -4.01335], [103.07087, -4.013489], [103.068858, -4.013484], [103.065968, -4.013648], [103.061673, -4.016183], [103.058537, -4.017524], [103.05429, -4.01639], [103.053436, -4.015775], [103.051404, -4.01431], [103.050898, -4.014038], [103.047484, -4.012765], [103.041382, -4.0145], [103.039941, -4.015007], [103.03833, -4.016329], [103.038194, -4.016441], [103.035963, -4.018873], [103.035927, -4.018302], [103.035926, -4.018302], [103.027961, -3.892396], [103.02771, -3.88842], [103.028427, -3.887364], [103.028312, -3.886914], [103.028312, -3.886913], [103.028151, -3.886282], [103.027459, -3.885351], [103.026628, -3.884885], [103.026301, -3.884508], [103.026301, -3.884508], [103.026197, -3.884301], [103.026172, -3.88425], [103.026161, -3.884229], [103.02558, -3.883069], [103.025579, -3.883067], [103.025421, -3.882751], [103.025421, -3.88275], [103.025232, -3.882374], [103.025057, -3.882023], [103.025056, -3.882022], [103.025052, -3.882014], [103.025039, -3.881987], [103.023893, -3.882605], [103.023554, -3.881823], [103.02401, -3.881227], [103.024467, -3.881058], [103.024528, -3.881035], [103.024528, -3.881034], [103.024319, -3.880801], [103.024294, -3.880773], [103.02429, -3.880745], [103.024266, -3.880607], [103.024261, -3.880577], [103.024198, -3.880207], [103.024432, -3.879876], [103.024639, -3.87938], [103.024239, -3.879007], [103.023687, -3.878842], [103.022998, -3.878014], [103.02227, -3.877119], [103.022262, -3.877109], [103.022179, -3.877007], [103.02172, -3.876443], [103.021471, -3.876137], [103.02152, -3.875345], [103.021567, -3.874565], [103.021568, -3.874559], [103.021594, -3.874126], [103.021629, -3.873542], [103.021629, -3.87353], [103.021687, -3.872577], [103.021729, -3.871885], [103.021729, -3.871884], [103.021732, -3.87184], [103.021735, -3.871781], [103.021736, -3.871772], [103.021765, -3.871298], [103.021786, -3.870947], [103.021788, -3.870917], [103.021805, -3.870624], [103.021903, -3.868991], [103.021966, -3.867963], [103.021966, -3.867962], [103.021979, -3.867743], [103.021988, -3.867596], [103.021995, -3.86749], [103.021996, -3.867458], [103.022001, -3.867388], [103.022006, -3.867284], [103.022045, -3.866649], [103.022046, -3.866642], [103.02209, -3.865899], [103.022377, -3.861162], [103.022381, -3.861099], [103.022567, -3.858012], [103.022568, -3.857998], [103.022741, -3.855129], [103.022742, -3.855128], [103.022767, -3.854727], [103.022828, -3.854702], [103.026822, -3.853125], [103.026836, -3.853119], [103.036341, -3.849364], [103.036393, -3.849343], [103.037331, -3.85245], [103.037422, -3.852749], [103.037747, -3.853355], [103.038068, -3.853955], [103.038262, -3.854314]]]}}, {"type": "Feature", "properties": {"iddesa": "1604060048", "kecamatan": "Jarai", "kabupaten": "Lahat"}, "geometry": {"type": "Polygon", "coordinates": [[[103.184922, -3.874928], [103.189158, -3.874528], [103.189666, -3.874977], [103.194373, -3.879137], [103.196296, -3.880836], [103.200254, -3.882032], [103.201405, -3.882076], [103.1961, -3.889263], [103.189798, -3.889436], [103.193403, -3.893911], [103.191688, -3.902377], [103.19164, -3.902616], [103.191622, -3.902705], [103.190406, -3.908703], [103.187845, -3.906818], [103.186983, -3.906183], [103.188952, -3.925456], [103.189012, -3.926026], [103.189396, -3.929791], [103.191205, -3.929514], [103.191585, -3.929456], [103.191698, -3.929537], [103.190504, -3.935278], [103.19025, -3.936497], [103.188192, -3.936889], [103.187798, -3.936633], [103.187632, -3.936798], [103.187329, -3.937102], [103.187098, -3.937586], [103.18677, -3.93828], [103.18658, -3.938681], [103.186066, -3.939764], [103.183898, -3.94206], [103.183686, -3.942284], [103.180751, -3.942979], [103.180201, -3.94329], [103.179789, -3.944044], [103.177895, -3.945369], [103.177886, -3.945452], [103.177702, -3.947268], [103.177463, -3.948049], [103.173792, -3.950223], [103.16969, -3.95052], [103.167972, -3.950643], [103.172094, -3.946169], [103.172765, -3.94544], [103.175533, -3.942435], [103.180037, -3.932691], [103.183387, -3.925444], [103.184627, -3.92276], [103.1842, -3.921539], [103.183516, -3.919581], [103.182801, -3.917535], [103.179623, -3.908436], [103.174094, -3.892609], [103.172586, -3.888293], [103.177009, -3.868245], [103.181543, -3.869821], [103.182542, -3.872436], [103.182951, -3.874774], [103.183009, -3.875108], [103.183975, -3.875124], [103.184922, -3.874928]]]}}, {"type": "Feature", "properties": {"iddesa": "1604062007", "kecamatan": "Muara Payang", "kabupaten": "Lahat"}, "geometry": {"type": "Polygon", "coordinates": [[[103.160362, -3.909568], [103.160457, -3.907212], [103.1605, -3.906141], [103.161479, -3.906013], [103.161753, -3.905259], [103.162404, -3.903474], [103.162411, -3.900241], [103.162415, -3.898163], [103.162188, -3.896776], [103.161507, -3.892849], [103.160596, -3.88869], [103.158535, -3.885221], [103.157622, -3.881986], [103.156479, -3.878751], [103.155566, -3.875977], [103.152815, -3.872045], [103.150064, -3.868113], [103.1455, -3.852206], [103.147736, -3.855803], [103.148329, -3.856262], [103.151276, -3.858541], [103.153632, -3.862108], [103.154093, -3.861768], [103.158631, -3.864886], [103.158573, -3.867208], [103.158109, -3.869286], [103.158105, -3.871133], [103.15902, -3.873214], [103.160855, -3.875296], [103.16246, -3.877378], [103.163376, -3.879458], [103.16406, -3.882], [103.165205, -3.884312], [103.165659, -3.886623], [103.165884, -3.888933], [103.16747, -3.892595], [103.167486, -3.892631], [103.16748, -3.895171], [103.167474, -3.897943], [103.167238, -3.900714], [103.166542, -3.903714], [103.16582, -3.905338], [103.165618, -3.905791], [103.163165, -3.907553], [103.161303, -3.908891], [103.161033, -3.909085], [103.160601, -3.909548], [103.160362, -3.909568]]]}}, {"type": "Feature", "properties": {"iddesa": "1604040001", "kecamatan": "Kota Agung", "kabupaten": "Lahat"}, "geometry": {"type": "Polygon", "coordinates": [[[103.377319, -4.108902], [103.381218, -4.109076], [103.381261, -4.108978], [103.381365, -4.109023], [103.381387, -4.109162], [103.387012, -4.115578], [103.400136, -4.13055], [103.400061, -4.130764], [103.38804, -4.135517], [103.381323, -4.138172], [103.364862, -4.14468], [103.364762, -4.144719], [103.364119, -4.14492], [103.36324, -4.143664], [103.363318, -4.14072], [103.362378, -4.138996], [103.361266, -4.138133], [103.360753, -4.137099], [103.361612, -4.136326], [103.361871, -4.135637], [103.361529, -4.13512], [103.361107, -4.131848], [103.360422, -4.131416], [103.358708, -4.131154], [103.355973, -4.126672], [103.356062, -4.125123], [103.355294, -4.123485], [103.355471, -4.120645], [103.35616, -4.119441], [103.357191, -4.118496], [103.357795, -4.116517], [103.358568, -4.11583], [103.359005, -4.115758], [103.359288, -4.115313], [103.359814, -4.115314], [103.360339, -4.115491], [103.360404, -4.115501], [103.362086, -4.11446], [103.363117, -4.113257], [103.362777, -4.111965], [103.363037, -4.110674], [103.363209, -4.109986], [103.36321, -4.109555], [103.362097, -4.109123], [103.361326, -4.10819], [103.362346, -4.108235], [103.375449, -4.108819], [103.377319, -4.108902]]]}}, {"type": "Feature", "properties": {"iddesa": "1604061019", "kecamatan": "Pajar Bulan", "kabupaten": "Lahat"}, "geometry": {"type": "Polygon", "coordinates": [[[103.314336, -3.884756], [103.316666, -3.891298], [103.318582, -3.895444], [103.320774, -3.899314], [103.323237, -3.905395], [103.323227, -3.910089], [103.324042, -3.915061], [103.324042, -3.915299], [103.324034, -3.918927], [103.324041, -3.915299], [103.319246, -3.918256], [103.314717, -3.926626], [103.314358, -3.935945], [103.303758, -3.941372], [103.303586, -3.947469], [103.301499, -3.952279], [103.300109, -3.95393], [103.298937, -3.955322], [103.298425, -3.956852], [103.298294, -3.957247], [103.296535, -3.957724], [103.293339, -3.957878], [103.289663, -3.958673], [103.288224, -3.959312], [103.28359, -3.959623], [103.282943, -3.959784], [103.282747, -3.959432], [103.282561, -3.959278], [103.282565, -3.959271], [103.283024, -3.958353], [103.282888, -3.957435], [103.282846, -3.956949], [103.282821, -3.956677], [103.283105, -3.955282], [103.283237, -3.954634], [103.283147, -3.954014], [103.283087, -3.953918], [103.282008, -3.952198], [103.280363, -3.951758], [103.280208, -3.951598], [103.280501, -3.951093], [103.280868, -3.950543], [103.281189, -3.949877], [103.281442, -3.949327], [103.281695, -3.948616], [103.281834, -3.947812], [103.28179, -3.947055], [103.281653, -3.946733], [103.281449, -3.946067], [103.281129, -3.945676], [103.280307, -3.945281], [103.280216, -3.945238], [103.280197, -3.945232], [103.28084, -3.942947], [103.281914, -3.93913], [103.284771, -3.928977], [103.282728, -3.912124], [103.281313, -3.900729], [103.282014, -3.887215], [103.298998, -3.88891], [103.309286, -3.884217], [103.314336, -3.884756]]]}}, {"type": "Feature", "properties": {"iddesa": "1604113014", "kecamatan": "Kikim Selatan", "kabupaten": "Lahat"}, "geometry": {"type": "Polygon", "coordinates": [[[103.281689, -3.708138], [103.283696, -3.709216], [103.286412, -3.710861], [103.291304, -3.7121], [103.293826, -3.712181], [103.291722, -3.715488], [103.288616, -3.719927], [103.28505, -3.723496], [103.269223, -3.723766], [103.2661, -3.723606], [103.264258, -3.723242], [103.263337, -3.722932], [103.262083, -3.722904], [103.2612, -3.722902], [103.26109, -3.722902], [103.260701, -3.722901], [103.259472, -3.722898], [103.25768, -3.723101], [103.256374, -3.723149], [103.255273, -3.723559], [103.254658, -3.723712], [103.254607, -3.723712], [103.254525, -3.723449], [103.253825, -3.723587], [103.252303, -3.723887], [103.25079, -3.723908], [103.247542, -3.723955], [103.244829, -3.723975], [103.243165, -3.724023], [103.236997, -3.723856], [103.235667, -3.723288], [103.235334, -3.723442], [103.233618, -3.72403], [103.232822, -3.724902], [103.232516, -3.724644], [103.232209, -3.724207], [103.232192, -3.724186], [103.227165, -3.725045], [103.223786, -3.72509], [103.221868, -3.724597], [103.219768, -3.72521], [103.219671, -3.725578], [103.219458, -3.725577], [103.217169, -3.725629], [103.216849, -3.725636], [103.214686, -3.725568], [103.213477, -3.725693], [103.211504, -3.725881], [103.210614, -3.725687], [103.210615, -3.72524], [103.20998, -3.724344], [103.209792, -3.724119], [103.209791, -3.724117], [103.209282, -3.723511], [103.209476, -3.722297], [103.209419, -3.718718], [103.210252, -3.716035], [103.211591, -3.714631], [103.212234, -3.710989], [103.212109, -3.710158], [103.211668, -3.707984], [103.2118, -3.7053], [103.211741, -3.703254], [103.211614, -3.702871], [103.21149, -3.701592], [103.211809, -3.701017], [103.212047, -3.699307], [103.213875, -3.699225], [103.213986, -3.699293], [103.215508, -3.699574], [103.215923, -3.699853], [103.218413, -3.700692], [103.220074, -3.700974], [103.221596, -3.700977], [103.222704, -3.700979], [103.224089, -3.700704], [103.224921, -3.70001], [103.226444, -3.699596], [103.22783, -3.698625], [103.231569, -3.698216], [103.232956, -3.697106], [103.235308, -3.697389], [103.23697, -3.697253], [103.238908, -3.697257], [103.240707, -3.697399], [103.241537, -3.697818], [103.241951, -3.698514], [103.242996, -3.700097], [103.243331, -3.700603], [103.243608, -3.700743], [103.245402, -3.703806], [103.245816, -3.704363], [103.247611, -3.706453], [103.248163, -3.707567], [103.249545, -3.708543], [103.25003, -3.708815], [103.25079, -3.709241], [103.252312, -3.709522], [103.254111, -3.710082], [103.257154, -3.7112], [103.257673, -3.711288], [103.258815, -3.711482], [103.259906, -3.711579], [103.261998, -3.711766], [103.264628, -3.71191], [103.266843, -3.711915], [103.26892, -3.711919], [103.271135, -3.711923], [103.273489, -3.711511], [103.275428, -3.710958], [103.277368, -3.710406], [103.280554, -3.70916], [103.281689, -3.708138]]]}}, {"type": "Feature", "properties": {"iddesa": "1604121013", "kecamatan": "Gumay Talang", "kabupaten": "Lahat"}, "geometry": {"type": "Polygon", "coordinates": [[[103.497862, -3.765763], [103.497875, -3.766225], [103.497918, -3.767571], [103.49792, -3.767626], [103.497964, -3.768746], [103.49794, -3.769096], [103.505377, -3.788791], [103.506332, -3.791318], [103.507479, -3.794357], [103.507842, -3.794357], [103.50802, -3.794358], [103.508881, -3.794431], [103.509596, -3.795081], [103.509954, -3.795801], [103.510526, -3.796306], [103.511807, -3.796452], [103.512461, -3.796526], [103.513464, -3.797248], [103.513732, -3.797867], [103.513946, -3.79836], [103.513964, -3.798401], [103.514033, -3.799625], [103.514102, -3.801281], [103.51428, -3.801904], [103.514747, -3.803538], [103.512697, -3.804021], [103.51224, -3.804129], [103.511443, -3.80554], [103.511151, -3.806232], [103.510741, -3.807204], [103.510754, -3.807343], [103.510829, -3.808162], [103.510104, -3.807657], [103.50753, -3.806981], [103.506879, -3.807396], [103.506345, -3.807736], [103.507067, -3.826104], [103.502296, -3.835508], [103.502251, -3.835596], [103.502384, -3.835874], [103.50665, -3.844787], [103.506217, -3.853098], [103.505665, -3.854934], [103.505506, -3.8551], [103.503881, -3.860995], [103.502202, -3.86708], [103.464874, -3.774705], [103.461952, -3.772866], [103.459397, -3.770468], [103.458879, -3.769981], [103.458597, -3.769744], [103.458721, -3.769269], [103.459265, -3.767183], [103.459401, -3.767245], [103.459482, -3.767281], [103.459577, -3.766855], [103.460844, -3.766727], [103.463295, -3.76648], [103.496016, -3.763174], [103.496022, -3.763212], [103.496393, -3.763469], [103.49651, -3.763565], [103.496649, -3.76368], [103.49702, -3.763937], [103.497275, -3.764311], [103.497693, -3.764428], [103.497808, -3.764732], [103.497841, -3.765268], [103.497854, -3.765479], [103.497862, -3.765763]]]}}, {"type": "Feature", "properties": {"iddesa": "1701042026", "kecamatan": "Kedurang", "kabupaten": "Bengkulu Selatan"}, "geometry": {"type": "Polygon", "coordinates": [[[103.252069, -4.245569], [103.252103, -4.245594], [103.252737, -4.246015], [103.255388, -4.247203], [103.259495, -4.248817], [103.259877, -4.248967], [103.261149, -4.248706], [103.262256, -4.24945], [103.262832, -4.250128], [103.263101, -4.250234], [103.264897, -4.252407], [103.268467, -4.255665], [103.270152, -4.256233], [103.27102, -4.256526], [103.271029, -4.256526], [103.272211, -4.256603], [103.273113, -4.256719], [103.275062, -4.256777], [103.277227, -4.256782], [103.278743, -4.25684], [103.280691, -4.257171], [103.282315, -4.257174], [103.284102, -4.257178], [103.285007, -4.25718], [103.285017, -4.257198], [103.285239, -4.257564], [103.285515, -4.258018], [103.285736, -4.258383], [103.28729, -4.260947], [103.288238, -4.262854], [103.288334, -4.263051], [103.288331, -4.263165], [103.2883, -4.264148], [103.288167, -4.265608], [103.288134, -4.265975], [103.287564, -4.266572], [103.286368, -4.267367], [103.285873, -4.267636], [103.285872, -4.267637], [103.285801, -4.267743], [103.285646, -4.267846], [103.285581, -4.268073], [103.285445, -4.268277], [103.285353, -4.268868], [103.284524, -4.271758], [103.283868, -4.274348], [103.283469, -4.275794], [103.283304, -4.276575], [103.282985, -4.277833], [103.282715, -4.278403], [103.280848, -4.281014], [103.280602, -4.281659], [103.280516, -4.281771], [103.280389, -4.282114], [103.280216, -4.282583], [103.280198, -4.282719], [103.279975, -4.283305], [103.280232, -4.283625], [103.280575, -4.284192], [103.282317, -4.286205], [103.282538, -4.286686], [103.282535, -4.287826], [103.282526, -4.288082], [103.282526, -4.288086], [103.282359, -4.288539], [103.282227, -4.288895], [103.282226, -4.288897], [103.281452, -4.289817], [103.280143, -4.290751], [103.275145, -4.292424], [103.274976, -4.292471], [103.272248, -4.293149], [103.26871, -4.294337], [103.268229, -4.294393], [103.263273, -4.292594], [103.259697, -4.292073], [103.258121, -4.292421], [103.257809, -4.292432], [103.257028, -4.292662], [103.256629, -4.29275], [103.256499, -4.292944], [103.255953, -4.29354], [103.25595, -4.293544], [103.255604, -4.294285], [103.255261, -4.294799], [103.253943, -4.297823], [103.253785, -4.298046], [103.253254, -4.298795], [103.253218, -4.298828], [103.251634, -4.299587], [103.25108, -4.299559], [103.251067, -4.299552], [103.249591, -4.298271], [103.249549, -4.298231], [103.248194, -4.296825], [103.246062, -4.294436], [103.244111, -4.293342], [103.242747, -4.292403], [103.241768, -4.292028], [103.241469, -4.29186], [103.241267, -4.291836], [103.239938, -4.291328], [103.238405, -4.29111], [103.237234, -4.29136], [103.23704, -4.291337], [103.2365, -4.291517], [103.233844, -4.292083], [103.230827, -4.292872], [103.228944, -4.293028], [103.228488, -4.293547], [103.228004, -4.293736], [103.226723, -4.295058], [103.224673, -4.297404], [103.223762, -4.298924], [103.223658, -4.299043], [103.223549, -4.299281], [103.223282, -4.299725], [103.221114, -4.304372], [103.219287, -4.307029], [103.215664, -4.307627], [103.215196, -4.307704], [103.211581, -4.307544], [103.209656, -4.30805], [103.209418, -4.308112], [103.207951, -4.308148], [103.207842, -4.308151], [103.20624, -4.307709], [103.204096, -4.307117], [103.202477, -4.306942], [103.202176, -4.307021], [103.201668, -4.307154], [103.201267, -4.307449], [103.200686, -4.307878], [103.200537, -4.308161], [103.20047, -4.30829], [103.200215, -4.308774], [103.20014, -4.309513], [103.200128, -4.309629], [103.200382, -4.310356], [103.201204, -4.311521], [103.201484, -4.311918], [103.202842, -4.314058], [103.203138, -4.31517], [103.203137, -4.315506], [103.203136, -4.315899], [103.203136, -4.316024], [103.20308, -4.316142], [103.201933, -4.31786], [103.200148, -4.31824], [103.200134, -4.318249], [103.200009, -4.318271], [103.199959, -4.318358], [103.199466, -4.318665], [103.199329, -4.319164], [103.199189, -4.319676], [103.198812, -4.320321], [103.199142, -4.324939], [103.198783, -4.328197], [103.198726, -4.328689], [103.198415, -4.330587], [103.19798, -4.33425], [103.197762, -4.336771], [103.19763, -4.338352], [103.197771, -4.340357], [103.197738, -4.342037], [103.197544, -4.344233], [103.197401, -4.345189], [103.197474, -4.34664], [103.197458, -4.347547], [103.197771, -4.350436], [103.198054, -4.351177], [103.198111, -4.351499], [103.198492, -4.352739], [103.198874, -4.353381], [103.198922, -4.353445], [103.199073, -4.353841], [103.200772, -4.356068], [103.202129, -4.358465], [103.203116, -4.361128], [103.203143, -4.36121], [103.202702, -4.363253], [103.202664, -4.363334], [103.202085, -4.364586], [103.202016, -4.365102], [103.201939, -4.365305], [103.20188, -4.366131], [103.201824, -4.366552], [103.201836, -4.366754], [103.20175, -4.367964], [103.202963, -4.371051], [103.203044, -4.371284], [103.203128, -4.371484], [103.204061, -4.37368], [103.204178, -4.37435], [103.204271, -4.374877], [103.20412, -4.375771], [103.204012, -4.376411], [103.204011, -4.376415], [103.20354, -4.377161], [103.203498, -4.377226], [103.202022, -4.378589], [103.201235, -4.379315], [103.200215, -4.380097], [103.199403, -4.380719], [103.1994, -4.380721], [103.199058, -4.381404], [103.199008, -4.381845], [103.198993, -4.381977], [103.198971, -4.382173], [103.198996, -4.382378], [103.19907, -4.382982], [103.199096, -4.383199], [103.19969, -4.384269], [103.20163, -4.386817], [103.201875, -4.387595], [103.201926, -4.387758], [103.201751, -4.38951], [103.201524, -4.390395], [103.201192, -4.391688], [103.20106, -4.391918], [103.200988, -4.392045], [103.200679, -4.392584], [103.199494, -4.393329], [103.199405, -4.39341], [103.196324, -4.395402], [103.194663, -4.396501], [103.193809, -4.397012], [103.193436, -4.397081], [103.193127, -4.397139], [103.189379, -4.397002], [103.18771, -4.397088], [103.182418, -4.397361], [103.182263, -4.397369], [103.17663, -4.397727], [103.175786, -4.39778], [103.170186, -4.399023], [103.16865, -4.39966], [103.16797, -4.400255], [103.167967, -4.400257], [103.166556, -4.402433], [103.16596, -4.403778], [103.164936, -4.406085], [103.164928, -4.406104], [103.164592, -4.407071], [103.164186, -4.407968], [103.163856, -4.40919], [103.163175, -4.411711], [103.162634, -4.415317], [103.162547, -4.415624], [103.162289, -4.416522], [103.162261, -4.416609], [103.162261, -4.416611], [103.16196, -4.416866], [103.156979, -4.42039], [103.156192, -4.420899], [103.153845, -4.422347], [103.153624, -4.422582], [103.153096, -4.422921], [103.152823, -4.423432], [103.152521, -4.423754], [103.152311, -4.424393], [103.151876, -4.425209], [103.151902, -4.42564], [103.151835, -4.425843], [103.151834, -4.425846], [103.151922, -4.427089], [103.151957, -4.427595], [103.151958, -4.427598], [103.152025, -4.427705], [103.15204, -4.427946], [103.152116, -4.428067], [103.152069, -4.428055], [103.13956, -4.424774], [103.139516, -4.424763], [103.139489, -4.424756], [103.135055, -4.423593], [103.132958, -4.423043], [103.131162, -4.421275], [103.127462, -4.417634], [103.1274, -4.417572], [103.11425, -4.404631], [103.114251, -4.40463], [103.113612, -4.403124], [103.112686, -4.402118], [103.111689, -4.401184], [103.111623, -4.399321], [103.110414, -4.397455], [103.109492, -4.394873], [103.108426, -4.393151], [103.106856, -4.392101], [103.106947, -4.391472], [103.10508, -4.389345], [103.105081, -4.389343], [103.105583, -4.3882], [103.105872, -4.386982], [103.107018, -4.385481], [103.107021, -4.384263], [103.108662, -4.384482], [103.108735, -4.383694], [103.108167, -4.382546], [103.109239, -4.382262], [103.110738, -4.381908], [103.111525, -4.381408], [103.11288, -4.381841], [103.114345, -4.380777], [103.114346, -4.380777], [103.114453, -4.380699], [103.115309, -4.381059], [103.115227, -4.381174], [103.114951, -4.38156], [103.114951, -4.38156], [103.116949, -4.381852], [103.117594, -4.380279], [103.117595, -4.380277], [103.118083, -4.379566], [103.118181, -4.379423], [103.118528, -4.378916], [103.118968, -4.378984], [103.119118, -4.379007], [103.120111, -4.379157], [103.121154, -4.379314], [103.121341, -4.379184], [103.121606, -4.378999], [103.122144, -4.378622], [103.122331, -4.37849], [103.122526, -4.378355], [103.122526, -4.378354], [103.12319, -4.376549], [103.123244, -4.376403], [103.123316, -4.376207], [103.123319, -4.376204], [103.123319, -4.376204], [103.123337, -4.376178], [103.124534, -4.374491], [103.124754, -4.371912], [103.124966, -4.371019], [103.125035, -4.370727], [103.125043, -4.370694], [103.125043, -4.370694], [103.125044, -4.370693], [103.125565, -4.370151], [103.125593, -4.370121], [103.126587, -4.369085], [103.126689, -4.368979], [103.126693, -4.367331], [103.127837, -4.366689], [103.127837, -4.366686], [103.12791, -4.366267], [103.128007, -4.365714], [103.128199, -4.364612], [103.128536, -4.364306], [103.129256, -4.363652], [103.129773, -4.363183], [103.129773, -4.363183], [103.129597, -4.362782], [103.129239, -4.361969], [103.129204, -4.361892], [103.129436, -4.36177], [103.129997, -4.361473], [103.13042, -4.36125], [103.130488, -4.361093], [103.130701, -4.360608], [103.131641, -4.358458], [103.131649, -4.358203], [103.131683, -4.357131], [103.131703, -4.356502], [103.131715, -4.35613], [103.131716, -4.356023], [103.131824, -4.355892], [103.131892, -4.355811], [103.132306, -4.355309], [103.13272, -4.354807], [103.13272, -4.354806], [103.132759, -4.354582], [103.132807, -4.35431], [103.132923, -4.353642], [103.133055, -4.352884], [103.133082, -4.35273], [103.133284, -4.352385], [103.133398, -4.35219], [103.134086, -4.351012], [103.133995, -4.349791], [103.133948, -4.349151], [103.133948, -4.349149], [103.133974, -4.348994], [103.134167, -4.347876], [103.134527, -4.345786], [103.134527, -4.345783], [103.134531, -4.344211], [103.134534, -4.342845], [103.134535, -4.342845], [103.134535, -4.34284], [103.134821, -4.342433], [103.13568, -4.3412], [103.135449, -4.340678], [103.135039, -4.339752], [103.134906, -4.339452], [103.134695, -4.338978], [103.13454, -4.338625], [103.134474, -4.338474], [103.134474, -4.338474], [103.134473, -4.338472], [103.134501, -4.338346], [103.134548, -4.338119], [103.134581, -4.33796], [103.134689, -4.337448], [103.134786, -4.336986], [103.134834, -4.336755], [103.135055, -4.336641], [103.136479, -4.3359], [103.136627, -4.333679], [103.138345, -4.331749], [103.139316, -4.331407], [103.139452, -4.331385], [103.142467, -4.330902], [103.143931, -4.330667], [103.144695, -4.330545], [103.145129, -4.330475], [103.147771, -4.330052], [103.147771, -4.330052], [103.148361, -4.329294], [103.149274, -4.328121], [103.149394, -4.327982], [103.149429, -4.32794], [103.149766, -4.327546], [103.150115, -4.327138], [103.151076, -4.326013], [103.151347, -4.325695], [103.15178, -4.325189], [103.152021, -4.324131], [103.152152, -4.323555], [103.152259, -4.323081], [103.152594, -4.321609], [103.152778, -4.320802], [103.15279, -4.320749], [103.152948, -4.31782], [103.152964, -4.317521], [103.153008, -4.316711], [103.153014, -4.316597], [103.153014, -4.316594], [103.152601, -4.315392], [103.152231, -4.314316], [103.152128, -4.31402], [103.15194, -4.313472], [103.151885, -4.313308], [103.15188, -4.313295], [103.152599, -4.311005], [103.152599, -4.311004], [103.152413, -4.310477], [103.15225, -4.310014], [103.152009, -4.309331], [103.151927, -4.309098], [103.15189, -4.308997], [103.151931, -4.308816], [103.152271, -4.307317], [103.152458, -4.306494], [103.15254, -4.306132], [103.153257, -4.304629], [103.153627, -4.303983], [103.154117, -4.303126], [103.154563, -4.302876], [103.155054, -4.3026], [103.155261, -4.302484], [103.155518, -4.302402], [103.157047, -4.301915], [103.158764, -4.300199], [103.159445, -4.29871], [103.160203, -4.297055], [103.160271, -4.296907], [103.160811, -4.29547], [103.161149, -4.294573], [103.161515, -4.2936], [103.161543, -4.293526], [103.161564, -4.293471], [103.161598, -4.293379], [103.161599, -4.293378], [103.161741, -4.293255], [103.162919, -4.292235], [103.163025, -4.292143], [103.163451, -4.291775], [103.163638, -4.291613], [103.164356, -4.291367], [103.165894, -4.29084], [103.165924, -4.29083], [103.166626, -4.290362], [103.166689, -4.290321], [103.168069, -4.289402], [103.168482, -4.289072], [103.169928, -4.287917], [103.170214, -4.287688], [103.170722, -4.287416], [103.17221, -4.28662], [103.172215, -4.286618], [103.172657, -4.285677], [103.173274, -4.284364], [103.173291, -4.284328], [103.173291, -4.284327], [103.177612, -4.282227], [103.178943, -4.28158], [103.179646, -4.281238], [103.181296, -4.280436], [103.181652, -4.280263], [103.182268, -4.280108], [103.183686, -4.279752], [103.185647, -4.279259], [103.187361, -4.278828], [103.187679, -4.278748], [103.187865, -4.278701], [103.188318, -4.278585], [103.191923, -4.277655], [103.193679, -4.277203], [103.193981, -4.277125], [103.194995, -4.276804], [103.19535, -4.276691], [103.195507, -4.276641], [103.196795, -4.276233], [103.197282, -4.276079], [103.19865, -4.275646], [103.19865, -4.275646], [103.198944, -4.275623], [103.202176, -4.275374], [103.202256, -4.275368], [103.204075, -4.275228], [103.204076, -4.275228], [103.204834, -4.274785], [103.205529, -4.27438], [103.206274, -4.273945], [103.207625, -4.273156], [103.20767, -4.27313], [103.207864, -4.273017], [103.208127, -4.27223], [103.208332, -4.271614], [103.208519, -4.27107], [103.208571, -4.270916], [103.20867, -4.270614], [103.208774, -4.270302], [103.208823, -4.270156], [103.208941, -4.269808], [103.209055, -4.269464], [103.209222, -4.268961], [103.209257, -4.268867], [103.209413, -4.268391], [103.209707, -4.268264], [103.212103, -4.264397], [103.213768, -4.259238], [103.216343, -4.257954], [103.219277, -4.250457], [103.219479, -4.250126], [103.222432, -4.245613], [103.223205, -4.243374], [103.223672, -4.242047], [103.225465, -4.242727], [103.228396, -4.243645], [103.228988, -4.243781], [103.232546, -4.245151], [103.232759, -4.245217], [103.232862, -4.245268], [103.233058, -4.24531], [103.234561, -4.245779], [103.23672, -4.245362], [103.237402, -4.245559], [103.238974, -4.245037], [103.242363, -4.244949], [103.243968, -4.245083], [103.244257, -4.244899], [103.244795, -4.244885], [103.247407, -4.24453], [103.248439, -4.244532], [103.24998, -4.244835], [103.250604, -4.244958], [103.252069, -4.245569]]]}}, {"type": "Feature", "properties": {"iddesa": "1611010010", "kecamatan": "Muara Pinang", "kabupaten": "Empat Lawang"}, "geometry": {"type": "Polygon", "coordinates": [[[103.114642, -3.864248], [103.09439, -3.870161], [103.093575, -3.870399], [103.091643, -3.870963], [103.091541, -3.870993], [103.089925, -3.871465], [103.088564, -3.871862], [103.086095, -3.872583], [103.082737, -3.873564], [103.081618, -3.87389], [103.081517, -3.87392], [103.080814, -3.874124], [103.079951, -3.87146], [103.082936, -3.870653], [103.083713, -3.870442], [103.083988, -3.870368], [103.088577, -3.869126], [103.091231, -3.868408], [103.091823, -3.868248], [103.095007, -3.867386], [103.115345, -3.861883], [103.114642, -3.864248]]]}}, {"type": "Feature", "properties": {"iddesa": "1611010038", "kecamatan": "Muara Pinang", "kabupaten": "Empat Lawang"}, "geometry": {"type": "Polygon", "coordinates": [[[103.092701, -3.774634], [103.092671, -3.774654], [103.051643, -3.802218], [103.046613, -3.805597], [103.04525, -3.806513], [103.036455, -3.812421], [103.033969, -3.814176], [103.033735, -3.814344], [103.032106, -3.815515], [103.030312, -3.816882], [103.028631, -3.818125], [103.027488, -3.818903], [103.025508, -3.82025], [103.017438, -3.825743], [103.017129, -3.825295], [103.017029, -3.82515], [103.017041, -3.825141], [103.018129, -3.824381], [103.020817, -3.822503], [103.022056, -3.82148], [103.024851, -3.819171], [103.025912, -3.818294], [103.026909, -3.817076], [103.024981, -3.815195], [103.025154, -3.815094], [103.026256, -3.814447], [103.026363, -3.814453], [103.03059, -3.814695], [103.031039, -3.81472], [103.031054, -3.814701], [103.031746, -3.813813], [103.032332, -3.81306], [103.034707, -3.81001], [103.035315, -3.807662], [103.035964, -3.805155], [103.03634, -3.801033], [103.037515, -3.799858], [103.038233, -3.800004], [103.038614, -3.800081], [103.039492, -3.800672], [103.03971, -3.80185], [103.040009, -3.80276], [103.040073, -3.802955], [103.040172, -3.803061], [103.04117, -3.804136], [103.04266, -3.805928], [103.04307, -3.806422], [103.044169, -3.806646], [103.044798, -3.806411], [103.04593, -3.805987], [103.046919, -3.804925], [103.047913, -3.803857], [103.049234, -3.799105], [103.049243, -3.799075], [103.050539, -3.798562], [103.054707, -3.796915], [103.054995, -3.796709], [103.055171, -3.796636], [103.055314, -3.796481], [103.055593, -3.79628], [103.058085, -3.794493], [103.060517, -3.790805], [103.061262, -3.789674], [103.06235, -3.788025], [103.0625, -3.787613], [103.06376, -3.784152], [103.065041, -3.780632], [103.065416, -3.776952], [103.065476, -3.776584], [103.066382, -3.771065], [103.066714, -3.769777], [103.072007, -3.762353], [103.075605, -3.759343], [103.076044, -3.758969], [103.076881, -3.758257], [103.079032, -3.756428], [103.079533, -3.756002], [103.081026, -3.755202], [103.082541, -3.754389], [103.082873, -3.753933], [103.083129, -3.75358], [103.083474, -3.753236], [103.084157, -3.752552], [103.084821, -3.752025], [103.085589, -3.751414], [103.087202, -3.751049], [103.089107, -3.751495], [103.091597, -3.75209], [103.091228, -3.75312], [103.090833, -3.754358], [103.090638, -3.755707], [103.090561, -3.756726], [103.090701, -3.759744], [103.09052, -3.76008], [103.090092, -3.761041], [103.088809, -3.762441], [103.088075, -3.763105], [103.087491, -3.763689], [103.086929, -3.764532], [103.086567, -3.765255], [103.086673, -3.765672], [103.087203, -3.767283], [103.088518, -3.769494], [103.089606, -3.77124], [103.090174, -3.771936], [103.090379, -3.772159], [103.092538, -3.774509], [103.092701, -3.774634]]]}}, {"type": "Feature", "properties": {"iddesa": "1604122005", "kecamatan": "Pseksu", "kabupaten": "Lahat"}, "geometry": {"type": "Polygon", "coordinates": [[[103.342693, -3.755087], [103.342691, -3.756393], [103.342622, -3.757507], [103.342419, -3.758046], [103.342654, -3.758384], [103.342712, -3.758379], [103.340043, -3.765413], [103.339738, -3.766219], [103.340562, -3.767154], [103.341643, -3.7684], [103.342426, -3.768726], [103.343397, -3.769129], [103.344219, -3.770738], [103.345042, -3.772502], [103.34411, -3.774056], [103.343334, -3.775143], [103.342095, -3.77483], [103.341321, -3.775087], [103.341422, -3.776073], [103.342917, -3.777112], [103.344, -3.777581], [103.344049, -3.778618], [103.343943, -3.780225], [103.342807, -3.780845], [103.341824, -3.781932], [103.341513, -3.782761], [103.34182, -3.783953], [103.343502, -3.78529], [103.311714, -3.825962], [103.259514, -3.892735], [103.259371, -3.892799], [103.259217, -3.892868], [103.259008, -3.892867], [103.257222, -3.892957], [103.257101, -3.892864], [103.252177, -3.892478], [103.248023, -3.89355], [103.246926, -3.89374], [103.243769, -3.892194], [103.242715, -3.891678], [103.242657, -3.891063], [103.242114, -3.885301], [103.240168, -3.873427], [103.240087, -3.871177], [103.240087, -3.871176], [103.260002, -3.840476], [103.263941, -3.830758], [103.26528, -3.824432], [103.265803, -3.821961], [103.269279, -3.813167], [103.271297, -3.804042], [103.276449, -3.801834], [103.284162, -3.792382], [103.293312, -3.785887], [103.293087, -3.782876], [103.293569, -3.781114], [103.293784, -3.78033], [103.293567, -3.780215], [103.293567, -3.780215], [103.294116, -3.778992], [103.294207, -3.775616], [103.291692, -3.77215], [103.290973, -3.771676], [103.28951, -3.770711], [103.289486, -3.769827], [103.292306, -3.770399], [103.304814, -3.772219], [103.316877, -3.772467], [103.324029, -3.771135], [103.325179, -3.770516], [103.329844, -3.768004], [103.335437, -3.764199], [103.33634, -3.759039], [103.338523, -3.753838], [103.339258, -3.752087], [103.338523, -3.753838], [103.342566, -3.755049], [103.342693, -3.755087]]]}}, {"type": "Feature", "properties": {"iddesa": "1604011012", "kecamatan": "Tanjung Sakti Pumi", "kabupaten": "Lahat"}, "geometry": {"type": "Polygon", "coordinates": [[[103.070681, -4.148993], [103.070534, -4.148788], [103.070273, -4.148349], [103.069831, -4.147606], [103.067036, -4.147289], [103.066316, -4.147502], [103.065516, -4.147553], [103.065446, -4.147549], [103.06461, -4.147498], [103.064051, -4.147255], [103.063897, -4.147226], [103.063331, -4.14712], [103.062505, -4.147091], [103.062256, -4.147124], [103.061919, -4.14717], [103.061412, -4.147169], [103.060906, -4.147194], [103.059786, -4.147084], [103.058583, -4.14681], [103.058695, -4.146573], [103.059261, -4.143871], [103.059237, -4.142961], [103.05892, -4.141435], [103.05847, -4.14047], [103.058231, -4.139988], [103.058072, -4.139425], [103.057999, -4.139322], [103.058185, -4.139166], [103.058389, -4.139065], [103.058521, -4.138999], [103.059568, -4.138476], [103.060536, -4.138201], [103.061503, -4.138204], [103.062332, -4.13779], [103.063478, -4.137733], [103.063849, -4.137468], [103.066074, -4.139962], [103.066516, -4.140575], [103.067124, -4.14091], [103.068039, -4.14211], [103.068227, -4.142358], [103.068559, -4.142692], [103.068564, -4.142701], [103.069165, -4.143694], [103.069385, -4.144361], [103.069521, -4.144913], [103.069549, -4.145029], [103.070158, -4.145364], [103.070489, -4.145587], [103.070598, -4.146421], [103.070597, -4.146866], [103.070595, -4.147422], [103.07065, -4.147866], [103.070703, -4.148923], [103.070681, -4.148993]]]}}, {"type": "Feature", "properties": {"iddesa": "1604061023", "kecamatan": "Pajar Bulan", "kabupaten": "Lahat"}, "geometry": {"type": "Polygon", "coordinates": [[[103.254224, -3.959601], [103.254563, -3.959943], [103.254812, -3.960194], [103.25522, -3.960489], [103.254956, -3.960929], [103.254904, -3.962446], [103.254903, -3.96323], [103.254853, -3.963719], [103.254767, -3.963998], [103.254657, -3.964355], [103.254412, -3.964942], [103.254264, -3.965431], [103.254032, -3.966393], [103.253246, -3.966392], [103.252039, -3.966592], [103.252005, -3.966597], [103.250883, -3.966565], [103.250155, -3.966472], [103.249702, -3.966414], [103.249259, -3.966354], [103.248373, -3.966441], [103.247664, -3.96644], [103.247301, -3.966699], [103.247134, -3.966456], [103.246423, -3.965738], [103.245406, -3.964917], [103.244185, -3.963994], [103.244185, -3.963892], [103.242554, -3.9644], [103.241841, -3.964398], [103.240416, -3.963884], [103.238991, -3.963164], [103.237567, -3.962343], [103.235123, -3.961519], [103.23329, -3.961311], [103.231412, -3.962316], [103.23088, -3.9626], [103.230391, -3.961714], [103.230335, -3.961611], [103.230376, -3.961476], [103.230476, -3.961155], [103.230745, -3.960282], [103.231459, -3.959874], [103.232276, -3.959262], [103.233295, -3.958855], [103.234416, -3.958653], [103.236046, -3.958656], [103.23655, -3.958657], [103.237473, -3.958659], [103.238491, -3.958662], [103.240427, -3.958768], [103.241241, -3.959281], [103.241405, -3.959343], [103.241408, -3.959333], [103.242395, -3.959281], [103.243163, -3.959239], [103.243623, -3.958959], [103.244286, -3.958556], [103.244969, -3.95797], [103.245849, -3.956944], [103.246483, -3.956749], [103.247459, -3.956213], [103.247977, -3.956033], [103.248581, -3.955824], [103.250141, -3.955778], [103.251358, -3.956417], [103.25277, -3.957546], [103.253547, -3.958625], [103.254131, -3.959507], [103.254224, -3.959601]]]}}, {"type": "Feature", "properties": {"iddesa": "1604113018", "kecamatan": "Kikim Selatan", "kabupaten": "Lahat"}, "geometry": {"type": "Polygon", "coordinates": [[[103.180103, -3.743408], [103.179715, -3.743817], [103.179134, -3.74443], [103.178905, -3.744492], [103.177468, -3.743882], [103.176447, -3.743817], [103.175426, -3.744024], [103.173391, -3.746391], [103.171889, -3.748138], [103.171885, -3.748136], [103.171452, -3.747874], [103.171082, -3.748012], [103.170805, -3.747872], [103.170546, -3.747797], [103.170533, -3.747793], [103.17051, -3.747787], [103.169352, -3.746751], [103.168767, -3.74647], [103.167876, -3.746328], [103.167374, -3.746299], [103.1669, -3.746578], [103.166203, -3.746857], [103.16453, -3.747217], [103.163145, -3.7475], [103.163139, -3.747502], [103.163162, -3.748614], [103.15901, -3.748465], [103.158911, -3.743997], [103.158896, -3.743988], [103.157934, -3.74334], [103.157687, -3.74339], [103.157746, -3.743287], [103.157758, -3.743264], [103.157994, -3.742846], [103.157525, -3.740886], [103.156292, -3.737203], [103.157122, -3.735602], [103.158365, -3.734654], [103.159373, -3.733113], [103.159494, -3.731629], [103.160265, -3.730384], [103.161451, -3.728606], [103.161867, -3.727479], [103.161989, -3.725579], [103.162367, -3.725084], [103.163938, -3.726177], [103.165413, -3.727011], [103.166712, -3.727726], [103.167243, -3.728083], [103.168838, -3.72868], [103.170669, -3.729159], [103.171732, -3.72928], [103.173328, -3.729165], [103.174137, -3.729142], [103.174434, -3.730043], [103.175715, -3.729749], [103.177045, -3.729603], [103.17803, -3.729408], [103.179951, -3.729263], [103.180417, -3.729387], [103.180274, -3.730614], [103.179509, -3.731303], [103.179124, -3.732989], [103.179121, -3.734293], [103.179042, -3.73575], [103.179267, -3.737668], [103.178805, -3.739584], [103.178191, -3.740963], [103.178266, -3.741884], [103.178493, -3.742804], [103.179561, -3.743113], [103.18009, -3.743401], [103.180095, -3.743403], [103.180103, -3.743408]]]}}, {"type": "Feature", "properties": {"iddesa": "1604112004", "kecamatan": "Kikim Timur", "kabupaten": "Lahat"}, "geometry": {"type": "Polygon", "coordinates": [[[103.376514, -3.728738], [103.378041, -3.733651], [103.378675, -3.739651], [103.379956, -3.742508], [103.38173, -3.746467], [103.385911, -3.754744], [103.388283, -3.759138], [103.376875, -3.756931], [103.372192, -3.756025], [103.37124, -3.755841], [103.370745, -3.755745], [103.370358, -3.756886], [103.370358, -3.756886], [103.370358, -3.756886], [103.367625, -3.755507], [103.362936, -3.754152], [103.360036, -3.751678], [103.355793, -3.750548], [103.354684, -3.746506], [103.353371, -3.745963], [103.35338, -3.744317], [103.351487, -3.738576], [103.348886, -3.737118], [103.347819, -3.736521], [103.345513, -3.733648], [103.343206, -3.731321], [103.338586, -3.729947], [103.33519, -3.728438], [103.33256, -3.727375], [103.33302, -3.725429], [103.333023, -3.72379], [103.333024, -3.723107], [103.332239, -3.720991], [103.332485, -3.720784], [103.333201, -3.718796], [103.335342, -3.71956], [103.339421, -3.719841], [103.344452, -3.719304], [103.347249, -3.716057], [103.348692, -3.716267], [103.350641, -3.716444], [103.353907, -3.716738], [103.355682, -3.717259], [103.35786, -3.717493], [103.359808, -3.717497], [103.36233, -3.717674], [103.363589, -3.718253], [103.364926, -3.719354], [103.366662, -3.720783], [103.368622, -3.722397], [103.373516, -3.726427], [103.376514, -3.728738]]]}}, {"type": "Feature", "properties": {"iddesa": "1604040008", "kecamatan": "Kota Agung", "kabupaten": "Lahat"}, "geometry": {"type": "Polygon", "coordinates": [[[103.398846, -4.081262], [103.39903, -4.081822], [103.396789, -4.08173], [103.396146, -4.08251], [103.396068, -4.083318], [103.395957, -4.084457], [103.395956, -4.084871], [103.395956, -4.085133], [103.39572, -4.084863], [103.391699, -4.080273], [103.391601, -4.080161], [103.388379, -4.076483], [103.386087, -4.073866], [103.386217, -4.073866], [103.386438, -4.073938], [103.386707, -4.074015], [103.386757, -4.07403], [103.386994, -4.07403], [103.387134, -4.074004], [103.387276, -4.073958], [103.387513, -4.073812], [103.387732, -4.073639], [103.387896, -4.073374], [103.388234, -4.072936], [103.388425, -4.072799], [103.388927, -4.07248], [103.389565, -4.072134], [103.390349, -4.071687], [103.390641, -4.071396], [103.390659, -4.07114], [103.39066, -4.07081], [103.39066, -4.070536], [103.39077, -4.070171], [103.390826, -4.069823], [103.39086, -4.069533], [103.390908, -4.069485], [103.391274, -4.06891], [103.391748, -4.068692], [103.392239, -4.068519], [103.392495, -4.068254], [103.392741, -4.067917], [103.392942, -4.067579], [103.393098, -4.067177], [103.393327, -4.066574], [103.393537, -4.066017], [103.393602, -4.065742], [103.393695, -4.065574], [103.396914, -4.075376], [103.397862, -4.078264], [103.398846, -4.081262]]]}}, {"type": "Feature", "properties": {"iddesa": "1704073008", "kecamatan": "Padang Guci Hulu", "kabupaten": "Kaur"}, "geometry": {"type": "Polygon", "coordinates": [[[103.33076, -4.292871], [103.332495, -4.301099], [103.33466, -4.315006], [103.336805, -4.330897], [103.336597, -4.351391], [103.321966, -4.365126], [103.308665, -4.37755], [103.298009, -4.38901], [103.289653, -4.400823], [103.278327, -4.413266], [103.275295, -4.419845], [103.273198, -4.431392], [103.271794, -4.443902], [103.27149, -4.447241], [103.270968, -4.452983], [103.270354, -4.455645], [103.269712, -4.458429], [103.268575, -4.461541], [103.265642, -4.464653], [103.264266, -4.467406], [103.263608, -4.469261], [103.263495, -4.470727], [103.263488, -4.47073], [103.263028, -4.470899], [103.261995, -4.471299], [103.261195, -4.471932], [103.260062, -4.472932], [103.259063, -4.473999], [103.25763, -4.475065], [103.255364, -4.477098], [103.254031, -4.477398], [103.253053, -4.477709], [103.252564, -4.477864], [103.251465, -4.478597], [103.250065, -4.479164], [103.249165, -4.47953], [103.248545, -4.479907], [103.248537, -4.479923], [103.248529, -4.479939], [103.248526, -4.479931], [103.248461, -4.479722], [103.24839, -4.479597], [103.248328, -4.479433], [103.248308, -4.479191], [103.248124, -4.479007], [103.24794, -4.478875], [103.247624, -4.478586], [103.247308, -4.478322], [103.24694, -4.47848], [103.246705, -4.478627], [103.246519, -4.478743], [103.246334, -4.479112], [103.246071, -4.479375], [103.245966, -4.479612], [103.245808, -4.479875], [103.245624, -4.480086], [103.245124, -4.480244], [103.245128, -4.480255], [103.244875, -4.480117], [103.244597, -4.479733], [103.244306, -4.47923], [103.244121, -4.478635], [103.243909, -4.47796], [103.243698, -4.477484], [103.243579, -4.4771], [103.242901, -4.475701], [103.242651, -4.47526], [103.242577, -4.475129], [103.241682, -4.47355], [103.240463, -4.470252], [103.23946, -4.464946], [103.237524, -4.460286], [103.236434, -4.457624], [103.233161, -4.449478], [103.234673, -4.430985], [103.23689, -4.407873], [103.237546, -4.37648], [103.248066, -4.346182], [103.248586, -4.327678], [103.250007, -4.317446], [103.251724, -4.299591], [103.251634, -4.299587], [103.253218, -4.298828], [103.253254, -4.298795], [103.253785, -4.298046], [103.253943, -4.297823], [103.255261, -4.294799], [103.255604, -4.294285], [103.25595, -4.293544], [103.255953, -4.29354], [103.256499, -4.292944], [103.256629, -4.29275], [103.257028, -4.292662], [103.257809, -4.292432], [103.258121, -4.292421], [103.259697, -4.292073], [103.263273, -4.292594], [103.268229, -4.294393], [103.26871, -4.294337], [103.272248, -4.293149], [103.274976, -4.292471], [103.275145, -4.292424], [103.280143, -4.290751], [103.281452, -4.289817], [103.282226, -4.288897], [103.282227, -4.288895], [103.282359, -4.288539], [103.282526, -4.288086], [103.282526, -4.288082], [103.282535, -4.287826], [103.282538, -4.286686], [103.282317, -4.286205], [103.280575, -4.284192], [103.280232, -4.283625], [103.279975, -4.283305], [103.280198, -4.282719], [103.280216, -4.282583], [103.280389, -4.282114], [103.280516, -4.281771], [103.280602, -4.281659], [103.280848, -4.281014], [103.282715, -4.278403], [103.282985, -4.277833], [103.283304, -4.276575], [103.283469, -4.275794], [103.283868, -4.274348], [103.284524, -4.271758], [103.285353, -4.268868], [103.285445, -4.268277], [103.285581, -4.268073], [103.285646, -4.267846], [103.285801, -4.267743], [103.285872, -4.267637], [103.285873, -4.267636], [103.286368, -4.267367], [103.287564, -4.266572], [103.288134, -4.265975], [103.288167, -4.265608], [103.2883, -4.264148], [103.288331, -4.263165], [103.288334, -4.263051], [103.288238, -4.262854], [103.28729, -4.260947], [103.285736, -4.258383], [103.285515, -4.258018], [103.285239, -4.257564], [103.285017, -4.257198], [103.285007, -4.25718], [103.285171, -4.257181], [103.286088, -4.257267], [103.287566, -4.257675], [103.289081, -4.25795], [103.291192, -4.258118], [103.29259, -4.25777], [103.292687, -4.257755], [103.292755, -4.257729], [103.293575, -4.257525], [103.295796, -4.256715], [103.29753, -4.256175], [103.29986, -4.255257], [103.300672, -4.255095], [103.301012, -4.254786], [103.301666, -4.254574], [103.302352, -4.25461], [103.303922, -4.254613], [103.304896, -4.254615], [103.305067, -4.254525], [103.305112, -4.254536], [103.30684, -4.25536], [103.307705, -4.256003], [103.309436, -4.257838], [103.310619, -4.259443], [103.31121, -4.260498], [103.313115, -4.265676], [103.316251, -4.273886], [103.316486, -4.274504], [103.318119, -4.279132], [103.318119, -4.279132], [103.319983, -4.282433], [103.321348, -4.284405], [103.324033, -4.287937], [103.326674, -4.290873], [103.328451, -4.292159], [103.33064, -4.292851], [103.33076, -4.292871]]]}}, {"type": "Feature", "properties": {"iddesa": "1603011002", "kecamatan": "Semendo Darat Ulu", "kabupaten": "Muara Enim"}, "geometry": {"type": "Polygon", "coordinates": [[[103.522177, -4.225834], [103.522593, -4.225959], [103.550223, -4.238325], [103.558398, -4.241247], [103.537399, -4.248581], [103.512149, -4.257399], [103.504716, -4.318283], [103.501202, -4.347068], [103.501044, -4.347091], [103.500433, -4.361158], [103.494185, -4.361621], [103.478056, -4.358733], [103.468058, -4.353081], [103.468129, -4.352768], [103.468252, -4.352224], [103.468483, -4.350667], [103.468305, -4.348377], [103.4679, -4.345446], [103.467356, -4.343659], [103.466759, -4.342689], [103.465481, -4.340613], [103.463752, -4.337679], [103.461702, -4.335706], [103.458922, -4.333731], [103.457691, -4.333041], [103.456185, -4.332489], [103.454616, -4.332016], [103.460008, -4.320632], [103.459916, -4.320558], [103.465295, -4.304291], [103.469294, -4.279857], [103.497774, -4.233428], [103.51157, -4.224831], [103.517634, -4.224474], [103.522177, -4.225834]]]}}, {"type": "Feature", "properties": {"iddesa": "1604043010", "kecamatan": "Mulak Sebingkai", "kabupaten": "Lahat"}, "geometry": {"type": "Polygon", "coordinates": [[[103.522562, -3.970019], [103.525278, -3.974291], [103.523138, -3.97437], [103.520573, -3.975361], [103.520264, -3.975733], [103.520205, -3.975803], [103.520159, -3.975859], [103.519822, -3.979428], [103.520126, -3.981986], [103.512613, -3.976537], [103.511452, -3.975694], [103.505836, -3.97162], [103.505751, -3.971559], [103.505465, -3.971352], [103.490287, -3.960342], [103.490282, -3.960345], [103.490265, -3.960281], [103.497381, -3.956309], [103.503413, -3.957067], [103.503167, -3.955905], [103.504657, -3.954828], [103.506789, -3.955631], [103.508129, -3.954669], [103.51024, -3.953987], [103.510941, -3.953761], [103.511547, -3.952699], [103.522562, -3.970019]]]}}, {"type": "Feature", "properties": {"iddesa": "1604121005", "kecamatan": "Gumay Talang", "kabupaten": "Lahat"}, "geometry": {"type": "Polygon", "coordinates": [[[103.455166, -3.763287], [103.454832, -3.763518], [103.454369, -3.76344], [103.453907, -3.763207], [103.453728, -3.763052], [103.45378, -3.76269], [103.453893, -3.762449], [103.45392, -3.76239], [103.45396, -3.762304], [103.454021, -3.762197], [103.451959, -3.760674], [103.452088, -3.760442], [103.452139, -3.760235], [103.452231, -3.760185], [103.452422, -3.760081], [103.452705, -3.760159], [103.453039, -3.760392], [103.453295, -3.760779], [103.453551, -3.761244], [103.453653, -3.761477], [103.453627, -3.761683], [103.454038, -3.761916], [103.45432, -3.762356], [103.454403, -3.762361], [103.454466, -3.762365], [103.454731, -3.762382], [103.455296, -3.762564], [103.455347, -3.762848], [103.455166, -3.763287]]]}}, {"type": "Feature", "properties": {"iddesa": "1604041009", "kecamatan": "Mulak Ulu", "kabupaten": "Lahat"}, "geometry": {"type": "Polygon", "coordinates": [[[103.499048, -4.042736], [103.498905, -4.043212], [103.498376, -4.044969], [103.498456, -4.046464], [103.498683, -4.047323], [103.498921, -4.048226], [103.499113, -4.048955], [103.498123, -4.052329], [103.495924, -4.050289], [103.49143, -4.046118], [103.491218, -4.046277], [103.489715, -4.044863], [103.487328, -4.04262], [103.486891, -4.042208], [103.486896, -4.04219], [103.488207, -4.042339], [103.489936, -4.042536], [103.490119, -4.042556], [103.490775, -4.042631], [103.492266, -4.041388], [103.492266, -4.041131], [103.492271, -4.038566], [103.492683, -4.038376], [103.497416, -4.036198], [103.49946, -4.040239], [103.499374, -4.041651], [103.499115, -4.042512], [103.499048, -4.042736]]]}}, {"type": "Feature", "properties": {"iddesa": "1604121006", "kecamatan": "Gumay Talang", "kabupaten": "Lahat"}, "geometry": {"type": "MultiPolygon", "coordinates": [[[[103.459582, -3.74871], [103.457375, -3.760777], [103.457177, -3.760657], [103.45706, -3.760852], [103.456533, -3.76173], [103.456378, -3.761987], [103.453536, -3.766719], [103.453536, -3.76672], [103.453529, -3.766731], [103.452829, -3.767896], [103.452713, -3.767879], [103.451828, -3.768332], [103.450842, -3.770226], [103.407321, -3.887353], [103.406501, -3.886734], [103.404048, -3.886024], [103.401063, -3.888132], [103.395272, -3.891114], [103.391232, -3.894805], [103.386769, -3.895333], [103.39644, -3.834341], [103.39644, -3.834341], [103.421259, -3.832583], [103.445617, -3.768829], [103.448041, -3.762484], [103.450478, -3.762601], [103.450462, -3.762651], [103.449927, -3.76432], [103.449753, -3.764863], [103.450651, -3.765077], [103.45129, -3.762653], [103.452032, -3.759839], [103.452033, -3.759838], [103.452055, -3.759847], [103.453603, -3.760478], [103.453644, -3.760495], [103.457579, -3.738619], [103.445116, -3.737648], [103.44402, -3.728415], [103.44402, -3.728415], [103.463057, -3.72971], [103.459582, -3.74871]], [[103.452705, -3.760159], [103.452422, -3.760081], [103.452231, -3.760185], [103.452139, -3.760235], [103.452088, -3.760442], [103.451959, -3.760674], [103.454021, -3.762197], [103.45396, -3.762304], [103.45392, -3.76239], [103.453893, -3.762449], [103.45378, -3.76269], [103.453728, -3.763052], [103.453907, -3.763207], [103.454369, -3.76344], [103.454832, -3.763518], [103.455166, -3.763287], [103.455347, -3.762848], [103.455296, -3.762564], [103.454731, -3.762382], [103.454466, -3.762365], [103.454403, -3.762361], [103.45432, -3.762356], [103.454038, -3.761916], [103.453627, -3.761683], [103.453653, -3.761477], [103.453551, -3.761244], [103.453295, -3.760779], [103.453039, -3.760392], [103.452705, -3.760159]]], [[[103.513652, -3.80608], [103.512443, -3.806311], [103.511234, -3.806262], [103.511151, -3.806232], [103.511443, -3.80554], [103.51224, -3.804129], [103.512697, -3.804021], [103.514747, -3.803538], [103.515144, -3.803444], [103.515212, -3.804416], [103.514864, -3.804895], [103.514816, -3.804961], [103.513652, -3.80608]]]]}}, {"type": "Feature", "properties": {"iddesa": "1611010015", "kecamatan": "Muara Pinang", "kabupaten": "Empat Lawang"}, "geometry": {"type": "Polygon", "coordinates": [[[103.146892, -3.841727], [103.146836, -3.841745], [103.144839, -3.842419], [103.143102, -3.843005], [103.137282, -3.844968], [103.136793, -3.845133], [103.131363, -3.846964], [103.118528, -3.851293], [103.082954, -3.863291], [103.08291, -3.863306], [103.082458, -3.863458], [103.078478, -3.864856], [103.076935, -3.865398], [103.076359, -3.865601], [103.076003, -3.865747], [103.050707, -3.876131], [103.050641, -3.876026], [103.050169, -3.875278], [103.049592, -3.87436], [103.049608, -3.874351], [103.049608, -3.874351], [103.049608, -3.874351], [103.063982, -3.865689], [103.071057, -3.861426], [103.071838, -3.860956], [103.07221, -3.860732], [103.07758, -3.85853], [103.078566, -3.858126], [103.12304, -3.839896], [103.124135, -3.839447], [103.138047, -3.833744], [103.140842, -3.835401], [103.145058, -3.8379], [103.14506, -3.837901], [103.14512, -3.838027], [103.145122, -3.838031], [103.145122, -3.838031], [103.145449, -3.838713], [103.145511, -3.838843], [103.145543, -3.83891], [103.145582, -3.83899], [103.146892, -3.841727], [103.146892, -3.841727]]]}}, {"type": "Feature", "properties": {"iddesa": "1604040018", "kecamatan": "Kota Agung", "kabupaten": "Lahat"}, "geometry": {"type": "Polygon", "coordinates": [[[103.457957, -4.066066], [103.457948, -4.066285], [103.458803, -4.067302], [103.48611, -4.101141], [103.484869, -4.103622], [103.481706, -4.109942], [103.478805, -4.110141], [103.478944, -4.110295], [103.478753, -4.110233], [103.470057, -4.10047], [103.468172, -4.099605], [103.467229, -4.099811], [103.466901, -4.09974], [103.467079, -4.09963], [103.464132, -4.096111], [103.446882, -4.075512], [103.448492, -4.073634], [103.445288, -4.069507], [103.445229, -4.068572], [103.445168, -4.067627], [103.444855, -4.062698], [103.444789, -4.062585], [103.446377, -4.062697], [103.446377, -4.062697], [103.44638, -4.06263], [103.449253, -4.058644], [103.451563, -4.060614], [103.453172, -4.061986], [103.457957, -4.066066]]]}}, {"type": "Feature", "properties": {"iddesa": "1611010016", "kecamatan": "Muara Pinang", "kabupaten": "Empat Lawang"}, "geometry": {"type": "Polygon", "coordinates": [[[103.138047, -3.833744], [103.124135, -3.839447], [103.12304, -3.839896], [103.078566, -3.858126], [103.07758, -3.85853], [103.07221, -3.860732], [103.071838, -3.860956], [103.071057, -3.861426], [103.063982, -3.865689], [103.049608, -3.874351], [103.048129, -3.871844], [103.060719, -3.861191], [103.063632, -3.858727], [103.065734, -3.856948], [103.069792, -3.854786], [103.071197, -3.854037], [103.092029, -3.84294], [103.134789, -3.822874], [103.134317, -3.823595], [103.133584, -3.827363], [103.133584, -3.827363], [103.133551, -3.827532], [103.133501, -3.82779], [103.132426, -3.829403], [103.132425, -3.829404], [103.131884, -3.830216], [103.132167, -3.832021], [103.132173, -3.832057], [103.135174, -3.832739], [103.137081, -3.833172], [103.138047, -3.833744]]]}}, {"type": "Feature", "properties": {"iddesa": "1604112002", "kecamatan": "Kikim Timur", "kabupaten": "Lahat"}, "geometry": {"type": "Polygon", "coordinates": [[[103.353371, -3.745963], [103.351825, -3.745324], [103.349773, -3.744476], [103.344033, -3.745991], [103.342173, -3.746482], [103.339263, -3.74917], [103.339262, -3.749693], [103.339092, -3.74989], [103.33569, -3.751386], [103.331475, -3.751651], [103.326852, -3.751642], [103.320058, -3.74917], [103.311634, -3.74574], [103.307015, -3.744092], [103.300902, -3.741075], [103.295601, -3.740108], [103.295584, -3.740092], [103.293701, -3.738192], [103.293065, -3.737743], [103.290986, -3.736275], [103.290853, -3.734772], [103.290485, -3.733563], [103.290583, -3.733542], [103.29358, -3.730543], [103.293901, -3.730421], [103.296437, -3.729456], [103.298048, -3.72919], [103.299702, -3.728916], [103.306364, -3.729066], [103.309621, -3.731804], [103.310302, -3.731668], [103.315057, -3.733453], [103.325389, -3.734019], [103.328382, -3.733069], [103.331379, -3.730343], [103.332472, -3.72775], [103.33256, -3.727375], [103.33519, -3.728438], [103.338586, -3.729947], [103.343206, -3.731321], [103.345513, -3.733648], [103.347819, -3.736521], [103.348886, -3.737118], [103.351487, -3.738576], [103.35338, -3.744317], [103.353371, -3.745963]]]}}, {"type": "Feature", "properties": {"iddesa": "1604061025", "kecamatan": "Pajar Bulan", "kabupaten": "Lahat"}, "geometry": {"type": "Polygon", "coordinates": [[[103.239877, -3.890325], [103.242657, -3.891063], [103.242715, -3.891678], [103.243769, -3.892194], [103.246926, -3.89374], [103.248023, -3.89355], [103.252067, -3.892853], [103.248023, -3.893551], [103.24789, -3.897089], [103.248391, -3.901387], [103.248688, -3.905378], [103.248582, -3.907629], [103.249697, -3.910189], [103.250811, -3.913261], [103.250292, -3.917966], [103.250997, -3.921549], [103.25262, -3.925235], [103.254142, -3.928103], [103.255766, -3.931074], [103.255758, -3.934552], [103.255752, -3.937724], [103.254577, -3.93968], [103.25471, -3.940028], [103.255377, -3.941773], [103.255532, -3.942179], [103.256064, -3.944188], [103.255962, -3.946048], [103.25596, -3.94672], [103.25596, -3.94737], [103.256203, -3.947664], [103.256329, -3.947832], [103.25698, -3.948694], [103.257271, -3.949526], [103.257708, -3.950409], [103.257754, -3.951633], [103.257019, -3.953492], [103.256969, -3.95403], [103.256878, -3.955194], [103.256869, -3.955303], [103.256185, -3.956329], [103.255597, -3.957356], [103.25533, -3.957681], [103.254913, -3.958187], [103.254668, -3.958676], [103.254224, -3.959601], [103.254131, -3.959507], [103.253547, -3.958625], [103.25277, -3.957546], [103.251358, -3.956417], [103.250141, -3.955778], [103.248581, -3.955824], [103.247977, -3.956033], [103.247413, -3.954956], [103.246566, -3.954102], [103.245631, -3.953158], [103.243645, -3.951482], [103.240728, -3.950654], [103.240956, -3.949106], [103.241565, -3.947943], [103.241606, -3.947865], [103.242122, -3.946881], [103.24236, -3.946427], [103.24303, -3.945375], [103.243827, -3.944323], [103.24491, -3.943208], [103.245137, -3.941006], [103.244693, -3.940366], [103.244441, -3.939504], [103.24471, -3.939081], [103.243935, -3.938354], [103.243207, -3.936692], [103.243116, -3.934361], [103.24277, -3.932924], [103.241665, -3.931482], [103.243848, -3.930537], [103.244055, -3.928798], [103.243349, -3.925727], [103.241114, -3.922755], [103.240214, -3.914569], [103.24165, -3.909763], [103.242059, -3.908945], [103.241767, -3.902397], [103.240348, -3.89912], [103.23903, -3.896252], [103.239935, -3.891004], [103.239877, -3.890325], [103.239876, -3.890325], [103.239877, -3.890325]]]}}, {"type": "Feature", "properties": {"iddesa": "1604041020", "kecamatan": "Mulak Ulu", "kabupaten": "Lahat"}, "geometry": {"type": "Polygon", "coordinates": [[[103.505875, -4.050658], [103.505396, -4.050102], [103.499048, -4.042736], [103.499115, -4.042512], [103.499374, -4.041651], [103.49946, -4.040239], [103.497416, -4.036198], [103.497672, -4.03608], [103.498552, -4.035675], [103.49541, -4.026749], [103.496577, -4.024391], [103.503197, -4.011018], [103.503242, -4.010874], [103.503066, -4.010763], [103.503234, -4.010694], [103.502594, -4.003154], [103.505498, -4.0023], [103.516303, -3.999124], [103.51146, -4.041208], [103.510879, -4.046252], [103.510604, -4.048644], [103.508041, -4.048723], [103.505875, -4.050658]]]}}, {"type": "Feature", "properties": {"iddesa": "1603012001", "kecamatan": "Semendo Darat Tengah", "kabupaten": "Muara Enim"}, "geometry": {"type": "Polygon", "coordinates": [[[103.530208, -4.111563], [103.529967, -4.112811], [103.532099, -4.160209], [103.532389, -4.166682], [103.533827, -4.169761], [103.535472, -4.172501], [103.537261, -4.17452], [103.5398, -4.175352], [103.536568, -4.176183], [103.532952, -4.178675], [103.524921, -4.183162], [103.518721, -4.185311], [103.516116, -4.186192], [103.515755, -4.188173], [103.515747, -4.188171], [103.511981, -4.187253], [103.511745, -4.187196], [103.508085, -4.187688], [103.499406, -4.189333], [103.492675, -4.137402], [103.49546, -4.128606], [103.496056, -4.129267], [103.496101, -4.129213], [103.499224, -4.126553], [103.499461, -4.123308], [103.505704, -4.118335], [103.50545, -4.115994], [103.505364, -4.115204], [103.506173, -4.11451], [103.508375, -4.109877], [103.51057, -4.10907], [103.51113, -4.108561], [103.512394, -4.107411], [103.514296, -4.10867], [103.515244, -4.109297], [103.518605, -4.110916], [103.524262, -4.111847], [103.526097, -4.111697], [103.530208, -4.111563]]]}}, {"type": "Feature", "properties": {"iddesa": "1604011009", "kecamatan": "Tanjung Sakti Pumi", "kabupaten": "Lahat"}, "geometry": {"type": "Polygon", "coordinates": [[[103.070823, -4.158015], [103.070771, -4.157991], [103.070742, -4.157977], [103.070636, -4.157843], [103.070529, -4.157816], [103.070316, -4.157602], [103.07013, -4.157575], [103.07009, -4.157558], [103.069997, -4.157521], [103.069704, -4.157226], [103.069545, -4.157065], [103.069412, -4.156904], [103.069626, -4.156396], [103.069467, -4.156235], [103.069441, -4.155673], [103.069469, -4.155485], [103.069416, -4.155164], [103.069417, -4.154985], [103.070023, -4.154847], [103.071846, -4.15443], [103.07185, -4.154429], [103.085273, -4.151359], [103.091914, -4.14877], [103.094531, -4.149577], [103.098377, -4.148921], [103.099307, -4.148124], [103.102096, -4.146533], [103.103954, -4.145473], [103.10568, -4.144545], [103.106875, -4.143616], [103.107142, -4.143217], [103.109529, -4.142691], [103.113246, -4.140969], [103.114441, -4.140306], [103.115899, -4.14031], [103.117093, -4.140046], [103.117152, -4.140039], [103.117384, -4.1416], [103.117287, -4.142922], [103.116248, -4.144808], [103.115304, -4.146034], [103.114832, -4.146788], [103.114706, -4.146945], [103.110747, -4.148044], [103.073457, -4.157357], [103.070823, -4.158015]]]}}, {"type": "Feature", "properties": {"iddesa": "1604112003", "kecamatan": "Kikim Timur", "kabupaten": "Lahat"}, "geometry": {"type": "Polygon", "coordinates": [[[103.321214, -3.713331], [103.321887, -3.716939], [103.324732, -3.722271], [103.326906, -3.722958], [103.329897, -3.722964], [103.332239, -3.720991], [103.333024, -3.723107], [103.333023, -3.72379], [103.33302, -3.725429], [103.33256, -3.727375], [103.332472, -3.72775], [103.331379, -3.730343], [103.328382, -3.733069], [103.325389, -3.734019], [103.315057, -3.733453], [103.310302, -3.731668], [103.309621, -3.731804], [103.306364, -3.729066], [103.299702, -3.728916], [103.298048, -3.72919], [103.296437, -3.729456], [103.293901, -3.730421], [103.29358, -3.730543], [103.290583, -3.733542], [103.290485, -3.733563], [103.284734, -3.73476], [103.277534, -3.731605], [103.277085, -3.731466], [103.280636, -3.727913], [103.28505, -3.723496], [103.288616, -3.719927], [103.291722, -3.715488], [103.293826, -3.712181], [103.295791, -3.712245], [103.29851, -3.71225], [103.303129, -3.714308], [103.307343, -3.715257], [103.309244, -3.715685], [103.314004, -3.715285], [103.319308, -3.714475], [103.321214, -3.713331]]]}}, {"type": "Feature", "properties": {"iddesa": "1604012009", "kecamatan": "Tanjung Sakti Pumu", "kabupaten": "Lahat"}, "geometry": {"type": "Polygon", "coordinates": [[[103.066543, -4.110062], [103.056656, -4.111056], [103.056543, -4.111075], [103.051392, -4.111975], [103.051108, -4.11205], [103.050749, -4.112049], [103.050541, -4.112086], [103.050446, -4.112143], [103.050427, -4.1122], [103.05018, -4.112314], [103.05001, -4.112351], [103.049745, -4.112465], [103.04948, -4.112502], [103.049347, -4.112654], [103.048854, -4.113014], [103.048474, -4.113526], [103.048095, -4.113829], [103.047848, -4.11398], [103.047716, -4.114094], [103.047583, -4.11417], [103.047109, -4.114396], [103.046977, -4.114491], [103.046787, -4.114681], [103.046616, -4.114794], [103.046464, -4.115288], [103.046312, -4.115516], [103.046197, -4.115953], [103.046064, -4.116161], [103.04595, -4.116446], [103.045911, -4.116485], [103.045836, -4.11656], [103.045628, -4.116635], [103.045457, -4.116711], [103.045268, -4.116824], [103.045059, -4.117014], [103.044851, -4.117051], [103.044756, -4.117203], [103.044642, -4.117374], [103.044471, -4.117602], [103.044395, -4.117773], [103.044302, -4.117865], [103.0443, -4.117867], [103.044186, -4.118076], [103.043958, -4.118133], [103.043769, -4.118227], [103.043523, -4.118207], [103.043466, -4.118131], [103.043391, -4.118093], [103.043371, -4.11809], [103.043277, -4.118074], [103.043164, -4.118036], [103.043088, -4.117997], [103.042937, -4.117921], [103.042861, -4.117883], [103.042767, -4.117845], [103.042653, -4.117787], [103.042578, -4.117749], [103.042521, -4.11773], [103.0416, -4.117181], [103.041495, -4.113855], [103.041448, -4.112382], [103.04111, -4.101694], [103.047389, -4.095014], [103.057618, -4.08413], [103.058094, -4.083299], [103.058096, -4.082704], [103.058097, -4.082109], [103.058218, -4.081039], [103.058338, -4.080326], [103.058814, -4.079375], [103.05929, -4.078663], [103.059822, -4.078042], [103.060003, -4.077832], [103.060478, -4.077238], [103.061547, -4.076051], [103.063326, -4.074985], [103.063922, -4.073678], [103.065583, -4.072611], [103.06831, -4.071547], [103.069022, -4.070835], [103.069855, -4.069291], [103.072463, -4.068583], [103.073057, -4.067752], [103.073889, -4.066684], [103.074956, -4.066329], [103.076615, -4.065858], [103.077801, -4.065147], [103.079107, -4.064198], [103.0816, -4.061944], [103.082549, -4.061114], [103.083383, -4.059212], [103.084452, -4.058025], [103.08723, -4.05588], [103.087232, -4.055879], [103.086973, -4.056716], [103.087383, -4.058659], [103.087349, -4.06303], [103.087782, -4.065178], [103.087119, -4.066254], [103.086453, -4.067197], [103.086174, -4.068253], [103.085951, -4.068919], [103.086527, -4.070029], [103.087164, -4.071034], [103.08721, -4.07336], [103.087206, -4.075301], [103.086762, -4.076981], [103.08626, -4.078703], [103.085812, -4.080429], [103.085939, -4.085006], [103.085935, -4.086948], [103.085105, -4.08764], [103.085655, -4.088473], [103.086064, -4.090832], [103.086336, -4.092497], [103.086471, -4.093745], [103.086467, -4.095687], [103.085994, -4.097322], [103.084995, -4.09871], [103.083555, -4.100395], [103.083551, -4.100466], [103.082719, -4.101317], [103.082052, -4.102316], [103.080924, -4.103024], [103.078712, -4.104267], [103.078435, -4.104266], [103.078159, -4.104127], [103.077607, -4.104126], [103.077329, -4.104957], [103.076083, -4.105925], [103.075531, -4.106062], [103.074011, -4.106059], [103.072905, -4.106611], [103.071935, -4.107718], [103.071187, -4.10857], [103.070633, -4.109125], [103.067787, -4.109788], [103.066544, -4.109785], [103.066543, -4.110062]]]}}, {"type": "Feature", "properties": {"iddesa": "1604120034", "kecamatan": "Lahat", "kabupaten": "Lahat"}, "geometry": {"type": "Polygon", "coordinates": [[[103.530121, -3.788072], [103.530243, -3.788351], [103.53024, -3.788458], [103.530212, -3.789532], [103.530166, -3.791318], [103.530138, -3.792367], [103.530666, -3.792387], [103.531988, -3.792435], [103.532412, -3.79245], [103.532599, -3.792688], [103.532677, -3.792788], [103.532608, -3.792825], [103.532607, -3.792903], [103.532626, -3.793179], [103.532763, -3.793337], [103.532744, -3.793415], [103.532717, -3.793507], [103.532704, -3.793553], [103.532841, -3.793711], [103.532704, -3.793908], [103.532488, -3.794006], [103.532146, -3.794331], [103.532095, -3.794379], [103.532545, -3.794774], [103.532329, -3.79497], [103.532318, -3.794976], [103.531996, -3.795166], [103.531525, -3.795284], [103.531055, -3.795421], [103.530192, -3.795459], [103.530213, -3.795569], [103.530004, -3.795595], [103.529913, -3.795536], [103.529731, -3.795544], [103.529581, -3.795544], [103.529515, -3.795469], [103.529424, -3.795435], [103.529341, -3.795435], [103.529233, -3.795443], [103.529183, -3.795368], [103.529117, -3.795277], [103.529018, -3.795276], [103.528993, -3.795385], [103.528918, -3.795401], [103.528818, -3.795426], [103.52881, -3.795493], [103.528818, -3.795576], [103.528859, -3.795634], [103.528893, -3.795651], [103.528901, -3.795701], [103.528934, -3.795735], [103.528942, -3.795785], [103.528967, -3.795843], [103.529008, -3.79591], [103.529016, -3.795943], [103.528843, -3.796033], [103.528719, -3.796033], [103.528439, -3.796053], [103.528314, -3.796043], [103.528169, -3.79598], [103.528076, -3.795969], [103.527887, -3.795969], [103.527879, -3.795969], [103.527744, -3.795854], [103.527423, -3.795916], [103.527288, -3.795968], [103.527143, -3.795968], [103.527071, -3.795832], [103.527081, -3.795728], [103.526967, -3.795645], [103.52677, -3.795582], [103.526615, -3.795571], [103.526521, -3.795561], [103.5264, -3.795601], [103.526366, -3.795612], [103.52619, -3.795654], [103.526023, -3.795768], [103.52593, -3.79581], [103.525826, -3.795851], [103.525691, -3.795965], [103.525567, -3.796028], [103.525494, -3.796028], [103.525453, -3.795934], [103.525329, -3.795829], [103.525277, -3.795788], [103.525256, -3.795725], [103.524848, -3.79546], [103.524693, -3.795356], [103.524486, -3.795368], [103.524356, -3.795251], [103.524256, -3.795137], [103.524253, -3.795134], [103.524111, -3.79499], [103.523916, -3.794873], [103.523774, -3.794872], [103.523592, -3.794885], [103.523424, -3.79495], [103.523281, -3.794989], [103.523112, -3.795054], [103.523035, -3.795158], [103.522982, -3.795444], [103.52284, -3.795496], [103.522758, -3.795496], [103.522736, -3.795496], [103.522658, -3.795482], [103.522567, -3.795469], [103.521764, -3.794825], [103.520813, -3.794051], [103.520045, -3.793602], [103.518993, -3.792949], [103.517151, -3.79201], [103.514764, -3.790928], [103.513327, -3.790539], [103.510838, -3.789375], [103.509643, -3.789292], [103.508185, -3.789208], [103.506687, -3.788758], [103.505377, -3.788791], [103.49794, -3.769096], [103.497964, -3.768746], [103.49792, -3.767626], [103.497918, -3.767571], [103.497875, -3.766225], [103.497862, -3.765763], [103.500802, -3.767842], [103.50179, -3.768092], [103.50268, -3.768044], [103.503817, -3.768295], [103.505003, -3.768396], [103.506585, -3.768597], [103.507573, -3.769145], [103.508411, -3.770388], [103.509399, -3.770986], [103.510534, -3.771683], [103.512114, -3.773126], [103.513496, -3.774469], [103.514038, -3.775861], [103.514183, -3.777252], [103.515119, -3.779736], [103.516006, -3.781426], [103.517092, -3.782471], [103.517519, -3.78369], [103.517928, -3.784856], [103.518074, -3.786396], [103.518169, -3.788383], [103.518176, -3.788397], [103.519007, -3.790123], [103.520735, -3.791019], [103.522713, -3.791321], [103.523408, -3.79147], [103.523603, -3.791512], [103.524343, -3.791671], [103.526103, -3.791415], [103.526205, -3.790968], [103.526215, -3.79091], [103.526309, -3.790331], [103.526521, -3.789029], [103.526553, -3.788833], [103.526837, -3.788833], [103.527505, -3.788936], [103.527789, -3.788652], [103.528052, -3.78853], [103.52866, -3.78847], [103.529166, -3.788329], [103.529511, -3.788289], [103.529774, -3.788208], [103.530121, -3.788072]]]}}, {"type": "Feature", "properties": {"iddesa": "1604060007", "kecamatan": "Jarai", "kabupaten": "Lahat"}, "geometry": {"type": "MultiPolygon", "coordinates": [[[[103.210793, -3.955707], [103.210842, -3.955781], [103.211097, -3.956163], [103.211074, -3.956209], [103.211826, -3.958203], [103.212012, -3.958697], [103.212016, -3.958707], [103.21089, -3.961136], [103.210163, -3.962044], [103.20915, -3.963311], [103.207481, -3.965396], [103.207473, -3.965406], [103.207377, -3.965395], [103.204649, -3.965085], [103.204391, -3.965389], [103.202931, -3.967111], [103.202896, -3.967152], [103.202181, -3.968776], [103.20197, -3.969257], [103.201816, -3.969606], [103.201674, -3.969928], [103.19892, -3.965717], [103.19792, -3.964188], [103.197824, -3.964041], [103.197613, -3.963719], [103.197878, -3.963563], [103.198, -3.963491], [103.19818, -3.963385], [103.198234, -3.963353], [103.1998, -3.961242], [103.20538, -3.958482], [103.210322, -3.956038], [103.210842, -3.955781], [103.210793, -3.955707]]], [[[103.210744, -3.955633], [103.210793, -3.955707], [103.210744, -3.955633], [103.210744, -3.955633]]]]}}, {"type": "Feature", "properties": {"iddesa": "1604011016", "kecamatan": "Tanjung Sakti Pumi", "kabupaten": "Lahat"}, "geometry": {"type": "Polygon", "coordinates": [[[103.156382, -4.111726], [103.155208, -4.112978], [103.150823, -4.116962], [103.150027, -4.117359], [103.149361, -4.118423], [103.145379, -4.120544], [103.143255, -4.12187], [103.140996, -4.123995], [103.136751, -4.124916], [103.135425, -4.124913], [103.133701, -4.124909], [103.131577, -4.126236], [103.129582, -4.129027], [103.129313, -4.13049], [103.127588, -4.131152], [103.124668, -4.132343], [103.121351, -4.1334], [103.119628, -4.133396], [103.116048, -4.133521], [103.112998, -4.133647], [103.111005, -4.135372], [103.106888, -4.138291], [103.102908, -4.13948], [103.100653, -4.139874], [103.098133, -4.1404], [103.095877, -4.141327], [103.094416, -4.142122], [103.092821, -4.143716], [103.087512, -4.146099], [103.086186, -4.146362], [103.083931, -4.146623], [103.082472, -4.147152], [103.080577, -4.146766], [103.076727, -4.148556], [103.074453, -4.149614], [103.073986, -4.149735], [103.073721, -4.149857], [103.073477, -4.149938], [103.073437, -4.149999], [103.073335, -4.149999], [103.072928, -4.150038], [103.072551, -4.150038], [103.072542, -4.150038], [103.072299, -4.149996], [103.071974, -4.149955], [103.07171, -4.149729], [103.071548, -4.149688], [103.071385, -4.149565], [103.071021, -4.149116], [103.070973, -4.149111], [103.070818, -4.149095], [103.070696, -4.149013], [103.070681, -4.148993], [103.070703, -4.148923], [103.07065, -4.147866], [103.070595, -4.147422], [103.070597, -4.146866], [103.070598, -4.146421], [103.070489, -4.145587], [103.070158, -4.145364], [103.069549, -4.145029], [103.069521, -4.144913], [103.069385, -4.144361], [103.069165, -4.143694], [103.068564, -4.142701], [103.068559, -4.142692], [103.068227, -4.142358], [103.068039, -4.14211], [103.067124, -4.14091], [103.066516, -4.140575], [103.066074, -4.139962], [103.063849, -4.137468], [103.064254, -4.137179], [103.064393, -4.137132], [103.064421, -4.136957], [103.064407, -4.136547], [103.064424, -4.135456], [103.064413, -4.134189], [103.064829, -4.133358], [103.064837, -4.133288], [103.064986, -4.132011], [103.064933, -4.131122], [103.065324, -4.129678], [103.06567, -4.128506], [103.066271, -4.127457], [103.06655, -4.126234], [103.067806, -4.123778], [103.06971, -4.124408], [103.070152, -4.124909], [103.07015, -4.125687], [103.070147, -4.126688], [103.070146, -4.127466], [103.070254, -4.1283], [103.070529, -4.129134], [103.070913, -4.130636], [103.071132, -4.131693], [103.07113, -4.132527], [103.071238, -4.133583], [103.071324, -4.133976], [103.071676, -4.135585], [103.071895, -4.136753], [103.072169, -4.137587], [103.072612, -4.137755], [103.073553, -4.137757], [103.073607, -4.138146], [103.07416, -4.138315], [103.074806, -4.138335], [103.076098, -4.138375], [103.07726, -4.138433], [103.078644, -4.138548], [103.080139, -4.138496], [103.082132, -4.138334], [103.082443, -4.138335], [103.083323, -4.13798], [103.084901, -4.137069], [103.08676, -4.135913], [103.090861, -4.134622], [103.091001, -4.134587], [103.092402, -4.134591], [103.093488, -4.134382], [103.09374, -4.134206], [103.09454, -4.133646], [103.095558, -4.132734], [103.096399, -4.132385], [103.097206, -4.132105], [103.097486, -4.131965], [103.097942, -4.131896], [103.098222, -4.131897], [103.098362, -4.131897], [103.098502, -4.131792], [103.099237, -4.131934], [103.099517, -4.131935], [103.100253, -4.131831], [103.100464, -4.131551], [103.10155, -4.131272], [103.103021, -4.13124], [103.104002, -4.130996], [103.105915, -4.129266], [103.107146, -4.128152], [103.110227, -4.127916], [103.111687, -4.127387], [103.113013, -4.12739], [103.115424, -4.125848], [103.116332, -4.125268], [103.117661, -4.124073], [103.118593, -4.122344], [103.119789, -4.121149], [103.120585, -4.120885], [103.121712, -4.120887], [103.123767, -4.120892], [103.125227, -4.120496], [103.126819, -4.119834], [103.128278, -4.119438], [103.129873, -4.117978], [103.130539, -4.116382], [103.131738, -4.113988], [103.132137, -4.113457], [103.133333, -4.112395], [103.134396, -4.111199], [103.134624, -4.110699], [103.136253, -4.110937], [103.138905, -4.11081], [103.14116, -4.110283], [103.142356, -4.109088], [103.143419, -4.107892], [103.143951, -4.107361], [103.147405, -4.104307], [103.151143, -4.1019], [103.151623, -4.102846], [103.151643, -4.102914], [103.151686, -4.10297], [103.152367, -4.104312], [103.152758, -4.105324], [103.152743, -4.105413], [103.152884, -4.10565], [103.153155, -4.106353], [103.153153, -4.107078], [103.153979, -4.10819], [103.154391, -4.109578], [103.156182, -4.111523], [103.156382, -4.111726]]]}}, {"type": "Feature", "properties": {"iddesa": "1604112006", "kecamatan": "Kikim Timur", "kabupaten": "Lahat"}, "geometry": {"type": "Polygon", "coordinates": [[[103.415955, -3.708771], [103.423096, -3.711224], [103.429978, -3.714514], [103.43342, -3.715249], [103.436675, -3.719806], [103.441922, -3.721162], [103.431085, -3.726417], [103.42135, -3.726399], [103.419683, -3.726987], [103.413823, -3.729053], [103.409157, -3.729471], [103.405219, -3.724249], [103.402437, -3.720562], [103.401309, -3.719911], [103.397783, -3.719905], [103.394692, -3.719899], [103.394045, -3.719898], [103.391837, -3.720263], [103.39052, -3.720481], [103.39017, -3.720539], [103.382582, -3.721822], [103.379034, -3.72346], [103.378872, -3.720518], [103.379202, -3.716465], [103.379267, -3.71474], [103.379372, -3.711926], [103.379581, -3.709564], [103.379701, -3.708197], [103.380189, -3.706576], [103.380284, -3.706538], [103.380768, -3.706345], [103.380996, -3.706253], [103.384063, -3.706259], [103.385, -3.706137], [103.386604, -3.705928], [103.390198, -3.70546], [103.397623, -3.704987], [103.405343, -3.706276], [103.41404, -3.708113], [103.415955, -3.708771]]]}}, {"type": "Feature", "properties": {"iddesa": "1604011006", "kecamatan": "Tanjung Sakti Pumi", "kabupaten": "Lahat"}, "geometry": {"type": "Polygon", "coordinates": [[[103.062869, -4.159623], [103.06449, -4.159958], [103.06533, -4.160439], [103.065424, -4.160493], [103.066078, -4.16087], [103.066481, -4.161731], [103.066776, -4.162233], [103.067048, -4.162963], [103.066836, -4.162984], [103.066618, -4.16303], [103.066431, -4.163139], [103.066337, -4.163155], [103.066337, -4.163183], [103.066337, -4.163186], [103.066337, -4.163195], [103.066337, -4.163198], [103.066337, -4.163202], [103.066306, -4.16328], [103.066228, -4.163327], [103.066212, -4.163327], [103.066212, -4.163452], [103.066196, -4.163561], [103.06618, -4.163702], [103.06618, -4.163827], [103.066164, -4.163952], [103.066132, -4.16403], [103.066101, -4.164077], [103.066054, -4.164234], [103.06596, -4.16428], [103.065836, -4.164296], [103.065695, -4.16428], [103.065571, -4.164279], [103.065508, -4.164295], [103.065383, -4.164404], [103.065383, -4.164435], [103.06529, -4.164482], [103.06518, -4.16456], [103.065102, -4.164622], [103.065102, -4.164638], [103.065011, -4.16476], [103.065009, -4.164763], [103.064883, -4.164997], [103.064883, -4.165185], [103.064882, -4.165467], [103.064866, -4.165717], [103.064897, -4.165889], [103.065145, -4.166234], [103.0652, -4.166274], [103.065379, -4.166407], [103.065503, -4.166423], [103.065659, -4.166486], [103.065799, -4.16658], [103.066157, -4.166753], [103.066406, -4.166894], [103.066561, -4.167114], [103.066732, -4.167224], [103.066857, -4.167302], [103.067012, -4.16749], [103.067063, -4.167549], [103.066527, -4.167831], [103.06566, -4.168007], [103.065193, -4.16814], [103.064349, -4.168249], [103.063549, -4.168225], [103.062765, -4.168219], [103.062457, -4.168343], [103.061482, -4.168735], [103.060247, -4.16883], [103.059239, -4.169023], [103.057712, -4.169052], [103.055275, -4.169013], [103.052189, -4.168288], [103.050077, -4.168511], [103.047281, -4.168928], [103.044552, -4.168889], [103.042342, -4.168916], [103.038115, -4.169786], [103.035351, -4.170595], [103.033364, -4.172515], [103.033309, -4.17302], [103.032412, -4.172526], [103.032113, -4.172358], [103.030539, -4.171131], [103.030102, -4.17076], [103.02918, -4.169837], [103.029175, -4.169762], [103.029251, -4.169843], [103.029362, -4.16996], [103.029435, -4.170024], [103.030189, -4.16991], [103.031901, -4.170032], [103.032098, -4.169876], [103.033076, -4.169098], [103.034065, -4.167977], [103.034226, -4.167469], [103.035081, -4.166561], [103.035615, -4.166401], [103.03719, -4.165629], [103.038229, -4.165632], [103.038399, -4.165661], [103.038633, -4.165661], [103.03935, -4.165663], [103.040134, -4.165403], [103.040852, -4.165143], [103.041266, -4.164901], [103.041635, -4.164687], [103.042589, -4.164211], [103.04268, -4.164165], [103.043332, -4.164232], [103.04444, -4.164432], [103.046071, -4.164501], [103.047032, -4.164504], [103.04731, -4.164504], [103.048028, -4.164371], [103.048354, -4.16431], [103.049593, -4.164444], [103.050765, -4.164971], [103.051875, -4.164712], [103.052723, -4.164256], [103.053514, -4.163588], [103.053573, -4.163538], [103.05404, -4.163133], [103.054253, -4.162949], [103.054635, -4.162876], [103.056311, -4.16187], [103.057257, -4.161302], [103.0598, -4.159869], [103.059959, -4.159855], [103.060988, -4.159767], [103.062808, -4.15961], [103.062869, -4.159623]]]}}, {"type": "Feature", "properties": {"iddesa": "1604040005", "kecamatan": "Kota Agung", "kabupaten": "Lahat"}, "geometry": {"type": "Polygon", "coordinates": [[[103.405873, -4.100738], [103.405881, -4.100738], [103.402045, -4.107297], [103.400592, -4.109201], [103.400634, -4.109267], [103.389611, -4.112536], [103.388316, -4.111984], [103.38825, -4.111956], [103.386319, -4.111133], [103.381365, -4.109023], [103.381261, -4.108978], [103.381333, -4.108818], [103.385617, -4.099216], [103.388679, -4.099446], [103.405873, -4.100738]]]}}, {"type": "Feature", "properties": {"iddesa": "1604063004", "kecamatan": "Sukamerindu", "kabupaten": "Lahat"}, "geometry": {"type": "Polygon", "coordinates": [[[103.231174, -3.967139], [103.23134, -3.968366], [103.231427, -3.968698], [103.232091, -3.971231], [103.233435, -3.971879], [103.242899, -3.984857], [103.242427, -3.984935], [103.241451, -3.985645], [103.240829, -3.986504], [103.240448, -3.987165], [103.24003, -3.987184], [103.239555, -3.988666], [103.239643, -3.989081], [103.239995, -3.989764], [103.2402, -3.990595], [103.240187, -3.991639], [103.239847, -3.991707], [103.239419, -3.991859], [103.239021, -3.992012], [103.239003, -3.992023], [103.238653, -3.992226], [103.238163, -3.992502], [103.238082, -3.992583], [103.237644, -3.992163], [103.236942, -3.991455], [103.236514, -3.991054], [103.235995, -3.990654], [103.235657, -3.990084], [103.23563, -3.990039], [103.23557, -3.989179], [103.235421, -3.988711], [103.235266, -3.988226], [103.234717, -3.987549], [103.234137, -3.987025], [103.232975, -3.986808], [103.232918, -3.986677], [103.232792, -3.986684], [103.232303, -3.986437], [103.231784, -3.985853], [103.231327, -3.985237], [103.231083, -3.984653], [103.230718, -3.983731], [103.229652, -3.981732], [103.228767, -3.980777], [103.228431, -3.980623], [103.228064, -3.980622], [103.22715, -3.978808], [103.226733, -3.978801], [103.226734, -3.978178], [103.226431, -3.977052], [103.226193, -3.976722], [103.226128, -3.976632], [103.225618, -3.975925], [103.225443, -3.975748], [103.2245, -3.974797], [103.22405, -3.974203], [103.224042, -3.974193], [103.22318, -3.973055], [103.222708, -3.972613], [103.222339, -3.972267], [103.221756, -3.971722], [103.22087, -3.971026], [103.220857, -3.971036], [103.216848, -3.974085], [103.215791, -3.974889], [103.215789, -3.974887], [103.215552, -3.974692], [103.215136, -3.97419], [103.213665, -3.972414], [103.214116, -3.971398], [103.214303, -3.97115], [103.215342, -3.969764], [103.215548, -3.969661], [103.215827, -3.969522], [103.216318, -3.968646], [103.217341, -3.967916], [103.21846, -3.967527], [103.220203, -3.967255], [103.220309, -3.967238], [103.220761, -3.967229], [103.222352, -3.967194], [103.225562, -3.967103], [103.227265, -3.967107], [103.228481, -3.967061], [103.231174, -3.967139]]]}}, {"type": "Feature", "properties": {"iddesa": "1604060038", "kecamatan": "Jarai", "kabupaten": "Lahat"}, "geometry": {"type": "Polygon", "coordinates": [[[103.217523, -3.946384], [103.217038, -3.947518], [103.216963, -3.947692], [103.216251, -3.949354], [103.216105, -3.949695], [103.215647, -3.950766], [103.214749, -3.952863], [103.213681, -3.955356], [103.211393, -3.955572], [103.210744, -3.955633], [103.20768, -3.951032], [103.207902, -3.950901], [103.207412, -3.950703], [103.20624, -3.950229], [103.206626, -3.947413], [103.208468, -3.945253], [103.21166, -3.940355], [103.211998, -3.939836], [103.212545, -3.939787], [103.212753, -3.939769], [103.216462, -3.939294], [103.216762, -3.940815], [103.217367, -3.943888], [103.217616, -3.945157], [103.217753, -3.945848], [103.217523, -3.946384]]]}}, {"type": "Feature", "properties": {"iddesa": "1604063006", "kecamatan": "Sukamerindu", "kabupaten": "Lahat"}, "geometry": {"type": "Polygon", "coordinates": [[[103.226733, -3.978801], [103.22715, -3.978808], [103.228064, -3.980622], [103.228431, -3.980623], [103.228767, -3.980777], [103.229652, -3.981732], [103.230718, -3.983731], [103.231083, -3.984653], [103.231327, -3.985237], [103.231784, -3.985853], [103.232303, -3.986437], [103.232792, -3.986684], [103.232918, -3.986677], [103.232975, -3.986808], [103.234137, -3.987025], [103.234717, -3.987549], [103.235266, -3.988226], [103.235421, -3.988711], [103.23557, -3.989179], [103.23563, -3.990039], [103.235657, -3.990084], [103.235995, -3.990654], [103.236514, -3.991054], [103.236942, -3.991455], [103.237644, -3.992163], [103.238082, -3.992583], [103.237673, -3.992992], [103.237387, -3.993225], [103.237275, -3.993084], [103.237, -3.992929], [103.23648, -3.992805], [103.236266, -3.992805], [103.235715, -3.992804], [103.23544, -3.992834], [103.23492, -3.992894], [103.234583, -3.992955], [103.234124, -3.992954], [103.233758, -3.992769], [103.23281, -3.99246], [103.232168, -3.992274], [103.231914, -3.992245], [103.231312, -3.99218], [103.230333, -3.992055], [103.229722, -3.991746], [103.229173, -3.991131], [103.228815, -3.990791], [103.228566, -3.99079], [103.227627, -3.990383], [103.226151, -3.989706], [103.224406, -3.989298], [103.223847, -3.989089], [103.223131, -3.988823], [103.222558, -3.988822], [103.22234, -3.988686], [103.222042, -3.988586], [103.221349, -3.988285], [103.220259, -3.987885], [103.219267, -3.987883], [103.218536, -3.987937], [103.220681, -3.985583], [103.221756, -3.983711], [103.222707, -3.982546], [103.22371, -3.981253], [103.224087, -3.980767], [103.224764, -3.978772], [103.226047, -3.978792], [103.226733, -3.978801]]]}}, {"type": "Feature", "properties": {"iddesa": "1604043005", "kecamatan": "Mulak Sebingkai", "kabupaten": "Lahat"}, "geometry": {"type": "Polygon", "coordinates": [[[103.502594, -4.003154], [103.503234, -4.010694], [103.503066, -4.010763], [103.496495, -4.006633], [103.495255, -4.005853], [103.493331, -4.004643], [103.491255, -4.005371], [103.47987, -4.009363], [103.463623, -4.01506], [103.462905, -4.005057], [103.466141, -3.998256], [103.464903, -3.997258], [103.465825, -3.995722], [103.465898, -3.995599], [103.47218, -3.995694], [103.475006, -3.98773], [103.47841, -3.979352], [103.478447, -3.979267], [103.493114, -3.991565], [103.498442, -3.996033], [103.500918, -3.998109], [103.501198, -3.998344], [103.502262, -3.999236], [103.502302, -3.999705], [103.502594, -4.003154]]]}}, {"type": "Feature", "properties": {"iddesa": "1604043006", "kecamatan": "Mulak Sebingkai", "kabupaten": "Lahat"}, "geometry": {"type": "Polygon", "coordinates": [[[103.505498, -4.0023], [103.502594, -4.003154], [103.502302, -3.999705], [103.502262, -3.999236], [103.501198, -3.998344], [103.500918, -3.998109], [103.498442, -3.996033], [103.493114, -3.991565], [103.478447, -3.979267], [103.479037, -3.977926], [103.480976, -3.973515], [103.487653, -3.978057], [103.493396, -3.981963], [103.493655, -3.982139], [103.505007, -3.989861], [103.505324, -3.997874], [103.505325, -3.997898], [103.505498, -4.0023]]]}}, {"type": "Feature", "properties": {"iddesa": "1604113009", "kecamatan": "Kikim Selatan", "kabupaten": "Lahat"}, "geometry": {"type": "Polygon", "coordinates": [[[103.278773, -3.752474], [103.281912, -3.754585], [103.283007, -3.757019], [103.283075, -3.757171], [103.283442, -3.757986], [103.284114, -3.759479], [103.283954, -3.76086], [103.283882, -3.760595], [103.283577, -3.760682], [103.283284, -3.760728], [103.282622, -3.760831], [103.282516, -3.760793], [103.282195, -3.760679], [103.281769, -3.760299], [103.281365, -3.760131], [103.281342, -3.760122], [103.28094, -3.760045], [103.280655, -3.759758], [103.280604, -3.759706], [103.280589, -3.759691], [103.280238, -3.759211], [103.279768, -3.758778], [103.279661, -3.75868], [103.279109, -3.758326], [103.278407, -3.757617], [103.277153, -3.756631], [103.276475, -3.756251], [103.276274, -3.756275], [103.275822, -3.756022], [103.275672, -3.755769], [103.275195, -3.75544], [103.274919, -3.755389], [103.274316, -3.755287], [103.273613, -3.755033], [103.272935, -3.754906], [103.272131, -3.754904], [103.272031, -3.754778], [103.27178, -3.754777], [103.270951, -3.754397], [103.270224, -3.753967], [103.270123, -3.754194], [103.269921, -3.754171], [103.270479, -3.75335], [103.271266, -3.753047], [103.272114, -3.752927], [103.273144, -3.752565], [103.273931, -3.752444], [103.274839, -3.752446], [103.275687, -3.752509], [103.276776, -3.752511], [103.277805, -3.752513], [103.278773, -3.752474]]]}}, {"type": "Feature", "properties": {"iddesa": "1604060040", "kecamatan": "Jarai", "kabupaten": "Lahat"}, "geometry": {"type": "Polygon", "coordinates": [[[103.2101, -3.940116], [103.21166, -3.940355], [103.208468, -3.945253], [103.206626, -3.947413], [103.20624, -3.950229], [103.207412, -3.950703], [103.207902, -3.950901], [103.20768, -3.951032], [103.207353, -3.951223], [103.205954, -3.952042], [103.202187, -3.954252], [103.200762, -3.955087], [103.200338, -3.955022], [103.199203, -3.95485], [103.198625, -3.954763], [103.197664, -3.954617], [103.197064, -3.954525], [103.196138, -3.954385], [103.195904, -3.954349], [103.195575, -3.954299], [103.193495, -3.953983], [103.193496, -3.953477], [103.193497, -3.952247], [103.193499, -3.951855], [103.194048, -3.951381], [103.195627, -3.950017], [103.19665, -3.949134], [103.198845, -3.94724], [103.201017, -3.945365], [103.201244, -3.945168], [103.203673, -3.943071], [103.207546, -3.939728], [103.2101, -3.940116]]]}}, {"type": "Feature", "properties": {"iddesa": "1604050043", "kecamatan": "Pulau Pinang", "kabupaten": "Lahat"}, "geometry": {"type": "Polygon", "coordinates": [[[103.510829, -3.808162], [103.510948, -3.809449], [103.511607, -3.81021], [103.512539, -3.811851], [103.513413, -3.812054], [103.513461, -3.812065], [103.514727, -3.812737], [103.516437, -3.813023], [103.51745, -3.812906], [103.517763, -3.81287], [103.518696, -3.813702], [103.519138, -3.813979], [103.519912, -3.814186], [103.520712, -3.814407], [103.521288, -3.814478], [103.521884, -3.814588], [103.521979, -3.814605], [103.522722, -3.814738], [103.524714, -3.814902], [103.52545, -3.814852], [103.526155, -3.814828], [103.527757, -3.814874], [103.527527, -3.813974], [103.527563, -3.813904], [103.52932, -3.821174], [103.528639, -3.835679], [103.528348, -3.835541], [103.524583, -3.835642], [103.524525, -3.835672], [103.52452, -3.835567], [103.524488, -3.835567], [103.505895, -3.835518], [103.504525, -3.835514], [103.502296, -3.835508], [103.507067, -3.826104], [103.506345, -3.807736], [103.506879, -3.807396], [103.50753, -3.806981], [103.510104, -3.807657], [103.510829, -3.808162]]]}}, {"type": "Feature", "properties": {"iddesa": "1604060043", "kecamatan": "Jarai", "kabupaten": "Lahat"}, "geometry": {"type": "Polygon", "coordinates": [[[103.194352, -3.931463], [103.197692, -3.932202], [103.198482, -3.932378], [103.198313, -3.932819], [103.19932, -3.933407], [103.199697, -3.933628], [103.199897, -3.935192], [103.199918, -3.935201], [103.203182, -3.936575], [103.203736, -3.936855], [103.206274, -3.938135], [103.206573, -3.938287], [103.209964, -3.939999], [103.2101, -3.940116], [103.207546, -3.939728], [103.203673, -3.943071], [103.201244, -3.945168], [103.199605, -3.944005], [103.195611, -3.941172], [103.195167, -3.940858], [103.194953, -3.940706], [103.194824, -3.940697], [103.194015, -3.940674], [103.19183, -3.939254], [103.19334, -3.936739], [103.193355, -3.936657], [103.194349, -3.931463], [103.194352, -3.931463]]]}}, {"type": "Feature", "properties": {"iddesa": "1604061026", "kecamatan": "Pajar Bulan", "kabupaten": "Lahat"}, "geometry": {"type": "Polygon", "coordinates": [[[103.239877, -3.890325], [103.239876, -3.890325], [103.239877, -3.890325], [103.239935, -3.891004], [103.23903, -3.896252], [103.240348, -3.89912], [103.241767, -3.902397], [103.242059, -3.908945], [103.24165, -3.909763], [103.240214, -3.914569], [103.241114, -3.922755], [103.243349, -3.925727], [103.244055, -3.928798], [103.243848, -3.930537], [103.241665, -3.931482], [103.24277, -3.932924], [103.243116, -3.934361], [103.243207, -3.936692], [103.243935, -3.938354], [103.24471, -3.939081], [103.244441, -3.939504], [103.244693, -3.940366], [103.245137, -3.941006], [103.24491, -3.943208], [103.243827, -3.944323], [103.24303, -3.945375], [103.24236, -3.946427], [103.242122, -3.946881], [103.241606, -3.947865], [103.241565, -3.947943], [103.240956, -3.949106], [103.240728, -3.950654], [103.240616, -3.950623], [103.240318, -3.950538], [103.239324, -3.950633], [103.238653, -3.950697], [103.236968, -3.951559], [103.235239, -3.952443], [103.231052, -3.955247], [103.230379, -3.955757], [103.230412, -3.955222], [103.230322, -3.954454], [103.230263, -3.953225], [103.230421, -3.952207], [103.230604, -3.951014], [103.231188, -3.949756], [103.231588, -3.948743], [103.232314, -3.948167], [103.232476, -3.948038], [103.233702, -3.94712], [103.234346, -3.946261], [103.234369, -3.946245], [103.234989, -3.945832], [103.235326, -3.94571], [103.236183, -3.945405], [103.236236, -3.945362], [103.236643, -3.945037], [103.236796, -3.944853], [103.237379, -3.944055], [103.237563, -3.943779], [103.237781, -3.942121], [103.237477, -3.94126], [103.236836, -3.940491], [103.236462, -3.939953], [103.236409, -3.939875], [103.23656, -3.938657], [103.236596, -3.938371], [103.236597, -3.937848], [103.236746, -3.937743], [103.236531, -3.937252], [103.236342, -3.936103], [103.236185, -3.935528], [103.235773, -3.934537], [103.235012, -3.933642], [103.234601, -3.932843], [103.233427, -3.931563], [103.23359, -3.929872], [103.234431, -3.929233], [103.233361, -3.92765], [103.232857, -3.925091], [103.233884, -3.92141], [103.235215, -3.917832], [103.234713, -3.914659], [103.232682, -3.911586], [103.231261, -3.908922], [103.230458, -3.903294], [103.231383, -3.899408], [103.232003, -3.895112], [103.232007, -3.893475], [103.232007, -3.893168], [103.23061, -3.892509], [103.23061, -3.892509], [103.230845, -3.891656], [103.23162, -3.888849], [103.23162, -3.888849], [103.232134, -3.88885], [103.234345, -3.888854], [103.239877, -3.890325]]]}}, {"type": "Feature", "properties": {"iddesa": "1604063002", "kecamatan": "Sukamerindu", "kabupaten": "Lahat"}, "geometry": {"type": "Polygon", "coordinates": [[[103.214303, -3.97115], [103.214116, -3.971398], [103.213665, -3.972414], [103.213297, -3.973238], [103.212889, -3.973646], [103.212281, -3.97211], [103.211671, -3.971232], [103.21166, -3.971216], [103.21157, -3.971086], [103.210893, -3.969643], [103.210658, -3.96914], [103.210684, -3.968795], [103.210701, -3.968577], [103.210722, -3.96831], [103.210762, -3.96781], [103.211681, -3.966687], [103.212474, -3.96653], [103.212297, -3.967494], [103.212289, -3.967538], [103.212563, -3.968462], [103.21293, -3.969063], [103.213388, -3.969803], [103.213458, -3.969906], [103.21351, -3.969984], [103.214303, -3.97115]]]}}, {"type": "Feature", "properties": {"iddesa": "1604040016", "kecamatan": "Kota Agung", "kabupaten": "Lahat"}, "geometry": {"type": "Polygon", "coordinates": [[[103.440264, -4.062327], [103.440264, -4.062327], [103.440176, -4.062326], [103.439211, -4.066939], [103.438901, -4.068423], [103.43842, -4.070724], [103.439527, -4.072094], [103.439609, -4.072195], [103.441373, -4.074378], [103.462382, -4.100373], [103.46458, -4.103093], [103.46472, -4.102875], [103.464741, -4.103056], [103.463176, -4.105094], [103.461384, -4.107427], [103.461304, -4.10749], [103.457261, -4.101686], [103.436673, -4.07213], [103.434705, -4.069306], [103.434745, -4.069286], [103.435353, -4.068982], [103.436432, -4.069093], [103.437008, -4.066935], [103.438267, -4.062214], [103.440221, -4.062275], [103.440264, -4.062327]]]}}, {"type": "Feature", "properties": {"iddesa": "1604063005", "kecamatan": "Sukamerindu", "kabupaten": "Lahat"}, "geometry": {"type": "Polygon", "coordinates": [[[103.226733, -3.978801], [103.226047, -3.978792], [103.224764, -3.978772], [103.224087, -3.980767], [103.22371, -3.981253], [103.222707, -3.982546], [103.221756, -3.983711], [103.220681, -3.985583], [103.218536, -3.987937], [103.217978, -3.987979], [103.216192, -3.988374], [103.215618, -3.988517], [103.21494, -3.988535], [103.212254, -3.988664], [103.209231, -3.989265], [103.206532, -3.989907], [103.206948, -3.988571], [103.206955, -3.988441], [103.207054, -3.986729], [103.207464, -3.985707], [103.207873, -3.984787], [103.208488, -3.983152], [103.208531, -3.982766], [103.208696, -3.98131], [103.20921, -3.978856], [103.209836, -3.977874], [103.209926, -3.977732], [103.210032, -3.977528], [103.211256, -3.975177], [103.212347, -3.974185], [103.212378, -3.974157], [103.212889, -3.973646], [103.213297, -3.973238], [103.213665, -3.972414], [103.215136, -3.97419], [103.215552, -3.974692], [103.215789, -3.974887], [103.215791, -3.974889], [103.216848, -3.974085], [103.220857, -3.971036], [103.22087, -3.971026], [103.221756, -3.971722], [103.222339, -3.972267], [103.222708, -3.972613], [103.22318, -3.973055], [103.224042, -3.974193], [103.22405, -3.974203], [103.2245, -3.974797], [103.225443, -3.975748], [103.225618, -3.975925], [103.226128, -3.976632], [103.226193, -3.976722], [103.226431, -3.977052], [103.226734, -3.978178], [103.226733, -3.978801]]]}}, {"type": "Feature", "properties": {"iddesa": "1604050040", "kecamatan": "Pulau Pinang", "kabupaten": "Lahat"}, "geometry": {"type": "Polygon", "coordinates": [[[103.52643, -3.861032], [103.526065, -3.861032], [103.525932, -3.861031], [103.51615, -3.861015], [103.503881, -3.860995], [103.505506, -3.8551], [103.505665, -3.854934], [103.505585, -3.855201], [103.506402, -3.85542], [103.50655, -3.855593], [103.507317, -3.855755], [103.507717, -3.855814], [103.508002, -3.856113], [103.508243, -3.855757], [103.508129, -3.855538], [103.508141, -3.85532], [103.507867, -3.855239], [103.507467, -3.854526], [103.507937, -3.854102], [103.508771, -3.85485], [103.50861, -3.855229], [103.509307, -3.855736], [103.509525, -3.85561], [103.510725, -3.856359], [103.511196, -3.855509], [103.510842, -3.854693], [103.511129, -3.854107], [103.51105, -3.853935], [103.511119, -3.853648], [103.511119, -3.853659], [103.511177, -3.853291], [103.511417, -3.852981], [103.511693, -3.852499], [103.511739, -3.852178], [103.511671, -3.85189], [103.511797, -3.85173], [103.511946, -3.851603], [103.512129, -3.851638], [103.512289, -3.851753], [103.512438, -3.851892], [103.512586, -3.852018], [103.512838, -3.852099], [103.513055, -3.852019], [103.513193, -3.851881], [103.513216, -3.851835], [103.513307, -3.851767], [103.51333, -3.851675], [103.513331, -3.851583], [103.513296, -3.851456], [103.513331, -3.85141], [103.513365, -3.85141], [103.513457, -3.851434], [103.513605, -3.851491], [103.513708, -3.851549], [103.513868, -3.851641], [103.514005, -3.851733], [103.514154, -3.851826], [103.514348, -3.851906], [103.514531, -3.851953], [103.514726, -3.851976], [103.514909, -3.851976], [103.515115, -3.852], [103.515263, -3.852011], [103.515389, -3.852012], [103.515687, -3.852058], [103.515858, -3.852058], [103.516076, -3.852059], [103.516186, -3.852044], [103.516327, -3.852025], [103.516533, -3.852025], [103.516705, -3.852025], [103.516831, -3.851968], [103.51698, -3.851922], [103.517151, -3.851888], [103.517346, -3.851843], [103.517483, -3.851808], [103.517769, -3.851774], [103.518147, -3.851775], [103.518433, -3.851776], [103.518685, -3.851776], [103.518905, -3.851776], [103.518925, -3.851776], [103.519097, -3.851765], [103.519268, -3.851599], [103.519235, -3.851398], [103.519235, -3.851306], [103.519178, -3.851168], [103.519224, -3.850984], [103.519304, -3.850869], [103.519407, -3.850835], [103.519499, -3.850881], [103.519613, -3.850973], [103.519681, -3.851065], [103.519761, -3.851088], [103.519819, -3.851066], [103.520265, -3.850905], [103.520414, -3.850848], [103.520609, -3.850849], [103.520757, -3.850837], [103.520929, -3.850838], [103.521169, -3.850838], [103.521341, -3.85085], [103.521489, -3.850885], [103.521615, -3.850954], [103.521787, -3.851011], [103.521833, -3.850862], [103.521924, -3.850816], [103.522073, -3.850748], [103.522314, -3.850714], [103.522474, -3.850725], [103.522645, -3.850772], [103.522748, -3.850806], [103.522754, -3.850806], [103.522828, -3.850806], [103.522908, -3.850738], [103.523058, -3.850428], [103.523195, -3.850164], [103.523345, -3.849922], [103.523414, -3.84975], [103.523471, -3.849612], [103.523551, -3.849486], [103.523666, -3.849337], [103.523907, -3.849107], [103.524216, -3.848717], [103.524731, -3.848707], [103.525074, -3.848673], [103.525498, -3.848616], [103.52583, -3.848559], [103.526139, -3.848514], [103.526471, -3.848411], [103.526666, -3.848216], [103.526883, -3.847963], [103.527296, -3.847769], [103.528019, -3.847575], [103.528228, -3.849039], [103.52843, -3.850451], [103.527889, -3.852286], [103.527455, -3.854339], [103.526161, -3.856173], [103.52594, -3.85963], [103.52643, -3.861032]]]}}, {"type": "Feature", "properties": {"iddesa": "1604040012", "kecamatan": "Kota Agung", "kabupaten": "Lahat"}, "geometry": {"type": "Polygon", "coordinates": [[[103.431173, -4.072136], [103.443505, -4.093373], [103.443498, -4.093414], [103.44349, -4.0934], [103.42815, -4.092411], [103.423703, -4.092124], [103.423376, -4.083329], [103.423253, -4.080024], [103.423143, -4.077065], [103.422957, -4.072054], [103.422932, -4.072012], [103.431173, -4.072136]]]}}, {"type": "Feature", "properties": {"iddesa": "1604041001", "kecamatan": "Mulak Ulu", "kabupaten": "Lahat"}, "geometry": {"type": "Polygon", "coordinates": [[[103.471526, -4.045476], [103.471621, -4.048297], [103.471675, -4.049909], [103.471694, -4.050475], [103.471745, -4.051975], [103.468869, -4.052052], [103.468881, -4.050856], [103.467931, -4.050752], [103.46667, -4.050616], [103.461665, -4.050072], [103.458623, -4.049742], [103.456915, -4.046526], [103.4567, -4.04612], [103.456719, -4.045962], [103.459674, -4.043683], [103.461039, -4.04263], [103.470469, -4.045189], [103.470511, -4.045201], [103.471526, -4.045476]]]}}, {"type": "Feature", "properties": {"iddesa": "1604060039", "kecamatan": "Jarai", "kabupaten": "Lahat"}, "geometry": {"type": "Polygon", "coordinates": [[[103.210744, -3.955633], [103.210744, -3.955633], [103.210793, -3.955707], [103.210842, -3.955781], [103.210322, -3.956038], [103.20538, -3.958482], [103.1998, -3.961242], [103.198234, -3.963353], [103.19818, -3.963385], [103.198, -3.963491], [103.198202, -3.960672], [103.198235, -3.960215], [103.198343, -3.958697], [103.19835, -3.958593], [103.198625, -3.954763], [103.199203, -3.95485], [103.200338, -3.955022], [103.200762, -3.955087], [103.202187, -3.954252], [103.205954, -3.952042], [103.207353, -3.951223], [103.20768, -3.951032], [103.210744, -3.955633]]]}}, {"type": "Feature", "properties": {"iddesa": "1604113003", "kecamatan": "Kikim Selatan", "kabupaten": "Lahat"}, "geometry": {"type": "MultiPolygon", "coordinates": [[[[103.180704, -3.744036], [103.180779, -3.744573], [103.180777, -3.745723], [103.180546, -3.746566], [103.180546, -3.746873], [103.180535, -3.746898], [103.179949, -3.74701], [103.178978, -3.747472], [103.178238, -3.748166], [103.177683, -3.74849], [103.177128, -3.749138], [103.176573, -3.749647], [103.175879, -3.75048], [103.175185, -3.751128], [103.174629, -3.751776], [103.173982, -3.752239], [103.173058, -3.752562], [103.172364, -3.752487], [103.172181, -3.752467], [103.171765, -3.752373], [103.171703, -3.752247], [103.171673, -3.752188], [103.171675, -3.751492], [103.171676, -3.750796], [103.171677, -3.750332], [103.171908, -3.750194], [103.172187, -3.749313], [103.172522, -3.748923], [103.172743, -3.748665], [103.171913, -3.748153], [103.171889, -3.748138], [103.173391, -3.746391], [103.175426, -3.744024], [103.176447, -3.743817], [103.177468, -3.743882], [103.178905, -3.744492], [103.179134, -3.74443], [103.179715, -3.743817], [103.180103, -3.743408], [103.180552, -3.743652], [103.180704, -3.744036]]], [[[103.15901, -3.748465], [103.163162, -3.748614], [103.163139, -3.747502], [103.163145, -3.7475], [103.16453, -3.747217], [103.166203, -3.746857], [103.1669, -3.746578], [103.167374, -3.746299], [103.167876, -3.746328], [103.168767, -3.74647], [103.169352, -3.746751], [103.17051, -3.747787], [103.170482, -3.747779], [103.170067, -3.747592], [103.169744, -3.747499], [103.169421, -3.747498], [103.169051, -3.747497], [103.168925, -3.747536], [103.168451, -3.747682], [103.168127, -3.747727], [103.167527, -3.747726], [103.167157, -3.747957], [103.166787, -3.748328], [103.1654, -3.74916], [103.164569, -3.749251], [103.163877, -3.749249], [103.162861, -3.74934], [103.162075, -3.749616], [103.161797, -3.750126], [103.161426, -3.750821], [103.160731, -3.752257], [103.159713, -3.75309], [103.15924, -3.753259], [103.158919, -3.752406], [103.158389, -3.751574], [103.157918, -3.750564], [103.157566, -3.749435], [103.157331, -3.748603], [103.156979, -3.747415], [103.156924, -3.745456], [103.15746, -3.743795], [103.157687, -3.74339], [103.157934, -3.74334], [103.158896, -3.743988], [103.158911, -3.743997], [103.15901, -3.748465]]]]}}, {"type": "Feature", "properties": {"iddesa": "1604113001", "kecamatan": "Kikim Selatan", "kabupaten": "Lahat"}, "geometry": {"type": "Polygon", "coordinates": [[[103.160239, -3.698472], [103.16098, -3.699218], [103.161865, -3.699992], [103.162808, -3.700884], [103.163516, -3.701717], [103.164105, -3.702431], [103.164753, -3.703382], [103.165223, -3.70463], [103.165278, -3.706529], [103.164802, -3.708369], [103.16403, -3.710089], [103.164029, -3.710682], [103.163966, -3.712582], [103.163964, -3.713591], [103.163784, -3.714778], [103.16319, -3.71638], [103.162478, -3.717566], [103.161995, -3.718097], [103.162536, -3.718338], [103.163842, -3.7193], [103.16407, -3.719469], [103.164718, -3.720598], [103.165307, -3.721312], [103.165365, -3.722024], [103.164536, -3.722913], [103.16353, -3.723564], [103.162367, -3.725084], [103.161989, -3.725579], [103.161867, -3.727479], [103.161451, -3.728606], [103.160265, -3.730384], [103.159494, -3.731629], [103.159373, -3.733113], [103.158365, -3.734654], [103.157122, -3.735602], [103.156292, -3.737203], [103.157525, -3.740886], [103.157994, -3.742846], [103.157758, -3.743264], [103.157746, -3.743287], [103.157687, -3.74339], [103.15746, -3.743795], [103.156924, -3.745456], [103.156979, -3.747415], [103.157331, -3.748603], [103.157566, -3.749435], [103.157918, -3.750564], [103.158389, -3.751574], [103.158919, -3.752406], [103.15924, -3.753259], [103.157772, -3.753782], [103.15717, -3.754569], [103.156891, -3.755589], [103.156889, -3.756702], [103.156286, -3.75786], [103.155916, -3.75823], [103.155453, -3.759064], [103.155218, -3.760687], [103.154753, -3.762634], [103.154057, -3.764071], [103.153271, -3.764718], [103.152299, -3.765597], [103.152021, -3.766339], [103.151926, -3.767266], [103.151778, -3.768112], [103.146713, -3.753149], [103.145737, -3.750213], [103.144944, -3.742463], [103.144704, -3.739672], [103.144723, -3.739259], [103.145016, -3.737135], [103.145019, -3.735562], [103.145021, -3.734621], [103.146037, -3.732218], [103.147325, -3.729644], [103.147404, -3.729315], [103.147506, -3.729102], [103.149066, -3.722453], [103.150126, -3.718074], [103.150269, -3.717328], [103.151317, -3.712861], [103.152201, -3.709093], [103.15298, -3.705954], [103.153227, -3.704961], [103.153194, -3.704861], [103.15323, -3.704709], [103.15188, -3.700832], [103.149234, -3.692723], [103.149227, -3.692598], [103.149271, -3.692428], [103.149359, -3.691432], [103.149069, -3.690905], [103.14913, -3.688072], [103.14915, -3.687898], [103.149151, -3.687891], [103.149391, -3.687368], [103.150721, -3.687918], [103.152314, -3.689227], [103.152666, -3.690474], [103.153609, -3.691545], [103.154552, -3.692497], [103.155968, -3.693568], [103.156617, -3.694341], [103.157559, -3.695768], [103.158149, -3.6966], [103.158502, -3.697373], [103.158466, -3.697551], [103.15856, -3.697551], [103.158749, -3.697552], [103.159329, -3.697553], [103.159741, -3.69791], [103.160213, -3.698445], [103.160239, -3.698472]]]}}, {"type": "Feature", "properties": {"iddesa": "1604040007", "kecamatan": "Kota Agung", "kabupaten": "Lahat"}, "geometry": {"type": "Polygon", "coordinates": [[[103.386217, -4.073866], [103.386087, -4.073866], [103.388379, -4.076483], [103.391601, -4.080161], [103.391699, -4.080273], [103.39572, -4.084863], [103.395753, -4.085086], [103.393591, -4.087008], [103.392594, -4.087894], [103.389569, -4.090583], [103.389434, -4.09066], [103.389488, -4.090539], [103.382425, -4.08577], [103.382385, -4.085743], [103.381912, -4.085424], [103.382172, -4.084198], [103.382945, -4.083424], [103.379207, -4.080134], [103.378906, -4.07987], [103.378838, -4.079944], [103.378875, -4.079628], [103.382224, -4.076708], [103.382228, -4.074556], [103.382744, -4.073868], [103.3841, -4.073838], [103.384205, -4.073656], [103.384516, -4.073657], [103.384961, -4.073658], [103.385241, -4.073483], [103.385674, -4.073714], [103.385956, -4.073781], [103.386003, -4.073797], [103.386217, -4.073866]]]}}, {"type": "Feature", "properties": {"iddesa": "1604051001", "kecamatan": "Pagar Gunung", "kabupaten": "Lahat"}, "geometry": {"type": "Polygon", "coordinates": [[[103.532168, -3.918002], [103.532349, -3.918223], [103.532109, -3.918407], [103.533502, -3.918471], [103.532389, -3.919886], [103.532387, -3.920891], [103.533553, -3.921787], [103.53344, -3.922848], [103.532271, -3.923739], [103.532213, -3.925024], [103.531378, -3.925413], [103.530544, -3.925021], [103.53066, -3.922619], [103.528658, -3.922392], [103.5285, -3.922677], [103.528101, -3.923397], [103.527099, -3.923563], [103.526986, -3.924847], [103.526319, -3.924622], [103.525594, -3.925515], [103.524315, -3.926015], [103.522867, -3.927074], [103.520365, -3.927013], [103.520078, -3.927267], [103.518916, -3.928295], [103.518028, -3.927344], [103.517749, -3.928349], [103.516857, -3.929353], [103.517743, -3.931588], [103.516686, -3.931586], [103.516183, -3.933317], [103.516795, -3.933206], [103.516289, -3.936165], [103.518011, -3.937341], [103.51673, -3.938456], [103.517507, -3.939351], [103.517004, -3.940523], [103.515671, -3.939962], [103.516109, -3.943761], [103.517612, -3.942535], [103.517611, -3.943261], [103.515439, -3.944932], [103.516549, -3.946442], [103.517384, -3.945774], [103.51816, -3.947115], [103.514823, -3.947277], [103.514557, -3.948339], [103.514484, -3.948239], [103.500738, -3.946535], [103.49749, -3.944989], [103.496719, -3.943593], [103.496079, -3.942434], [103.496023, -3.942398], [103.496044, -3.942372], [103.495178, -3.940633], [103.494686, -3.93811], [103.494414, -3.936861], [103.494057, -3.935], [103.494232, -3.934488], [103.494432, -3.934002], [103.495121, -3.932747], [103.495305, -3.932305], [103.495505, -3.931694], [103.495619, -3.93082], [103.495657, -3.930183], [103.495629, -3.929321], [103.49556, -3.928572], [103.495524, -3.928298], [103.495464, -3.927993], [103.496896, -3.928213], [103.497527, -3.927694], [103.497578, -3.927713], [103.498296, -3.927032], [103.498525, -3.925745], [103.496716, -3.924643], [103.497133, -3.923697], [103.498754, -3.923738], [103.500072, -3.925217], [103.501016, -3.924386], [103.499399, -3.921807], [103.499591, -3.919989], [103.502652, -3.916471], [103.504092, -3.9128], [103.504625, -3.909846], [103.505796, -3.908825], [103.50734, -3.91057], [103.508584, -3.910762], [103.509183, -3.909991], [103.510473, -3.90833], [103.532168, -3.918002]]]}}, {"type": "Feature", "properties": {"iddesa": "1604060047", "kecamatan": "Jarai", "kabupaten": "Lahat"}, "geometry": {"type": "Polygon", "coordinates": [[[103.194352, -3.931463], [103.194349, -3.931463], [103.193355, -3.936657], [103.19334, -3.936739], [103.19183, -3.939254], [103.188192, -3.936889], [103.19025, -3.936497], [103.190504, -3.935278], [103.191698, -3.929537], [103.194339, -3.931414], [103.194352, -3.931463]]]}}, {"type": "Feature", "properties": {"iddesa": "1604012005", "kecamatan": "Tanjung Sakti Pumu", "kabupaten": "Lahat"}, "geometry": {"type": "Polygon", "coordinates": [[[103.067839, -4.123723], [103.066959, -4.124035], [103.065952, -4.12411], [103.065177, -4.124147], [103.064247, -4.124223], [103.063782, -4.124299], [103.063046, -4.124336], [103.062271, -4.124335], [103.061651, -4.124333], [103.061419, -4.124332], [103.061186, -4.124332], [103.060992, -4.124409], [103.060798, -4.124642], [103.060178, -4.124835], [103.059674, -4.12499], [103.059092, -4.125222], [103.058278, -4.125336], [103.057386, -4.12584], [103.056727, -4.125799], [103.055643, -4.125524], [103.054597, -4.125677], [103.053472, -4.126297], [103.053006, -4.126607], [103.052579, -4.127034], [103.052036, -4.127149], [103.0513, -4.12707], [103.050449, -4.126834], [103.049751, -4.126871], [103.049131, -4.126909], [103.048666, -4.127063], [103.048007, -4.126984], [103.047349, -4.126826], [103.046768, -4.126825], [103.046225, -4.127096], [103.045721, -4.127211], [103.045256, -4.127288], [103.044675, -4.127287], [103.04421, -4.12748], [103.043628, -4.127518], [103.043318, -4.127595], [103.043085, -4.12775], [103.042736, -4.127943], [103.042349, -4.127981], [103.042179, -4.127981], [103.042039, -4.12798], [103.041264, -4.127978], [103.041054, -4.127978], [103.040993, -4.127978], [103.040691, -4.127939], [103.040683, -4.127938], [103.040451, -4.127821], [103.040102, -4.127781], [103.039831, -4.12778], [103.039599, -4.12778], [103.039209, -4.127779], [103.039134, -4.127779], [103.038746, -4.127739], [103.038224, -4.127738], [103.038204, -4.127737], [103.037855, -4.127737], [103.03739, -4.127735], [103.037235, -4.127735], [103.035134, -4.128208], [103.035078, -4.127922], [103.035078, -4.127792], [103.03509, -4.127625], [103.034465, -4.126848], [103.034329, -4.126457], [103.034272, -4.126295], [103.034046, -4.126001], [103.033625, -4.126], [103.033302, -4.125804], [103.033044, -4.125316], [103.033046, -4.124601], [103.03314, -4.124065], [103.033299, -4.124026], [103.033773, -4.123908], [103.033713, -4.123666], [103.036169, -4.123644], [103.036276, -4.123645], [103.036455, -4.123573], [103.036705, -4.123502], [103.036991, -4.123467], [103.037348, -4.123289], [103.037705, -4.123218], [103.037956, -4.123003], [103.038384, -4.122969], [103.038777, -4.122898], [103.039278, -4.122827], [103.039635, -4.122685], [103.039849, -4.122578], [103.040349, -4.122543], [103.040885, -4.122545], [103.041278, -4.122546], [103.041813, -4.122547], [103.042242, -4.12262], [103.042479, -4.12262], [103.042492, -4.12262], [103.042653, -4.122641], [103.042777, -4.122657], [103.04292, -4.122729], [103.043277, -4.122801], [103.043705, -4.122802], [103.044098, -4.122803], [103.044561, -4.122805], [103.044598, -4.122805], [103.044705, -4.122805], [103.045098, -4.122806], [103.045634, -4.122628], [103.04617, -4.122522], [103.046671, -4.122093], [103.046957, -4.121771], [103.047386, -4.121628], [103.047958, -4.121415], [103.048137, -4.121272], [103.048709, -4.120771], [103.049032, -4.120485], [103.050068, -4.120021], [103.050783, -4.119772], [103.05189, -4.11956], [103.052783, -4.119526], [103.053426, -4.119456], [103.05439, -4.119458], [103.055248, -4.119317], [103.055819, -4.119318], [103.057069, -4.119106], [103.057785, -4.118535], [103.059072, -4.117641], [103.059644, -4.117643], [103.060572, -4.117537], [103.061394, -4.117288], [103.061931, -4.117039], [103.062431, -4.116681], [103.063076, -4.115966], [103.063791, -4.115681], [103.064398, -4.115682], [103.064684, -4.115253], [103.065186, -4.114644], [103.065947, -4.114157], [103.065704, -4.114498], [103.065702, -4.115053], [103.0657, -4.115885], [103.065283, -4.117132], [103.064452, -4.118101], [103.064311, -4.119349], [103.065138, -4.120183], [103.065689, -4.120601], [103.066378, -4.121296], [103.067067, -4.121991], [103.067756, -4.122409], [103.068302, -4.122959], [103.067839, -4.123723]]]}}, {"type": "Feature", "properties": {"iddesa": "1604040014", "kecamatan": "Kota Agung", "kabupaten": "Lahat"}, "geometry": {"type": "Polygon", "coordinates": [[[103.438267, -4.062214], [103.437008, -4.066935], [103.436432, -4.069093], [103.435353, -4.068982], [103.434745, -4.069286], [103.434705, -4.069306], [103.436673, -4.07213], [103.457261, -4.101686], [103.461304, -4.10749], [103.459753, -4.108715], [103.456312, -4.11019], [103.454345, -4.111804], [103.454124, -4.111842], [103.454193, -4.111629], [103.45371, -4.110806], [103.443498, -4.093414], [103.443505, -4.093373], [103.431173, -4.072136], [103.430598, -4.071146], [103.4293, -4.068911], [103.428537, -4.067596], [103.426039, -4.063295], [103.428221, -4.063972], [103.42961, -4.064403], [103.430081, -4.064549], [103.430356, -4.064378], [103.434158, -4.062011], [103.434293, -4.06209], [103.436431, -4.062156], [103.438267, -4.062214]]]}}, {"type": "Feature", "properties": {"iddesa": "1604061008", "kecamatan": "Pajar Bulan", "kabupaten": "Lahat"}, "geometry": {"type": "Polygon", "coordinates": [[[103.260302, -3.989436], [103.260227, -3.989294], [103.259242, -3.987803], [103.257516, -3.986394], [103.256119, -3.984985], [103.255885, -3.98386], [103.255793, -3.983413], [103.255796, -3.98218], [103.255796, -3.981964], [103.25472, -3.981669], [103.253952, -3.981668], [103.253302, -3.981666], [103.252268, -3.981635], [103.25154, -3.981565], [103.251324, -3.981544], [103.250467, -3.981601], [103.24905, -3.981598], [103.248223, -3.981656], [103.246803, -3.982394], [103.245942, -3.983534], [103.245797, -3.983727], [103.2442, -3.984643], [103.242899, -3.984857], [103.233435, -3.971879], [103.232091, -3.971231], [103.231427, -3.968698], [103.23134, -3.968366], [103.231174, -3.967139], [103.23115, -3.966959], [103.230586, -3.962758], [103.23088, -3.9626], [103.231412, -3.962316], [103.231556, -3.962432], [103.232371, -3.962434], [103.234814, -3.96336], [103.237663, -3.964799], [103.23929, -3.966541], [103.241221, -3.968387], [103.242746, -3.969823], [103.244621, -3.973708], [103.245963, -3.973658], [103.24632, -3.973644], [103.2509, -3.972438], [103.252061, -3.972615], [103.254236, -3.972949], [103.255858, -3.973812], [103.256597, -3.974431], [103.257774, -3.975418], [103.258361, -3.977317], [103.25845, -3.979415], [103.258461, -3.979668], [103.259176, -3.980029], [103.259421, -3.981104], [103.259501, -3.982263], [103.26065, -3.983919], [103.261553, -3.985575], [103.26155, -3.986816], [103.261382, -3.988469], [103.260302, -3.989436]]]}}, {"type": "Feature", "properties": {"iddesa": "1604061015", "kecamatan": "Pajar Bulan", "kabupaten": "Lahat"}, "geometry": {"type": "Polygon", "coordinates": [[[103.254032, -3.966393], [103.254279, -3.966394], [103.2567, -3.966578], [103.257586, -3.966846], [103.258383, -3.967026], [103.258634, -3.967164], [103.258707, -3.967205], [103.258879, -3.967384], [103.259532, -3.968066], [103.259647, -3.969698], [103.259711, -3.969711], [103.263573, -3.970448], [103.265285, -3.970896], [103.266347, -3.971432], [103.266809, -3.971702], [103.26841, -3.975003], [103.26915, -3.975749], [103.270219, -3.976496], [103.271862, -3.978236], [103.272437, -3.979602], [103.273256, -3.981547], [103.274077, -3.982624], [103.275969, -3.983786], [103.277364, -3.986105], [103.278267, -3.987264], [103.278217, -3.988904], [103.2767, -3.988667], [103.274395, -3.988166], [103.272779, -3.987863], [103.272172, -3.987748], [103.270279, -3.987248], [103.267643, -3.987325], [103.264346, -3.988641], [103.260884, -3.990371], [103.26081, -3.990404], [103.260302, -3.989436], [103.261382, -3.988469], [103.26155, -3.986816], [103.261553, -3.985575], [103.26065, -3.983919], [103.259501, -3.982263], [103.259421, -3.981104], [103.259176, -3.980029], [103.258461, -3.979668], [103.25845, -3.979415], [103.258361, -3.977317], [103.257774, -3.975418], [103.256597, -3.974431], [103.255858, -3.973812], [103.254236, -3.972949], [103.252061, -3.972615], [103.2509, -3.972438], [103.24632, -3.973644], [103.245963, -3.973658], [103.244621, -3.973708], [103.242746, -3.969823], [103.241221, -3.968387], [103.23929, -3.966541], [103.237663, -3.964799], [103.234814, -3.96336], [103.232371, -3.962434], [103.231556, -3.962432], [103.231412, -3.962316], [103.23329, -3.961311], [103.235123, -3.961519], [103.237567, -3.962343], [103.238991, -3.963164], [103.240416, -3.963884], [103.241841, -3.964398], [103.242554, -3.9644], [103.244185, -3.963892], [103.244185, -3.963994], [103.245406, -3.964917], [103.246423, -3.965738], [103.247134, -3.966456], [103.247301, -3.966699], [103.247664, -3.96644], [103.248373, -3.966441], [103.249259, -3.966354], [103.249702, -3.966414], [103.250155, -3.966472], [103.250883, -3.966565], [103.252005, -3.966597], [103.252039, -3.966592], [103.253246, -3.966392], [103.254032, -3.966393]]]}}, {"type": "Feature", "properties": {"iddesa": "1604050042", "kecamatan": "Pulau Pinang", "kabupaten": "Lahat"}, "geometry": {"type": "Polygon", "coordinates": [[[103.524525, -3.835672], [103.52459, -3.836836], [103.524646, -3.83695], [103.524726, -3.837111], [103.525675, -3.839026], [103.529554, -3.841306], [103.529269, -3.844616], [103.528921, -3.847334], [103.528603, -3.847419], [103.528019, -3.847575], [103.527296, -3.847769], [103.526883, -3.847963], [103.526666, -3.848216], [103.526471, -3.848411], [103.526139, -3.848514], [103.52583, -3.848559], [103.525498, -3.848616], [103.525074, -3.848673], [103.524731, -3.848707], [103.524216, -3.848717], [103.523907, -3.849107], [103.523666, -3.849337], [103.523551, -3.849486], [103.523471, -3.849612], [103.523414, -3.84975], [103.523345, -3.849922], [103.523195, -3.850164], [103.523058, -3.850428], [103.522908, -3.850738], [103.522828, -3.850806], [103.522754, -3.850806], [103.522748, -3.850806], [103.522645, -3.850772], [103.522474, -3.850725], [103.522314, -3.850714], [103.522073, -3.850748], [103.521924, -3.850816], [103.521833, -3.850862], [103.521787, -3.851011], [103.521615, -3.850954], [103.521489, -3.850885], [103.521341, -3.85085], [103.521169, -3.850838], [103.520929, -3.850838], [103.520757, -3.850837], [103.520609, -3.850849], [103.520414, -3.850848], [103.520265, -3.850905], [103.519819, -3.851066], [103.519761, -3.851088], [103.519681, -3.851065], [103.519613, -3.850973], [103.519499, -3.850881], [103.519407, -3.850835], [103.519304, -3.850869], [103.519224, -3.850984], [103.519178, -3.851168], [103.519235, -3.851306], [103.519235, -3.851398], [103.519268, -3.851599], [103.519097, -3.851765], [103.518925, -3.851776], [103.518905, -3.851776], [103.518685, -3.851776], [103.518433, -3.851776], [103.518147, -3.851775], [103.517769, -3.851774], [103.517483, -3.851808], [103.517346, -3.851843], [103.517151, -3.851888], [103.51698, -3.851922], [103.516831, -3.851968], [103.516705, -3.852025], [103.516533, -3.852025], [103.516327, -3.852025], [103.516186, -3.852044], [103.516076, -3.852059], [103.515858, -3.852058], [103.515687, -3.852058], [103.515389, -3.852012], [103.515263, -3.852011], [103.515115, -3.852], [103.514909, -3.851976], [103.514726, -3.851976], [103.514531, -3.851953], [103.514348, -3.851906], [103.514154, -3.851826], [103.514005, -3.851733], [103.513868, -3.851641], [103.513708, -3.851549], [103.513605, -3.851491], [103.513457, -3.851434], [103.513365, -3.85141], [103.513331, -3.85141], [103.513296, -3.851456], [103.513331, -3.851583], [103.51333, -3.851675], [103.513307, -3.851767], [103.513216, -3.851835], [103.513193, -3.851881], [103.513055, -3.852019], [103.512838, -3.852099], [103.512586, -3.852018], [103.512438, -3.851892], [103.512289, -3.851753], [103.512129, -3.851638], [103.511946, -3.851603], [103.511797, -3.85173], [103.511671, -3.85189], [103.511739, -3.852178], [103.511693, -3.852499], [103.511417, -3.852981], [103.511177, -3.853291], [103.511119, -3.853659], [103.511119, -3.853648], [103.51105, -3.853935], [103.511129, -3.854107], [103.510842, -3.854693], [103.511196, -3.855509], [103.510725, -3.856359], [103.509525, -3.85561], [103.509307, -3.855736], [103.50861, -3.855229], [103.508771, -3.85485], [103.507937, -3.854102], [103.507467, -3.854526], [103.507867, -3.855239], [103.508141, -3.85532], [103.508129, -3.855538], [103.508243, -3.855757], [103.508002, -3.856113], [103.507717, -3.855814], [103.507317, -3.855755], [103.50655, -3.855593], [103.506402, -3.85542], [103.505585, -3.855201], [103.505665, -3.854934], [103.506217, -3.853098], [103.50665, -3.844787], [103.502384, -3.835874], [103.502251, -3.835596], [103.502296, -3.835508], [103.504525, -3.835514], [103.505895, -3.835518], [103.524488, -3.835567], [103.52452, -3.835567], [103.524525, -3.835672]]]}}, {"type": "Feature", "properties": {"iddesa": "1604040013", "kecamatan": "Kota Agung", "kabupaten": "Lahat"}, "geometry": {"type": "Polygon", "coordinates": [[[103.426039, -4.063295], [103.428537, -4.067596], [103.4293, -4.068911], [103.430598, -4.071146], [103.431173, -4.072136], [103.422932, -4.072012], [103.422852, -4.071873], [103.416057, -4.060197], [103.426039, -4.063295]]]}}, {"type": "Feature", "properties": {"iddesa": "1604062005", "kecamatan": "Muara Payang", "kabupaten": "Lahat"}, "geometry": {"type": "Polygon", "coordinates": [[[103.1455, -3.852206], [103.150064, -3.868113], [103.152815, -3.872045], [103.155566, -3.875977], [103.156479, -3.878751], [103.157622, -3.881986], [103.158535, -3.885221], [103.160596, -3.88869], [103.161507, -3.892849], [103.162188, -3.896776], [103.162415, -3.898163], [103.162411, -3.900241], [103.162404, -3.903474], [103.161753, -3.905259], [103.161479, -3.906013], [103.1605, -3.906141], [103.158029, -3.906467], [103.155995, -3.9085], [103.155263, -3.909232], [103.155095, -3.910719], [103.154794, -3.913388], [103.154097, -3.91662], [103.151687, -3.920124], [103.15156, -3.920309], [103.149488, -3.92169], [103.14853, -3.924011], [103.147869, -3.925612], [103.146717, -3.926995], [103.146263, -3.927826], [103.145331, -3.929533], [103.141644, -3.933219], [103.140217, -3.933974], [103.137731, -3.935289], [103.133589, -3.936665], [103.130828, -3.937352], [103.128686, -3.939494], [103.128059, -3.93894], [103.124348, -3.940049], [103.123982, -3.937813], [103.123122, -3.935204], [103.123193, -3.934553], [103.124167, -3.934104], [103.126926, -3.93411], [103.130376, -3.933887], [103.134055, -3.933664], [103.136128, -3.932283], [103.138432, -3.929979], [103.140735, -3.928368], [103.141291, -3.927811], [103.142118, -3.926985], [103.143733, -3.924217], [103.145577, -3.922374], [103.1465, -3.920991], [103.149953, -3.919151], [103.151109, -3.916382], [103.151113, -3.914304], [103.15319, -3.910844], [103.153194, -3.909333], [103.153195, -3.908494], [103.153196, -3.908304], [103.153662, -3.905533], [103.154208, -3.904987], [103.156701, -3.902494], [103.157579, -3.901616], [103.158044, -3.899308], [103.158049, -3.897229], [103.158053, -3.895382], [103.157599, -3.892379], [103.15577, -3.887756], [103.155315, -3.885445], [103.154401, -3.882903], [103.153717, -3.880361], [103.152342, -3.878049], [103.15028, -3.874811], [103.147064, -3.873187], [103.147068, -3.87134], [103.144547, -3.867639], [103.143635, -3.864404], [103.141118, -3.858625], [103.14134, -3.855175], [103.141395, -3.85501], [103.141466, -3.854815], [103.142122, -3.853051], [103.142132, -3.853024], [103.142364, -3.852346], [103.143453, -3.849163], [103.143508, -3.849003], [103.1455, -3.852206]]]}}, {"type": "Feature", "properties": {"iddesa": "1604062004", "kecamatan": "Muara Payang", "kabupaten": "Lahat"}, "geometry": {"type": "Polygon", "coordinates": [[[103.123193, -3.934553], [103.124109, -3.924917], [103.125785, -3.930413], [103.129464, -3.93019], [103.131768, -3.928348], [103.134988, -3.927662], [103.136372, -3.925587], [103.137988, -3.92305], [103.140974, -3.920743], [103.141076, -3.920664], [103.143055, -3.919135], [103.144668, -3.917522], [103.146282, -3.915678], [103.146491, -3.915191], [103.146975, -3.914063], [103.147441, -3.911062], [103.147848, -3.907463], [103.14791, -3.906906], [103.148331, -3.905336], [103.148838, -3.903444], [103.149264, -3.903045], [103.14988, -3.902467], [103.152524, -3.899988], [103.152989, -3.897911], [103.153224, -3.895371], [103.150252, -3.887744], [103.14842, -3.884045], [103.146361, -3.879652], [103.146597, -3.87665], [103.147063, -3.87388], [103.147064, -3.873187], [103.15028, -3.874811], [103.152342, -3.878049], [103.153717, -3.880361], [103.154401, -3.882903], [103.155315, -3.885445], [103.15577, -3.887756], [103.157599, -3.892379], [103.158053, -3.895382], [103.158049, -3.897229], [103.158044, -3.899308], [103.157579, -3.901616], [103.156701, -3.902494], [103.154208, -3.904987], [103.153662, -3.905533], [103.153196, -3.908304], [103.153195, -3.908494], [103.153194, -3.909333], [103.15319, -3.910844], [103.151113, -3.914304], [103.151109, -3.916382], [103.149953, -3.919151], [103.1465, -3.920991], [103.145577, -3.922374], [103.143733, -3.924217], [103.142118, -3.926985], [103.141291, -3.927811], [103.140735, -3.928368], [103.138432, -3.929979], [103.136128, -3.932283], [103.134055, -3.933664], [103.130376, -3.933887], [103.126926, -3.93411], [103.124167, -3.934104], [103.123193, -3.934553]]]}}, {"type": "Feature", "properties": {"iddesa": "1604041011", "kecamatan": "Mulak Ulu", "kabupaten": "Lahat"}, "geometry": {"type": "Polygon", "coordinates": [[[103.517553, -4.05964], [103.517528, -4.059615], [103.510676, -4.054372], [103.510293, -4.054084], [103.506136, -4.050961], [103.505875, -4.050658], [103.508041, -4.048723], [103.510604, -4.048644], [103.510879, -4.046252], [103.51146, -4.041208], [103.516303, -3.999124], [103.516398, -3.999096], [103.5165, -3.998834], [103.516537, -3.998928], [103.516563, -3.998927], [103.528356, -3.99722], [103.528304, -3.997457], [103.52352, -4.043785], [103.523317, -4.045756], [103.523256, -4.046343], [103.52259, -4.047897], [103.520794, -4.052085], [103.520542, -4.052671], [103.519287, -4.055598], [103.517553, -4.05964]]]}}, {"type": "Feature", "properties": {"iddesa": "1604122010", "kecamatan": "Pseksu", "kabupaten": "Lahat"}, "geometry": {"type": "Polygon", "coordinates": [[[103.395986, -3.752414], [103.396874, -3.753019], [103.398917, -3.754298], [103.400818, -3.75586], [103.402792, -3.756714], [103.403637, -3.757495], [103.4057, -3.759525], [103.405838, -3.759985], [103.40667, -3.762753], [103.407025, -3.763936], [103.407473, -3.765426], [103.406791, -3.769446], [103.403262, -3.76777], [103.401213, -3.766797], [103.397905, -3.765226], [103.393855, -3.770136], [103.391372, -3.773145], [103.390977, -3.773624], [103.390329, -3.77441], [103.348775, -3.824782], [103.337214, -3.838794], [103.326944, -3.833626], [103.311714, -3.825962], [103.343502, -3.78529], [103.343521, -3.785305], [103.344834, -3.786213], [103.370347, -3.772784], [103.370936, -3.77289], [103.372088, -3.771424], [103.379367, -3.76685], [103.387856, -3.761516], [103.38862, -3.761036], [103.39085, -3.759635], [103.392445, -3.759943], [103.393627, -3.756754], [103.393988, -3.755781], [103.395156, -3.751849], [103.395986, -3.752414]]]}}, {"type": "Feature", "properties": {"iddesa": "1604112008", "kecamatan": "Kikim Timur", "kabupaten": "Lahat"}, "geometry": {"type": "Polygon", "coordinates": [[[103.379581, -3.709564], [103.379372, -3.711926], [103.379267, -3.71474], [103.379202, -3.716465], [103.378872, -3.720518], [103.379034, -3.72346], [103.378382, -3.72376], [103.375862, -3.725021], [103.375236, -3.72417], [103.374825, -3.723202], [103.374276, -3.722233], [103.374004, -3.720943], [103.374326, -3.720299], [103.374457, -3.719455], [103.374511, -3.719102], [103.374146, -3.718134], [103.373872, -3.717489], [103.373782, -3.716705], [103.371217, -3.715181], [103.369385, -3.714118], [103.369237, -3.714091], [103.367827, -3.713839], [103.367461, -3.713239], [103.367234, -3.712226], [103.367144, -3.711442], [103.367328, -3.710936], [103.367787, -3.710753], [103.368566, -3.710754], [103.369712, -3.710756], [103.370492, -3.710758], [103.370629, -3.710758], [103.370628, -3.711633], [103.37104, -3.711956], [103.372002, -3.712234], [103.372828, -3.712144], [103.373746, -3.711639], [103.37448, -3.711087], [103.37494, -3.710397], [103.375354, -3.709707], [103.375813, -3.709017], [103.376294, -3.708747], [103.376353, -3.708714], [103.376548, -3.708604], [103.37742, -3.708283], [103.377924, -3.708192], [103.378794, -3.708746], [103.379343, -3.709484], [103.379581, -3.709564]]]}}, {"type": "Feature", "properties": {"iddesa": "1604112009", "kecamatan": "Kikim Timur", "kabupaten": "Lahat"}, "geometry": {"type": "Polygon", "coordinates": [[[103.354251, -3.699658], [103.354167, -3.699754], [103.355828, -3.700448], [103.357374, -3.701257], [103.358978, -3.701835], [103.361554, -3.703107], [103.363615, -3.704089], [103.36665, -3.705419], [103.368426, -3.706229], [103.369456, -3.706633], [103.370946, -3.706751], [103.371263, -3.706678], [103.37137, -3.707029], [103.371323, -3.707765], [103.370908, -3.708732], [103.370723, -3.709607], [103.37063, -3.710482], [103.370629, -3.710758], [103.370492, -3.710758], [103.369712, -3.710756], [103.368566, -3.710754], [103.367787, -3.710753], [103.367328, -3.710936], [103.367144, -3.711442], [103.367234, -3.712226], [103.367461, -3.713239], [103.367827, -3.713839], [103.369237, -3.714091], [103.369385, -3.714118], [103.371217, -3.715181], [103.373782, -3.716705], [103.373872, -3.717489], [103.374146, -3.718134], [103.374511, -3.719102], [103.374457, -3.719455], [103.374326, -3.720299], [103.374004, -3.720943], [103.374276, -3.722233], [103.374825, -3.723202], [103.375236, -3.72417], [103.375862, -3.725021], [103.375797, -3.725053], [103.376276, -3.727972], [103.376514, -3.728738], [103.373516, -3.726427], [103.368622, -3.722397], [103.366662, -3.720783], [103.364926, -3.719354], [103.363589, -3.718253], [103.36233, -3.717674], [103.359808, -3.717497], [103.35786, -3.717493], [103.355682, -3.717259], [103.353907, -3.716738], [103.350641, -3.716444], [103.348692, -3.716267], [103.347249, -3.716057], [103.346687, -3.715976], [103.34577, -3.715801], [103.345198, -3.715339], [103.3452, -3.714418], [103.345545, -3.713498], [103.345547, -3.712864], [103.346007, -3.711771], [103.346869, -3.710794], [103.347788, -3.709472], [103.34905, -3.708898], [103.349107, -3.708899], [103.35014, -3.708094], [103.350657, -3.70752], [103.351173, -3.70729], [103.351231, -3.707118], [103.351348, -3.706082], [103.35135, -3.704585], [103.351639, -3.703607], [103.351411, -3.70303], [103.351413, -3.701936], [103.350957, -3.700611], [103.350557, -3.699517], [103.350542, -3.699211], [103.350902, -3.699345], [103.352907, -3.699636], [103.353824, -3.699638], [103.354251, -3.699658]]]}}, {"type": "Feature", "properties": {"iddesa": "1604122007", "kecamatan": "Pseksu", "kabupaten": "Lahat"}, "geometry": {"type": "Polygon", "coordinates": [[[103.367475, -3.762505], [103.367447, -3.763861], [103.366422, -3.764492], [103.36641, -3.764523], [103.359453, -3.762623], [103.35473, -3.761334], [103.350417, -3.760157], [103.347368, -3.759316], [103.346472, -3.759069], [103.343628, -3.758284], [103.342712, -3.758379], [103.342654, -3.758384], [103.342419, -3.758046], [103.342622, -3.757507], [103.342691, -3.756393], [103.342693, -3.755087], [103.344822, -3.755724], [103.345405, -3.755898], [103.348454, -3.756811], [103.354043, -3.758484], [103.358758, -3.759896], [103.366271, -3.762145], [103.367475, -3.762505]]]}}, {"type": "Feature", "properties": {"iddesa": "1604112001", "kecamatan": "Kikim Timur", "kabupaten": "Lahat"}, "geometry": {"type": "Polygon", "coordinates": [[[103.290485, -3.733563], [103.290853, -3.734772], [103.290986, -3.736275], [103.293065, -3.737743], [103.293701, -3.738192], [103.295584, -3.740092], [103.295601, -3.740108], [103.300902, -3.741075], [103.307015, -3.744092], [103.311634, -3.74574], [103.320058, -3.74917], [103.326852, -3.751642], [103.331475, -3.751651], [103.33569, -3.751386], [103.339092, -3.74989], [103.339262, -3.749693], [103.339258, -3.752087], [103.338523, -3.753838], [103.33634, -3.759039], [103.335437, -3.764199], [103.329844, -3.768004], [103.325179, -3.770516], [103.324029, -3.771135], [103.316877, -3.772467], [103.304814, -3.772219], [103.292306, -3.770399], [103.289486, -3.769827], [103.289226, -3.769774], [103.287839, -3.769493], [103.285388, -3.766122], [103.28521, -3.765468], [103.285101, -3.765065], [103.284824, -3.76405], [103.283954, -3.76086], [103.284114, -3.759479], [103.283442, -3.757986], [103.283075, -3.757171], [103.283007, -3.757019], [103.281912, -3.754585], [103.278773, -3.752474], [103.276609, -3.751019], [103.273076, -3.747456], [103.27273, -3.74427], [103.272641, -3.743455], [103.272651, -3.738565], [103.27271, -3.738436], [103.274873, -3.73368], [103.277085, -3.731466], [103.277534, -3.731605], [103.284734, -3.73476], [103.290485, -3.733563]]]}}, {"type": "Feature", "properties": {"iddesa": "1604060006", "kecamatan": "Jarai", "kabupaten": "Lahat"}, "geometry": {"type": "Polygon", "coordinates": [[[103.198625, -3.954763], [103.19835, -3.958593], [103.198343, -3.958697], [103.198235, -3.960215], [103.198202, -3.960672], [103.198, -3.963491], [103.197878, -3.963563], [103.197248, -3.962769], [103.197216, -3.962535], [103.197073, -3.961519], [103.197001, -3.961002], [103.196974, -3.960812], [103.196906, -3.960112], [103.196872, -3.959767], [103.196223, -3.959261], [103.195923, -3.958317], [103.195572, -3.957209], [103.195135, -3.957046], [103.194606, -3.956851], [103.194164, -3.956687], [103.194058, -3.956648], [103.193561, -3.956463], [103.192886, -3.956212], [103.192388, -3.956028], [103.193489, -3.95603], [103.193495, -3.953983], [103.195575, -3.954299], [103.195904, -3.954349], [103.196138, -3.954385], [103.197064, -3.954525], [103.197664, -3.954617], [103.198625, -3.954763]]]}}, {"type": "Feature", "properties": {"iddesa": "1604052003", "kecamatan": "Gumay Ulu", "kabupaten": "Lahat"}, "geometry": {"type": "Polygon", "coordinates": [[[103.497527, -3.927694], [103.496896, -3.928213], [103.495464, -3.927993], [103.495462, -3.927985], [103.493385, -3.927623], [103.493138, -3.927594], [103.492802, -3.927593], [103.492479, -3.92768], [103.492404, -3.927805], [103.492342, -3.927992], [103.492329, -3.928292], [103.492341, -3.928542], [103.492526, -3.929204], [103.492712, -3.929716], [103.492786, -3.929966], [103.492785, -3.930141], [103.492748, -3.93044], [103.492386, -3.930876], [103.491863, -3.931312], [103.491291, -3.931686], [103.490143, -3.932387], [103.489586, -3.932682], [103.488813, -3.933032], [103.487436, -3.933413], [103.487182, -3.933493], [103.486768, -3.933652], [103.48656, -3.933835], [103.48593, -3.934921], [103.485755, -3.935165], [103.485651, -3.935264], [103.485539, -3.935311], [103.485372, -3.935335], [103.485165, -3.93532], [103.484513, -3.935206], [103.483909, -3.935157], [103.48363, -3.935204], [103.483279, -3.935322], [103.48312, -3.935395], [103.482953, -3.93549], [103.482816, -3.935598], [103.48226, -3.936033], [103.481917, -3.936264], [103.481495, -3.936447], [103.480986, -3.93655], [103.479896, -3.936707], [103.47949, -3.936819], [103.479251, -3.93697], [103.479155, -3.93709], [103.479083, -3.937209], [103.479003, -3.937473], [103.478907, -3.93801], [103.478842, -3.938376], [103.478746, -3.938751], [103.478587, -3.938966], [103.478451, -3.939086], [103.478125, -3.939229], [103.477942, -3.939269], [103.476294, -3.93934], [103.475785, -3.939353], [103.474982, -3.939431], [103.474552, -3.93951], [103.474146, -3.939645], [103.473373, -3.940068], [103.470705, -3.941653], [103.469574, -3.942362], [103.468619, -3.942976], [103.467638, -3.943605], [103.467121, -3.94386], [103.466006, -3.944225], [103.465704, -3.944368], [103.465664, -3.944432], [103.465608, -3.944496], [103.465567, -3.944599], [103.46556, -3.944616], [103.465528, -3.944895], [103.465551, -3.945063], [103.465662, -3.945239], [103.46621, -3.945672], [103.466592, -3.945952], [103.466862, -3.946192], [103.466965, -3.946448], [103.46698, -3.946568], [103.466972, -3.946736], [103.466924, -3.946968], [103.466852, -3.947295], [103.466708, -3.947694], [103.466412, -3.948413], [103.466125, -3.94914], [103.465789, -3.949994], [103.465645, -3.950289], [103.465477, -3.950561], [103.46531, -3.950776], [103.465095, -3.950928], [103.46484, -3.951047], [103.464498, -3.95119], [103.464211, -3.951302], [103.463972, -3.951413], [103.463725, -3.951604], [103.463645, -3.951692], [103.463583, -3.951887], [103.463573, -3.951924], [103.463565, -3.951996], [103.463628, -3.952243], [103.463811, -3.952539], [103.464263, -3.953132], [103.464414, -3.953396], [103.464422, -3.953611], [103.464373, -3.953851], [103.46427, -3.954035], [103.464031, -3.95417], [103.463561, -3.954313], [103.46224, -3.954622], [103.461786, -3.954757], [103.461348, -3.954948], [103.460918, -3.955187], [103.46044, -3.955546], [103.459914, -3.956072], [103.459356, -3.956734], [103.458757, -3.957556], [103.457928, -3.958729], [103.457696, -3.95904], [103.457465, -3.95932], [103.457178, -3.959575], [103.456923, -3.95975], [103.456477, -3.959989], [103.455966, -3.960203], [103.454805, -3.960689], [103.451652, -3.962034], [103.451155, -3.962255], [103.451172, -3.962377], [103.450789, -3.962347], [103.449406, -3.963961], [103.448343, -3.964457], [103.447412, -3.964891], [103.446644, -3.965572], [103.445491, -3.967263], [103.444264, -3.968107], [103.444189, -3.968135], [103.443037, -3.968567], [103.442116, -3.969335], [103.441979, -3.969945], [103.441806, -3.97072], [103.440655, -3.971949], [103.438198, -3.974099], [103.43646, -3.974244], [103.431948, -3.963966], [103.43193, -3.963969], [103.431959, -3.963956], [103.442486, -3.962309], [103.44183, -3.960711], [103.434694, -3.943318], [103.432848, -3.938817], [103.432841, -3.938802], [103.435803, -3.938302], [103.437601, -3.940667], [103.440596, -3.939699], [103.442261, -3.93916], [103.444869, -3.939976], [103.444874, -3.939977], [103.446016, -3.940237], [103.446695, -3.939721], [103.448627, -3.939431], [103.449939, -3.938775], [103.451191, -3.938554], [103.452413, -3.938761], [103.452595, -3.938792], [103.453342, -3.93958], [103.453597, -3.941074], [103.454574, -3.941479], [103.455164, -3.941723], [103.456125, -3.941125], [103.457994, -3.942598], [103.459626, -3.940098], [103.462036, -3.940537], [103.462038, -3.940519], [103.462344, -3.938222], [103.463491, -3.938424], [103.463544, -3.938436], [103.464192, -3.938578], [103.46506, -3.937874], [103.466527, -3.935433], [103.469534, -3.935438], [103.471467, -3.933863], [103.473648, -3.932084], [103.474743, -3.928466], [103.477552, -3.928025], [103.477708, -3.925886], [103.479627, -3.926136], [103.479786, -3.922505], [103.481938, -3.92332], [103.482989, -3.922286], [103.483954, -3.921337], [103.484193, -3.925087], [103.485691, -3.925207], [103.485775, -3.923867], [103.487695, -3.923612], [103.4907, -3.924758], [103.492201, -3.923021], [103.497552, -3.927673], [103.497527, -3.927694]]]}}, {"type": "Feature", "properties": {"iddesa": "1604050033", "kecamatan": "Pulau Pinang", "kabupaten": "Lahat"}, "geometry": {"type": "Polygon", "coordinates": [[[103.52643, -3.861032], [103.526582, -3.861468], [103.528946, -3.863201], [103.533571, -3.863533], [103.534644, -3.864615], [103.534857, -3.865804], [103.534749, -3.866236], [103.534719, -3.866358], [103.534208, -3.868396], [103.533246, -3.868352], [103.530875, -3.867526], [103.52926, -3.868171], [103.528716, -3.871844], [103.529023, -3.873323], [103.529142, -3.873897], [103.5286, -3.876813], [103.527891, -3.878936], [103.523205, -3.878642], [103.498743, -3.877108], [103.500098, -3.87471], [103.502202, -3.86708], [103.503881, -3.860995], [103.51615, -3.861015], [103.525932, -3.861031], [103.526065, -3.861032], [103.52643, -3.861032]]]}}, {"type": "Feature", "properties": {"iddesa": "1604122009", "kecamatan": "Pseksu", "kabupaten": "Lahat"}, "geometry": {"type": "Polygon", "coordinates": [[[103.388283, -3.759138], [103.39085, -3.759635], [103.38862, -3.761036], [103.387856, -3.761516], [103.379367, -3.76685], [103.372088, -3.771424], [103.370936, -3.77289], [103.370347, -3.772784], [103.368364, -3.772426], [103.365585, -3.771925], [103.36184, -3.77125], [103.363694, -3.76975], [103.364282, -3.769078], [103.364523, -3.768802], [103.365273, -3.767893], [103.365708, -3.767063], [103.365789, -3.766153], [103.366347, -3.764689], [103.36641, -3.764523], [103.366422, -3.764492], [103.367447, -3.763861], [103.367475, -3.762505], [103.368365, -3.762771], [103.368576, -3.762147], [103.370358, -3.756886], [103.370358, -3.756886], [103.370358, -3.756886], [103.370745, -3.755745], [103.37124, -3.755841], [103.372192, -3.756025], [103.376875, -3.756931], [103.388283, -3.759138]]]}}, {"type": "Feature", "properties": {"iddesa": "1611010011", "kecamatan": "Muara Pinang", "kabupaten": "Empat Lawang"}, "geometry": {"type": "Polygon", "coordinates": [[[103.115345, -3.861883], [103.095007, -3.867386], [103.091823, -3.868248], [103.091231, -3.868408], [103.088577, -3.869126], [103.083988, -3.870368], [103.083713, -3.870442], [103.082936, -3.870653], [103.079951, -3.87146], [103.079396, -3.869751], [103.082688, -3.868875], [103.083108, -3.868763], [103.084274, -3.868452], [103.085463, -3.868136], [103.087332, -3.867638], [103.088126, -3.867427], [103.092342, -3.866304], [103.115895, -3.860033], [103.115345, -3.861883]]]}}, {"type": "Feature", "properties": {"iddesa": "1604121009", "kecamatan": "Gumay Talang", "kabupaten": "Lahat"}, "geometry": {"type": "Polygon", "coordinates": [[[103.459066, -3.762226], [103.45895, -3.762274], [103.458739, -3.76236], [103.45872, -3.762368], [103.458735, -3.762431], [103.45853, -3.762667], [103.458526, -3.762712], [103.458499, -3.762968], [103.457963, -3.76363], [103.457659, -3.764388], [103.456686, -3.766817], [103.456658, -3.766887], [103.455165, -3.766799], [103.455176, -3.766775], [103.456605, -3.763864], [103.457144, -3.762767], [103.457464, -3.762116], [103.457482, -3.762078], [103.457848, -3.761333], [103.457947, -3.761131], [103.45795, -3.761135], [103.45895, -3.762274], [103.459066, -3.762226]]]}}, {"type": "Feature", "properties": {"iddesa": "1604060001", "kecamatan": "Jarai", "kabupaten": "Lahat"}, "geometry": {"type": "Polygon", "coordinates": [[[103.195599, -3.964056], [103.195594, -3.966273], [103.195261, -3.966908], [103.19434, -3.968667], [103.193854, -3.969594], [103.193176, -3.970885], [103.192184, -3.97429], [103.187904, -3.976934], [103.186725, -3.977663], [103.187404, -3.980415], [103.187788, -3.981976], [103.191105, -3.979144], [103.191105, -3.979144], [103.192122, -3.980547], [103.192196, -3.980648], [103.195054, -3.984589], [103.196088, -3.986015], [103.197764, -3.988327], [103.197764, -3.988327], [103.197833, -3.988421], [103.197759, -3.988421], [103.197657, -3.990243], [103.196844, -3.990241], [103.19674, -3.990181], [103.195532, -3.989976], [103.194324, -3.989839], [103.192914, -3.989768], [103.191773, -3.989496], [103.190633, -3.988954], [103.189961, -3.988885], [103.188416, -3.989219], [103.18795, -3.989465], [103.184566, -3.989628], [103.184089, -3.989866], [103.182813, -3.990503], [103.182549, -3.991382], [103.182233, -3.991768], [103.181963, -3.992644], [103.181289, -3.993586], [103.180819, -3.993855], [103.17977, -3.99433], [103.178831, -3.994721], [103.178466, -3.994861], [103.177862, -3.99486], [103.177134, -3.995296], [103.176874, -3.99523], [103.174011, -3.996373], [103.170462, -3.997399], [103.168744, -3.998315], [103.166565, -4.000378], [103.164501, -4.002212], [103.163009, -4.004277], [103.161852, -4.005], [103.16077, -4.005392], [103.159574, -4.005304], [103.156714, -4.005067], [103.154769, -4.004833], [103.153966, -4.005751], [103.151676, -4.00655], [103.150666, -4.007559], [103.149389, -4.008288], [103.147886, -4.009069], [103.143955, -4.010638], [103.140742, -4.012096], [103.136569, -4.013918], [103.135755, -4.013868], [103.134265, -4.014554], [103.132433, -4.015239], [103.129572, -4.015462], [103.126025, -4.015454], [103.121846, -4.015555], [103.121677, -4.015559], [103.121688, -4.015573], [103.1216, -4.015576], [103.121566, -4.015571], [103.121568, -4.015577], [103.121576, -4.015594], [103.121414, -4.015618], [103.121379, -4.015725], [103.121332, -4.01563], [103.12132, -4.015605], [103.121294, -4.015605], [103.121046, -4.015605], [103.121182, -4.015274], [103.122357, -4.012053], [103.123034, -4.010606], [103.12462, -4.005697], [103.125006, -4.002095], [103.125306, -3.998579], [103.125318, -3.998571], [103.127644, -3.996826], [103.128887, -3.995939], [103.130517, -3.994214], [103.130971, -3.991294], [103.132547, -3.987029], [103.134515, -3.986814], [103.136423, -3.986296], [103.137302, -3.984833], [103.13781, -3.985044], [103.142258, -3.986895], [103.150139, -3.986034], [103.154517, -3.985751], [103.155522, -3.984634], [103.156369, -3.984538], [103.157573, -3.984299], [103.160343, -3.982493], [103.161667, -3.982255], [103.16239, -3.98129], [103.163836, -3.980085], [103.165409, -3.976223], [103.16578, -3.9757], [103.168666, -3.97164], [103.16955, -3.970567], [103.169429, -3.970838], [103.169337, -3.971045], [103.171912, -3.970581], [103.172603, -3.970398], [103.174579, -3.969873], [103.177602, -3.968631], [103.180091, -3.967922], [103.181692, -3.967212], [103.182255, -3.966743], [103.18303, -3.966097], [103.183828, -3.965432], [103.184047, -3.965309], [103.186674, -3.963833], [103.186852, -3.963655], [103.187919, -3.963241], [103.187921, -3.962408], [103.187923, -3.961777], [103.188635, -3.961697], [103.188786, -3.961561], [103.188765, -3.961975], [103.189558, -3.962426], [103.189919, -3.962608], [103.190911, -3.96261], [103.191902, -3.962793], [103.192893, -3.963248], [103.193974, -3.963704], [103.195327, -3.963978], [103.19552, -3.964033], [103.195599, -3.964056]]]}}, {"type": "Feature", "properties": {"iddesa": "1604011008", "kecamatan": "Tanjung Sakti Pumi", "kabupaten": "Lahat"}, "geometry": {"type": "Polygon", "coordinates": [[[103.17301, -4.133192], [103.170408, -4.133515], [103.168281, -4.135773], [103.159536, -4.136813], [103.150106, -4.140524], [103.137905, -4.14156], [103.125033, -4.146588], [103.119596, -4.146975], [103.114623, -4.150032], [103.11052, -4.151647], [103.107388, -4.152722], [103.105446, -4.152934], [103.10361, -4.153688], [103.100197, -4.154197], [103.089903, -4.158573], [103.089902, -4.158624], [103.085681, -4.158109], [103.08548, -4.158109], [103.076741, -4.161642], [103.075565, -4.162117], [103.075468, -4.16192], [103.075468, -4.161768], [103.075217, -4.161515], [103.075017, -4.161364], [103.074816, -4.161212], [103.074414, -4.161211], [103.074162, -4.161361], [103.073709, -4.161461], [103.073558, -4.161663], [103.073306, -4.161965], [103.072451, -4.162165], [103.072252, -4.162314], [103.07225, -4.162316], [103.071947, -4.162618], [103.071545, -4.162667], [103.071394, -4.162616], [103.070016, -4.162585], [103.06986, -4.162582], [103.070095, -4.160866], [103.070095, -4.16084], [103.070229, -4.160599], [103.070363, -4.160359], [103.070364, -4.160091], [103.070316, -4.159914], [103.070284, -4.159796], [103.070418, -4.159529], [103.070419, -4.159422], [103.070553, -4.158967], [103.070713, -4.158754], [103.0709, -4.15854], [103.071035, -4.158112], [103.070823, -4.158015], [103.073457, -4.157357], [103.110747, -4.148044], [103.114706, -4.146945], [103.114832, -4.146788], [103.115304, -4.146034], [103.116248, -4.144808], [103.117287, -4.142922], [103.117384, -4.1416], [103.117152, -4.140039], [103.118154, -4.139916], [103.121206, -4.138991], [103.123862, -4.137134], [103.126648, -4.136208], [103.128904, -4.135415], [103.131823, -4.134623], [103.134874, -4.133698], [103.136865, -4.132771], [103.140314, -4.132114], [103.143496, -4.132254], [103.147872, -4.131599], [103.14973, -4.130938], [103.153316, -4.128417], [103.155041, -4.127755], [103.157296, -4.127228], [103.162473, -4.124444], [103.163406, -4.122449], [103.165468, -4.120576], [103.166215, -4.121834], [103.16659, -4.122915], [103.167478, -4.124726], [103.16858, -4.125976], [103.169082, -4.126555], [103.170233, -4.12845], [103.170727, -4.129428], [103.171332, -4.13056], [103.172694, -4.132621], [103.17301, -4.133192]]]}}, {"type": "Feature", "properties": {"iddesa": "1604012008", "kecamatan": "Tanjung Sakti Pumu", "kabupaten": "Lahat"}, "geometry": {"type": "Polygon", "coordinates": [[[103.065947, -4.114157], [103.065186, -4.114644], [103.064684, -4.115253], [103.064398, -4.115682], [103.063791, -4.115681], [103.063076, -4.115966], [103.062431, -4.116681], [103.061931, -4.117039], [103.061394, -4.117288], [103.060572, -4.117537], [103.059644, -4.117643], [103.059072, -4.117641], [103.057785, -4.118535], [103.057069, -4.119106], [103.055819, -4.119318], [103.055248, -4.119317], [103.05439, -4.119458], [103.053426, -4.119456], [103.052783, -4.119526], [103.05189, -4.11956], [103.050783, -4.119772], [103.050068, -4.120021], [103.049032, -4.120485], [103.048709, -4.120771], [103.048137, -4.121272], [103.047958, -4.121415], [103.047386, -4.121628], [103.046957, -4.121771], [103.046671, -4.122093], [103.04617, -4.122522], [103.045634, -4.122628], [103.045098, -4.122806], [103.044705, -4.122805], [103.044598, -4.122805], [103.044561, -4.122805], [103.044098, -4.122803], [103.043705, -4.122802], [103.043277, -4.122801], [103.04292, -4.122729], [103.042777, -4.122657], [103.042653, -4.122641], [103.042492, -4.12262], [103.042479, -4.12262], [103.042242, -4.12262], [103.041813, -4.122547], [103.041278, -4.122546], [103.040885, -4.122545], [103.040349, -4.122543], [103.039849, -4.122578], [103.039635, -4.122685], [103.039278, -4.122827], [103.038777, -4.122898], [103.038384, -4.122969], [103.037956, -4.123003], [103.037705, -4.123218], [103.037348, -4.123289], [103.036991, -4.123467], [103.036705, -4.123502], [103.036455, -4.123573], [103.036276, -4.123645], [103.036169, -4.123644], [103.033713, -4.123666], [103.033657, -4.123439], [103.034126, -4.122853], [103.034536, -4.122385], [103.035004, -4.121742], [103.035474, -4.120746], [103.03565, -4.120395], [103.035943, -4.120044], [103.036177, -4.119634], [103.036295, -4.119165], [103.036296, -4.118638], [103.036298, -4.118169], [103.036298, -4.117993], [103.036299, -4.117524], [103.036299, -4.117348], [103.041612, -4.117548], [103.0416, -4.117181], [103.042521, -4.11773], [103.042578, -4.117749], [103.042653, -4.117787], [103.042767, -4.117845], [103.042861, -4.117883], [103.042937, -4.117921], [103.043088, -4.117997], [103.043164, -4.118036], [103.043277, -4.118074], [103.043371, -4.11809], [103.043391, -4.118093], [103.043466, -4.118131], [103.043523, -4.118207], [103.043769, -4.118227], [103.043958, -4.118133], [103.044186, -4.118076], [103.0443, -4.117867], [103.044302, -4.117865], [103.044395, -4.117773], [103.044471, -4.117602], [103.044642, -4.117374], [103.044756, -4.117203], [103.044851, -4.117051], [103.045059, -4.117014], [103.045268, -4.116824], [103.045457, -4.116711], [103.045628, -4.116635], [103.045836, -4.11656], [103.045911, -4.116485], [103.04595, -4.116446], [103.046064, -4.116161], [103.046197, -4.115953], [103.046312, -4.115516], [103.046464, -4.115288], [103.046616, -4.114794], [103.046787, -4.114681], [103.046977, -4.114491], [103.047109, -4.114396], [103.047583, -4.11417], [103.047716, -4.114094], [103.047848, -4.11398], [103.048095, -4.113829], [103.048474, -4.113526], [103.048854, -4.113014], [103.049347, -4.112654], [103.04948, -4.112502], [103.049745, -4.112465], [103.05001, -4.112351], [103.05018, -4.112314], [103.050427, -4.1122], [103.050446, -4.112143], [103.050541, -4.112086], [103.050749, -4.112049], [103.051108, -4.11205], [103.051392, -4.111975], [103.056543, -4.111075], [103.056656, -4.111056], [103.066543, -4.110062], [103.066543, -4.110201], [103.066266, -4.110617], [103.066585, -4.112005], [103.066583, -4.112617], [103.066397, -4.113529], [103.065947, -4.114157]]]}}, {"type": "Feature", "properties": {"iddesa": "1604122011", "kecamatan": "Pseksu", "kabupaten": "Lahat"}, "geometry": {"type": "Polygon", "coordinates": [[[103.406791, -3.769446], [103.405794, -3.775329], [103.399316, -3.816197], [103.39644, -3.834341], [103.39644, -3.834341], [103.386769, -3.895333], [103.386745, -3.895483], [103.385014, -3.895363], [103.383005, -3.894013], [103.378993, -3.888619], [103.375873, -3.884573], [103.369397, -3.881867], [103.364267, -3.877368], [103.359358, -3.873768], [103.355117, -3.871515], [103.350423, -3.872404], [103.346172, -3.875089], [103.34103, -3.876425], [103.336337, -3.876865], [103.333692, -3.877745], [103.329629, -3.879096], [103.323592, -3.881104], [103.318002, -3.883337], [103.315918, -3.884925], [103.314336, -3.884756], [103.309286, -3.884217], [103.298998, -3.88891], [103.282014, -3.887215], [103.273754, -3.886389], [103.259514, -3.892735], [103.311714, -3.825962], [103.326944, -3.833626], [103.337214, -3.838794], [103.348775, -3.824782], [103.390329, -3.77441], [103.390977, -3.773624], [103.391372, -3.773145], [103.393855, -3.770136], [103.397905, -3.765226], [103.401213, -3.766797], [103.403262, -3.76777], [103.406791, -3.769446]]]}}, {"type": "Feature", "properties": {"iddesa": "1604042011", "kecamatan": "Tanjung Tebat", "kabupaten": "Lahat"}, "geometry": {"type": "Polygon", "coordinates": [[[103.466487, -3.97914], [103.45643, -3.978367], [103.456226, -3.976346], [103.455949, -3.973602], [103.455992, -3.973598], [103.455771, -3.970866], [103.456241, -3.970768], [103.457235, -3.970562], [103.458389, -3.970323], [103.471984, -3.967505], [103.472007, -3.967621], [103.471471, -3.96762], [103.468638, -3.974167], [103.468623, -3.974204], [103.466487, -3.97914]]]}}, {"type": "Feature", "properties": {"iddesa": "1604062002", "kecamatan": "Muara Payang", "kabupaten": "Lahat"}, "geometry": {"type": "Polygon", "coordinates": [[[103.124449, -3.925194], [103.122901, -3.923242], [103.122792, -3.923104], [103.124407, -3.921489], [103.125617, -3.921087], [103.126266, -3.920324], [103.127995, -3.918678], [103.129381, -3.916559], [103.130422, -3.914204], [103.131115, -3.912791], [103.132846, -3.910673], [103.133884, -3.90926], [103.136776, -3.908295], [103.137149, -3.907789], [103.138218, -3.907174], [103.139564, -3.9064], [103.139494, -3.905761], [103.139382, -3.904752], [103.140439, -3.903495], [103.140871, -3.902981], [103.142362, -3.900068], [103.142332, -3.900051], [103.139741, -3.898539], [103.138741, -3.897955], [103.138745, -3.89654], [103.138871, -3.896241], [103.139439, -3.894891], [103.139444, -3.892534], [103.139448, -3.890598], [103.13945, -3.889469], [103.138765, -3.88711], [103.138773, -3.883574], [103.137745, -3.880035], [103.137061, -3.877204], [103.13649, -3.874243], [103.136379, -3.873666], [103.136312, -3.87359], [103.135429, -3.87258], [103.13328, -3.870123], [103.133471, -3.869095], [103.132594, -3.868235], [103.132257, -3.864227], [103.132258, -3.863991], [103.132481, -3.863311], [103.132953, -3.861871], [103.132955, -3.86079], [103.132956, -3.86022], [103.132959, -3.8589], [103.13296, -3.85857], [103.132963, -3.857116], [103.132965, -3.856448], [103.132967, -3.855488], [103.138457, -3.854027], [103.138454, -3.855352], [103.138453, -3.85563], [103.13845, -3.857297], [103.138449, -3.857578], [103.138653, -3.85914], [103.138845, -3.860614], [103.139118, -3.861356], [103.139208, -3.861602], [103.141911, -3.868963], [103.14363, -3.872268], [103.144314, -3.875098], [103.144656, -3.876514], [103.145673, -3.885239], [103.145664, -3.889011], [103.147382, -3.892551], [103.149448, -3.895149], [103.147329, -3.90008], [103.147019, -3.900802], [103.145819, -3.902109], [103.145289, -3.902685], [103.144975, -3.904172], [103.14494, -3.904334], [103.144297, -3.905754], [103.143553, -3.907396], [103.140439, -3.91069], [103.139278, -3.913056], [103.139052, -3.913516], [103.138521, -3.916867], [103.1363, -3.918885], [103.134714, -3.920629], [103.13428, -3.921107], [103.133469, -3.923331], [103.131451, -3.924945], [103.129434, -3.926155], [103.12681, -3.928172], [103.124449, -3.925194]]]}}, {"type": "Feature", "properties": {"iddesa": "1604040019", "kecamatan": "Kota Agung", "kabupaten": "Lahat"}, "geometry": {"type": "Polygon", "coordinates": [[[103.45839, -4.054819], [103.458168, -4.060578], [103.457957, -4.066066], [103.453172, -4.061986], [103.451563, -4.060614], [103.449253, -4.058644], [103.452319, -4.05439], [103.45839, -4.054819]]]}}, {"type": "Feature", "properties": {"iddesa": "1604062006", "kecamatan": "Muara Payang", "kabupaten": "Lahat"}, "geometry": {"type": "Polygon", "coordinates": [[[103.160362, -3.909568], [103.160319, -3.910629], [103.16027, -3.91087], [103.160147, -3.911481], [103.159621, -3.914091], [103.157775, -3.91709], [103.156175, -3.919489], [103.15593, -3.919857], [103.155746, -3.920133], [103.154084, -3.922624], [103.153384, -3.924022], [103.152929, -3.924931], [103.151293, -3.927837], [103.150852, -3.928621], [103.148776, -3.931619], [103.145548, -3.935307], [103.141174, -3.937606], [103.139957, -3.93858], [103.138871, -3.939449], [103.137985, -3.940173], [103.136337, -3.941521], [103.133574, -3.943363], [103.131042, -3.944281], [103.128499, -3.946346], [103.128212, -3.94658], [103.127798, -3.945023], [103.12879, -3.943536], [103.129661, -3.941054], [103.129046, -3.939811], [103.128686, -3.939494], [103.130828, -3.937352], [103.133589, -3.936665], [103.137731, -3.935289], [103.140217, -3.933974], [103.141644, -3.933219], [103.145331, -3.929533], [103.146263, -3.927826], [103.146717, -3.926995], [103.147869, -3.925612], [103.14853, -3.924011], [103.149488, -3.92169], [103.15156, -3.920309], [103.151687, -3.920124], [103.154097, -3.91662], [103.154794, -3.913388], [103.155095, -3.910719], [103.155263, -3.909232], [103.155995, -3.9085], [103.158029, -3.906467], [103.1605, -3.906141], [103.160457, -3.907212], [103.160362, -3.909568]]]}}, {"type": "Feature", "properties": {"iddesa": "1604062001", "kecamatan": "Muara Payang", "kabupaten": "Lahat"}, "geometry": {"type": "Polygon", "coordinates": [[[103.122901, -3.923242], [103.108177, -3.919949], [103.108385, -3.914354], [103.107788, -3.904868], [103.107599, -3.888061], [103.107575, -3.885894], [103.107529, -3.881855], [103.107896, -3.88103], [103.110223, -3.875788], [103.113246, -3.868977], [103.113597, -3.868186], [103.114105, -3.86625], [103.114534, -3.864612], [103.114642, -3.864248], [103.115345, -3.861883], [103.115895, -3.860033], [103.132967, -3.855488], [103.132965, -3.856448], [103.132963, -3.857116], [103.13296, -3.85857], [103.132959, -3.8589], [103.132956, -3.86022], [103.132955, -3.86079], [103.132953, -3.861871], [103.132481, -3.863311], [103.132258, -3.863991], [103.132257, -3.864227], [103.132594, -3.868235], [103.133471, -3.869095], [103.13328, -3.870123], [103.135429, -3.87258], [103.136312, -3.87359], [103.136379, -3.873666], [103.13649, -3.874243], [103.137061, -3.877204], [103.137745, -3.880035], [103.138773, -3.883574], [103.138765, -3.88711], [103.13945, -3.889469], [103.139448, -3.890598], [103.139444, -3.892534], [103.139439, -3.894891], [103.138871, -3.896241], [103.138745, -3.89654], [103.138741, -3.897955], [103.139741, -3.898539], [103.142332, -3.900051], [103.142362, -3.900068], [103.140871, -3.902981], [103.140439, -3.903495], [103.139382, -3.904752], [103.139494, -3.905761], [103.139564, -3.9064], [103.138218, -3.907174], [103.137149, -3.907789], [103.136776, -3.908295], [103.133884, -3.90926], [103.132846, -3.910673], [103.131115, -3.912791], [103.130422, -3.914204], [103.129381, -3.916559], [103.127995, -3.918678], [103.126266, -3.920324], [103.125617, -3.921087], [103.124407, -3.921489], [103.122792, -3.923104], [103.122901, -3.923242]]]}}, {"type": "Feature", "properties": {"iddesa": "1611010021", "kecamatan": "Muara Pinang", "kabupaten": "Empat Lawang"}, "geometry": {"type": "Polygon", "coordinates": [[[103.112998, -3.795269], [103.112722, -3.796239], [103.044386, -3.841382], [103.041727, -3.843139], [103.040068, -3.844234], [103.039867, -3.844368], [103.039433, -3.844034], [103.039433, -3.844033], [103.038587, -3.843383], [103.036809, -3.842012], [103.036634, -3.841878], [103.036583, -3.841896], [103.036062, -3.842088], [103.035749, -3.842204], [103.034391, -3.842705], [103.033991, -3.841385], [103.03223, -3.83555], [103.033625, -3.834459], [103.033651, -3.834439], [103.034515, -3.833764], [103.034607, -3.833692], [103.037199, -3.831666], [103.037911, -3.83111], [103.041229, -3.828517], [103.083378, -3.799903], [103.104407, -3.78156], [103.104459, -3.781514], [103.104629, -3.781797], [103.104682, -3.781853], [103.105783, -3.783721], [103.106038, -3.784146], [103.106041, -3.784158], [103.106474, -3.786135], [103.106603, -3.788291], [103.106603, -3.788291], [103.106615, -3.788491], [103.106543, -3.788868], [103.106096, -3.791214], [103.105655, -3.792096], [103.106164, -3.793717], [103.106984, -3.794196], [103.106984, -3.794196], [103.106985, -3.794197], [103.107504, -3.7945], [103.107555, -3.79453], [103.112998, -3.795269]]]}}, {"type": "Feature", "properties": {"iddesa": "1611010018", "kecamatan": "Muara Pinang", "kabupaten": "Empat Lawang"}, "geometry": {"type": "Polygon", "coordinates": [[[103.135747, -3.810399], [103.135455, -3.810558], [103.062678, -3.850044], [103.060058, -3.851465], [103.055155, -3.854125], [103.053997, -3.855145], [103.049285, -3.859292], [103.043652, -3.86425], [103.04361, -3.864288], [103.042383, -3.862], [103.041479, -3.860315], [103.039632, -3.856871], [103.039228, -3.856118], [103.038262, -3.854314], [103.040927, -3.851623], [103.041444, -3.8511], [103.04221, -3.850327], [103.043106, -3.849423], [103.043538, -3.848987], [103.048927, -3.846028], [103.129594, -3.801743], [103.129893, -3.801578], [103.130688, -3.802132], [103.131053, -3.802518], [103.131119, -3.802587], [103.131396, -3.802879], [103.132226, -3.803757], [103.134036, -3.80567], [103.134131, -3.805934], [103.135635, -3.810117], [103.135747, -3.810398], [103.135747, -3.810399]]]}}, {"type": "Feature", "properties": {"iddesa": "1611010013", "kecamatan": "Muara Pinang", "kabupaten": "Empat Lawang"}, "geometry": {"type": "Polygon", "coordinates": [[[103.143508, -3.849003], [103.143453, -3.849163], [103.142591, -3.849407], [103.138308, -3.850616], [103.132974, -3.852122], [103.116898, -3.856663], [103.088346, -3.864726], [103.083001, -3.866236], [103.081652, -3.866657], [103.080702, -3.866953], [103.079994, -3.867174], [103.079568, -3.866961], [103.079265, -3.866809], [103.077806, -3.867235], [103.077076, -3.867904], [103.051176, -3.877858], [103.051365, -3.877184], [103.051366, -3.877181], [103.051175, -3.876874], [103.075547, -3.866781], [103.07812, -3.86586], [103.078868, -3.865592], [103.078931, -3.865572], [103.078952, -3.865566], [103.084529, -3.863848], [103.084613, -3.863821], [103.084767, -3.863774], [103.117924, -3.853279], [103.132339, -3.848716], [103.137627, -3.847043], [103.140498, -3.846134], [103.143912, -3.845053], [103.14577, -3.844465], [103.144527, -3.845842], [103.14442, -3.845961], [103.144367, -3.846204], [103.144198, -3.846992], [103.143508, -3.849003]]]}}, {"type": "Feature", "properties": {"iddesa": "1604121004", "kecamatan": "Gumay Talang", "kabupaten": "Lahat"}, "geometry": {"type": "Polygon", "coordinates": [[[103.450478, -3.762601], [103.451098, -3.760667], [103.448506, -3.758875], [103.448143, -3.758405], [103.448066, -3.758305], [103.447476, -3.757099], [103.447408, -3.756961], [103.445116, -3.737648], [103.457579, -3.738619], [103.453644, -3.760495], [103.453603, -3.760478], [103.452055, -3.759847], [103.452033, -3.759838], [103.452032, -3.759839], [103.45129, -3.762653], [103.450651, -3.765077], [103.449753, -3.764863], [103.449927, -3.76432], [103.450462, -3.762651], [103.450478, -3.762601]]]}}, {"type": "Feature", "properties": {"iddesa": "1604041007", "kecamatan": "Mulak Ulu", "kabupaten": "Lahat"}, "geometry": {"type": "Polygon", "coordinates": [[[103.484663, -4.035713], [103.484671, -4.035729], [103.485735, -4.036126], [103.490481, -4.037898], [103.492258, -4.038561], [103.492271, -4.038566], [103.492266, -4.041131], [103.492266, -4.041388], [103.490775, -4.042631], [103.490119, -4.042556], [103.489936, -4.042536], [103.488207, -4.042339], [103.486896, -4.04219], [103.486152, -4.042106], [103.485427, -4.042024], [103.484655, -4.041936], [103.483863, -4.041846], [103.483337, -4.041787], [103.484056, -4.040555], [103.48444, -4.039896], [103.484498, -4.039797], [103.481709, -4.039477], [103.477101, -4.038949], [103.475655, -4.038784], [103.475456, -4.038719], [103.47543, -4.038703], [103.475735, -4.03682], [103.475987, -4.035262], [103.476034, -4.034971], [103.476303, -4.033311], [103.478609, -4.033974], [103.484663, -4.035713]]]}}, {"type": "Feature", "properties": {"iddesa": "1611010009", "kecamatan": "Muara Pinang", "kabupaten": "Empat Lawang"}, "geometry": {"type": "Polygon", "coordinates": [[[103.114105, -3.86625], [103.095378, -3.871673], [103.093976, -3.872079], [103.093958, -3.872086], [103.093113, -3.872409], [103.092091, -3.8728], [103.091973, -3.87285], [103.091013, -3.873253], [103.090773, -3.873354], [103.090172, -3.873628], [103.081878, -3.877411], [103.080814, -3.874125], [103.080814, -3.874124], [103.081517, -3.87392], [103.081618, -3.87389], [103.082737, -3.873564], [103.086095, -3.872583], [103.088564, -3.871862], [103.089925, -3.871465], [103.091541, -3.870993], [103.091643, -3.870963], [103.093575, -3.870399], [103.09439, -3.870161], [103.114642, -3.864248], [103.114534, -3.864612], [103.114105, -3.86625]]]}}, {"type": "Feature", "properties": {"iddesa": "1604060041", "kecamatan": "Jarai", "kabupaten": "Lahat"}, "geometry": {"type": "Polygon", "coordinates": [[[103.194015, -3.940674], [103.194824, -3.940697], [103.194953, -3.940706], [103.195167, -3.940858], [103.193894, -3.943273], [103.193483, -3.944055], [103.192838, -3.945279], [103.192637, -3.946079], [103.19259, -3.946266], [103.192472, -3.946732], [103.192241, -3.947652], [103.192355, -3.948186], [103.192758, -3.95008], [103.193041, -3.951415], [103.19305, -3.951453], [103.192045, -3.951449], [103.191977, -3.951449], [103.191957, -3.951468], [103.191924, -3.951419], [103.186783, -3.951289], [103.182784, -3.951187], [103.186213, -3.946718], [103.186233, -3.946692], [103.187699, -3.944779], [103.188863, -3.943262], [103.190486, -3.941145], [103.190903, -3.940601], [103.191939, -3.940619], [103.192159, -3.940623], [103.194015, -3.940674]]]}}, {"type": "Feature", "properties": {"iddesa": "1604040009", "kecamatan": "Kota Agung", "kabupaten": "Lahat"}, "geometry": {"type": "Polygon", "coordinates": [[[103.415939, -4.06016], [103.414644, -4.070144], [103.418261, -4.074398], [103.417844, -4.074871], [103.414776, -4.078344], [103.414112, -4.079096], [103.414097, -4.079624], [103.414063, -4.080767], [103.413745, -4.091481], [103.407194, -4.091059], [103.407007, -4.091028], [103.407765, -4.082346], [103.408005, -4.079601], [103.40814, -4.078056], [103.408236, -4.076949], [103.408903, -4.069314], [103.409867, -4.058276], [103.415939, -4.06016]]]}}, {"type": "Feature", "properties": {"iddesa": "1604040010", "kecamatan": "Kota Agung", "kabupaten": "Lahat"}, "geometry": {"type": "Polygon", "coordinates": [[[103.409867, -4.058276], [103.408903, -4.069314], [103.408236, -4.076949], [103.40814, -4.078056], [103.408005, -4.079601], [103.407765, -4.082346], [103.399361, -4.081736], [103.398846, -4.081262], [103.397862, -4.078264], [103.396914, -4.075376], [103.393695, -4.065574], [103.39383, -4.065331], [103.394131, -4.064994], [103.394215, -4.064763], [103.394588, -4.064291], [103.394889, -4.064044], [103.395226, -4.063606], [103.395582, -4.063122], [103.395747, -4.062693], [103.395766, -4.062108], [103.39594, -4.061596], [103.396215, -4.061112], [103.396333, -4.060866], [103.396334, -4.060491], [103.39632, -4.060255], [103.396235, -4.060134], [103.39608, -4.05996], [103.395853, -4.059713], [103.395635, -4.059502], [103.395371, -4.059255], [103.394999, -4.059026], [103.394744, -4.058879], [103.39449, -4.058668], [103.394335, -4.058476], [103.394172, -4.05821], [103.394172, -4.057927], [103.394182, -4.057589], [103.394265, -4.057342], [103.394484, -4.057096], [103.394607, -4.056923], [103.394848, -4.056804], [103.395168, -4.056439], [103.395514, -4.056074], [103.39587, -4.055663], [103.396035, -4.055234], [103.396218, -4.054777], [103.396264, -4.054466], [103.396265, -4.054192], [103.396288, -4.054062], [103.409867, -4.058276]]]}}, {"type": "Feature", "properties": {"iddesa": "1604113005", "kecamatan": "Kikim Selatan", "kabupaten": "Lahat"}, "geometry": {"type": "Polygon", "coordinates": [[[103.209792, -3.724119], [103.20998, -3.724344], [103.210615, -3.72524], [103.210614, -3.725687], [103.211504, -3.725881], [103.213477, -3.725693], [103.214686, -3.725568], [103.216849, -3.725636], [103.217169, -3.725629], [103.217169, -3.725983], [103.217069, -3.726775], [103.217067, -3.727616], [103.217063, -3.729447], [103.217061, -3.730487], [103.217059, -3.731674], [103.217057, -3.732565], [103.217054, -3.73405], [103.217003, -3.734941], [103.2171, -3.735535], [103.217494, -3.735783], [103.217838, -3.735982], [103.21838, -3.735983], [103.218824, -3.735934], [103.219415, -3.735836], [103.220104, -3.736135], [103.22004, -3.736408], [103.224182, -3.73721], [103.224039, -3.739162], [103.224034, -3.741806], [103.224029, -3.74416], [103.223864, -3.745919], [103.223215, -3.745836], [103.22255, -3.745774], [103.221763, -3.745833], [103.221097, -3.745892], [103.220612, -3.745952], [103.22008, -3.746078], [103.219941, -3.746], [103.219297, -3.745635], [103.217328, -3.74479], [103.215112, -3.744192], [103.213734, -3.743545], [103.213095, -3.742802], [103.212111, -3.741958], [103.211079, -3.740818], [103.210145, -3.740024], [103.208669, -3.738833], [103.207735, -3.738139], [103.2068, -3.737543], [103.205915, -3.736452], [103.205128, -3.735956], [103.203996, -3.735409], [103.203849, -3.735112], [103.203013, -3.734368], [103.202471, -3.734218], [103.201782, -3.734068], [103.201239, -3.73471], [103.201234, -3.73475], [103.201233, -3.734756], [103.201188, -3.735106], [103.201237, -3.735651], [103.201285, -3.736047], [103.201289, -3.736134], [103.200816, -3.736133], [103.199486, -3.736279], [103.198156, -3.736325], [103.197319, -3.736126], [103.196924, -3.736011], [103.19663, -3.735926], [103.195893, -3.735579], [103.195056, -3.735082], [103.194417, -3.734685], [103.194412, -3.734682], [103.193778, -3.734288], [103.193433, -3.73409], [103.192399, -3.734087], [103.191263, -3.733606], [103.190874, -3.733441], [103.189545, -3.732944], [103.188244, -3.732461], [103.188069, -3.732397], [103.186199, -3.7317], [103.184674, -3.731004], [103.183838, -3.730607], [103.182559, -3.73011], [103.181083, -3.729562], [103.180417, -3.729387], [103.179951, -3.729263], [103.17803, -3.729408], [103.177045, -3.729603], [103.175715, -3.729749], [103.174434, -3.730043], [103.174137, -3.729142], [103.173328, -3.729165], [103.171732, -3.72928], [103.170669, -3.729159], [103.168838, -3.72868], [103.167243, -3.728083], [103.166712, -3.727726], [103.165413, -3.727011], [103.163938, -3.726177], [103.162367, -3.725084], [103.16353, -3.723564], [103.164536, -3.722913], [103.165365, -3.722024], [103.165307, -3.721312], [103.164718, -3.720598], [103.16407, -3.719469], [103.163842, -3.7193], [103.16413, -3.719113], [103.16484, -3.71852], [103.165254, -3.718403], [103.16614, -3.71882], [103.166789, -3.719118], [103.16797, -3.719774], [103.168316, -3.720045], [103.168891, -3.719445], [103.170465, -3.72024], [103.171548, -3.72044], [103.173764, -3.720445], [103.176471, -3.721291], [103.17893, -3.72283], [103.184886, -3.72398], [103.186364, -3.723588], [103.187251, -3.723045], [103.187793, -3.722848], [103.188433, -3.723295], [103.192273, -3.723352], [103.194243, -3.723257], [103.196033, -3.723963], [103.196261, -3.724053], [103.198328, -3.724552], [103.199217, -3.724415], [103.19936, -3.724393], [103.200545, -3.72421], [103.203154, -3.724216], [103.20478, -3.72412], [103.206257, -3.724123], [103.208867, -3.724128], [103.209792, -3.724119]]]}}, {"type": "Feature", "properties": {"iddesa": "1604060046", "kecamatan": "Jarai", "kabupaten": "Lahat"}, "geometry": {"type": "Polygon", "coordinates": [[[103.215188, -3.933316], [103.215188, -3.933317], [103.216047, -3.933427], [103.215505, -3.934586], [103.21453, -3.935509], [103.21272, -3.936999], [103.212545, -3.939787], [103.211998, -3.939836], [103.21166, -3.940355], [103.2101, -3.940116], [103.209964, -3.939999], [103.206573, -3.938287], [103.206274, -3.938135], [103.203736, -3.936855], [103.203182, -3.936575], [103.199918, -3.935201], [103.199897, -3.935192], [103.199697, -3.933628], [103.19932, -3.933407], [103.198313, -3.932819], [103.198482, -3.932378], [103.199588, -3.929507], [103.201611, -3.928467], [103.201981, -3.928476], [103.204014, -3.928517], [103.204513, -3.930117], [103.205585, -3.931149], [103.206693, -3.932217], [103.206712, -3.932235], [103.215188, -3.933316]]]}}, {"type": "Feature", "properties": {"iddesa": "1604121008", "kecamatan": "Gumay Talang", "kabupaten": "Lahat"}, "geometry": {"type": "Polygon", "coordinates": [[[103.459373, -3.76419], [103.459343, -3.76421], [103.459283, -3.764248], [103.458354, -3.764799], [103.457845, -3.765766], [103.457549, -3.766837], [103.457547, -3.766841], [103.457546, -3.766843], [103.456568, -3.769319], [103.409261, -3.889012], [103.408124, -3.887992], [103.456658, -3.766887], [103.456686, -3.766817], [103.457659, -3.764388], [103.457963, -3.76363], [103.458499, -3.762968], [103.458526, -3.762712], [103.45853, -3.762667], [103.458735, -3.762431], [103.45872, -3.762368], [103.458739, -3.76236], [103.45895, -3.762274], [103.459066, -3.762226], [103.459443, -3.762274], [103.459648, -3.762196], [103.460245, -3.762592], [103.460244, -3.763097], [103.460231, -3.763156], [103.460196, -3.763318], [103.459994, -3.763681], [103.459896, -3.763855], [103.459373, -3.76419]]]}}, {"type": "Feature", "properties": {"iddesa": "1611010014", "kecamatan": "Muara Pinang", "kabupaten": "Empat Lawang"}, "geometry": {"type": "Polygon", "coordinates": [[[103.147222, -3.842413], [103.147213, -3.842424], [103.147025, -3.842676], [103.14707, -3.842712], [103.145779, -3.844455], [103.14577, -3.844465], [103.143912, -3.845053], [103.140498, -3.846134], [103.137627, -3.847043], [103.132339, -3.848716], [103.117924, -3.853279], [103.084767, -3.863774], [103.084613, -3.863821], [103.084529, -3.863848], [103.078952, -3.865566], [103.078931, -3.865572], [103.078868, -3.865592], [103.07812, -3.86586], [103.075547, -3.866781], [103.051175, -3.876874], [103.050707, -3.876131], [103.076003, -3.865747], [103.076359, -3.865601], [103.076935, -3.865398], [103.078478, -3.864856], [103.082458, -3.863458], [103.08291, -3.863306], [103.082954, -3.863291], [103.118528, -3.851293], [103.131363, -3.846964], [103.136793, -3.845133], [103.137282, -3.844968], [103.143102, -3.843005], [103.144839, -3.842419], [103.146836, -3.841745], [103.146892, -3.841727], [103.146978, -3.841906], [103.147195, -3.842357], [103.147203, -3.842375], [103.147222, -3.842413]]]}}, {"type": "Feature", "properties": {"iddesa": "1604043008", "kecamatan": "Mulak Sebingkai", "kabupaten": "Lahat"}, "geometry": {"type": "Polygon", "coordinates": [[[103.520126, -3.981986], [103.520238, -3.982067], [103.520953, -3.982916], [103.523055, -3.985412], [103.523447, -3.985877], [103.525432, -3.987524], [103.527086, -3.988898], [103.526217, -3.99222], [103.527162, -3.99433], [103.528389, -3.99707], [103.52845, -3.997206], [103.528395, -3.997214], [103.528356, -3.99722], [103.516563, -3.998927], [103.516537, -3.998928], [103.5165, -3.998834], [103.51635, -3.998453], [103.515547, -3.996413], [103.514525, -3.993817], [103.510231, -3.98291], [103.509032, -3.98206], [103.502574, -3.977477], [103.500851, -3.976255], [103.499994, -3.975647], [103.485893, -3.965641], [103.484845, -3.964891], [103.484743, -3.964819], [103.485613, -3.962842], [103.490282, -3.960345], [103.490287, -3.960342], [103.505465, -3.971352], [103.505751, -3.971559], [103.505836, -3.97162], [103.511452, -3.975694], [103.512613, -3.976537], [103.520126, -3.981986]]]}}, {"type": "Feature", "properties": {"iddesa": "1604052006", "kecamatan": "Gumay Ulu", "kabupaten": "Lahat"}, "geometry": {"type": "Polygon", "coordinates": [[[103.427657, -3.891352], [103.430196, -3.898649], [103.430594, -3.907475], [103.437105, -3.915215], [103.437631, -3.915822], [103.437099, -3.918207], [103.440171, -3.926366], [103.440193, -3.926426], [103.442166, -3.931664], [103.442298, -3.932071], [103.444866, -3.939965], [103.444874, -3.939977], [103.444869, -3.939976], [103.442261, -3.93916], [103.440596, -3.939699], [103.439389, -3.933981], [103.439191, -3.933044], [103.438042, -3.927598], [103.437875, -3.926808], [103.43776, -3.926639], [103.431218, -3.91706], [103.421503, -3.908557], [103.417871, -3.893094], [103.41806, -3.893095], [103.421043, -3.89222], [103.42192, -3.891517], [103.425953, -3.891349], [103.427005, -3.891351], [103.427657, -3.891352]]]}}, {"type": "Feature", "properties": {"iddesa": "1604041005", "kecamatan": "Mulak Ulu", "kabupaten": "Lahat"}, "geometry": {"type": "Polygon", "coordinates": [[[103.486896, -4.04219], [103.486891, -4.042208], [103.487328, -4.04262], [103.489715, -4.044863], [103.491218, -4.046277], [103.489349, -4.047677], [103.486021, -4.050168], [103.484063, -4.051634], [103.483149, -4.052319], [103.482903, -4.052503], [103.480384, -4.053027], [103.481176, -4.050769], [103.481503, -4.049835], [103.481508, -4.047166], [103.481515, -4.043859], [103.481043, -4.044141], [103.479088, -4.045315], [103.479064, -4.045329], [103.479257, -4.043237], [103.477471, -4.039949], [103.475456, -4.038719], [103.475655, -4.038784], [103.477101, -4.038949], [103.481709, -4.039477], [103.484498, -4.039797], [103.48444, -4.039896], [103.484056, -4.040555], [103.483337, -4.041787], [103.483863, -4.041846], [103.484655, -4.041936], [103.485427, -4.042024], [103.486152, -4.042106], [103.486896, -4.04219]]]}}, {"type": "Feature", "properties": {"iddesa": "1604042006", "kecamatan": "Tanjung Tebat", "kabupaten": "Lahat"}, "geometry": {"type": "Polygon", "coordinates": [[[103.441822, -3.992617], [103.441918, -3.992655], [103.446498, -3.99404], [103.448843, -3.994749], [103.445188, -4.007203], [103.445186, -4.007208], [103.440065, -4.011729], [103.435086, -4.010929], [103.432435, -4.010504], [103.432518, -4.009997], [103.432843, -4.008018], [103.433519, -4.003897], [103.433942, -3.996026], [103.435293, -3.99115], [103.435939, -3.990693], [103.436537, -3.990437], [103.436787, -3.990644], [103.436869, -3.990676], [103.438345, -3.991254], [103.440076, -3.991933], [103.441822, -3.992617]]]}}, {"type": "Feature", "properties": {"iddesa": "1604011011", "kecamatan": "Tanjung Sakti Pumi", "kabupaten": "Lahat"}, "geometry": {"type": "Polygon", "coordinates": [[[103.165468, -4.120576], [103.163406, -4.122449], [103.162473, -4.124444], [103.157296, -4.127228], [103.155041, -4.127755], [103.153316, -4.128417], [103.14973, -4.130938], [103.147872, -4.131599], [103.143496, -4.132254], [103.140314, -4.132114], [103.136865, -4.132771], [103.134874, -4.133698], [103.131823, -4.134623], [103.128904, -4.135415], [103.126648, -4.136208], [103.123862, -4.137134], [103.121206, -4.138991], [103.118154, -4.139916], [103.117152, -4.140039], [103.117093, -4.140046], [103.115899, -4.14031], [103.114441, -4.140306], [103.113246, -4.140969], [103.109529, -4.142691], [103.107142, -4.143217], [103.106875, -4.143616], [103.10568, -4.144545], [103.103954, -4.145473], [103.102096, -4.146533], [103.099307, -4.148124], [103.098377, -4.148921], [103.094531, -4.149577], [103.091914, -4.14877], [103.085273, -4.151359], [103.07185, -4.154429], [103.071846, -4.15443], [103.070023, -4.154847], [103.069417, -4.154985], [103.069417, -4.15487], [103.069231, -4.154709], [103.069205, -4.154414], [103.069392, -4.154013], [103.069393, -4.153638], [103.069315, -4.152969], [103.069343, -4.152246], [103.069639, -4.151284], [103.069481, -4.150561], [103.069482, -4.150052], [103.069404, -4.149356], [103.069698, -4.149009], [103.069965, -4.148608], [103.070273, -4.148349], [103.070534, -4.148788], [103.070681, -4.148993], [103.070696, -4.149013], [103.070818, -4.149095], [103.070973, -4.149111], [103.071021, -4.149116], [103.071385, -4.149565], [103.071548, -4.149688], [103.07171, -4.149729], [103.071974, -4.149955], [103.072299, -4.149996], [103.072542, -4.150038], [103.072551, -4.150038], [103.072928, -4.150038], [103.073335, -4.149999], [103.073437, -4.149999], [103.073477, -4.149938], [103.073721, -4.149857], [103.073986, -4.149735], [103.074453, -4.149614], [103.076727, -4.148556], [103.080577, -4.146766], [103.082472, -4.147152], [103.083931, -4.146623], [103.086186, -4.146362], [103.087512, -4.146099], [103.092821, -4.143716], [103.094416, -4.142122], [103.095877, -4.141327], [103.098133, -4.1404], [103.100653, -4.139874], [103.102908, -4.13948], [103.106888, -4.138291], [103.111005, -4.135372], [103.112998, -4.133647], [103.116048, -4.133521], [103.119628, -4.133396], [103.121351, -4.1334], [103.124668, -4.132343], [103.127588, -4.131152], [103.129313, -4.13049], [103.129582, -4.129027], [103.131577, -4.126236], [103.133701, -4.124909], [103.135425, -4.124913], [103.136751, -4.124916], [103.140996, -4.123995], [103.143255, -4.12187], [103.145379, -4.120544], [103.149361, -4.118423], [103.150027, -4.117359], [103.150823, -4.116962], [103.155208, -4.112978], [103.156382, -4.111726], [103.157697, -4.113053], [103.158141, -4.113431], [103.158464, -4.113783], [103.161919, -4.116702], [103.162728, -4.117226], [103.162823, -4.117411], [103.163658, -4.118149], [103.164314, -4.118893], [103.164452, -4.119032], [103.164941, -4.119689], [103.165468, -4.120576]]]}}, {"type": "Feature", "properties": {"iddesa": "1604120026", "kecamatan": "Lahat", "kabupaten": "Lahat"}, "geometry": {"type": "Polygon", "coordinates": [[[103.529759, -3.77558], [103.529068, -3.776298], [103.528714, -3.777006], [103.528713, -3.777015], [103.528625, -3.777626], [103.528624, -3.778334], [103.52877, -3.778984], [103.528827, -3.779604], [103.528826, -3.780135], [103.528884, -3.780785], [103.529165, -3.781333], [103.529057, -3.781382], [103.528712, -3.781625], [103.528533, -3.781945], [103.528432, -3.782168], [103.528417, -3.782202], [103.528358, -3.78252], [103.528353, -3.782548], [103.528199, -3.782766], [103.528111, -3.782956], [103.528173, -3.783073], [103.528453, -3.783523], [103.528938, -3.783844], [103.529301, -3.784265], [103.529537, -3.784538], [103.529485, -3.784871], [103.529275, -3.785], [103.529255, -3.785012], [103.52914, -3.785178], [103.529255, -3.785358], [103.529338, -3.785478], [103.529338, -3.785703], [103.529441, -3.785877], [103.529631, -3.785964], [103.529648, -3.786138], [103.529492, -3.786415], [103.529438, -3.786431], [103.529371, -3.78645], [103.529285, -3.786623], [103.529405, -3.786762], [103.529647, -3.786884], [103.529857, -3.787038], [103.529794, -3.787169], [103.529918, -3.787574], [103.52995, -3.787681], [103.53002, -3.787839], [103.530121, -3.788072], [103.529774, -3.788208], [103.529511, -3.788289], [103.529166, -3.788329], [103.52866, -3.78847], [103.528052, -3.78853], [103.527789, -3.788652], [103.527505, -3.788936], [103.526837, -3.788833], [103.526553, -3.788833], [103.526521, -3.789029], [103.526309, -3.790331], [103.526215, -3.79091], [103.526205, -3.790968], [103.526103, -3.791415], [103.524343, -3.791671], [103.523603, -3.791512], [103.523408, -3.79147], [103.522713, -3.791321], [103.520735, -3.791019], [103.519007, -3.790123], [103.518176, -3.788397], [103.518169, -3.788383], [103.518074, -3.786396], [103.517928, -3.784856], [103.517519, -3.78369], [103.517092, -3.782471], [103.516006, -3.781426], [103.515119, -3.779736], [103.514183, -3.777252], [103.514038, -3.775861], [103.513496, -3.774469], [103.512114, -3.773126], [103.510534, -3.771683], [103.509399, -3.770986], [103.508411, -3.770388], [103.507573, -3.769145], [103.506585, -3.768597], [103.505003, -3.768396], [103.503817, -3.768295], [103.50268, -3.768044], [103.50179, -3.768092], [103.500802, -3.767842], [103.497862, -3.765763], [103.497854, -3.765479], [103.497841, -3.765268], [103.497808, -3.764732], [103.497693, -3.764428], [103.497275, -3.764311], [103.49702, -3.763937], [103.496649, -3.76368], [103.49651, -3.763565], [103.496393, -3.763469], [103.496022, -3.763212], [103.496016, -3.763174], [103.495951, -3.762776], [103.496508, -3.762086], [103.496509, -3.761631], [103.49651, -3.760994], [103.496194, -3.760311], [103.495878, -3.759674], [103.49597, -3.75881], [103.496243, -3.758401], [103.496426, -3.757446], [103.496699, -3.756446], [103.497108, -3.755446], [103.497426, -3.755037], [103.497925, -3.754401], [103.497926, -3.754083], [103.497519, -3.753491], [103.496705, -3.752762], [103.496707, -3.751761], [103.496844, -3.751713], [103.497749, -3.751399], [103.498048, -3.751343], [103.498972, -3.751173], [103.499863, -3.751103], [103.500059, -3.751088], [103.500104, -3.751084], [103.500874, -3.751404], [103.50104, -3.751409], [103.502445, -3.751447], [103.502639, -3.751453], [103.503274, -3.750862], [103.504139, -3.751316], [103.504405, -3.751456], [103.504903, -3.75182], [103.505538, -3.751048], [103.506036, -3.75114], [103.506353, -3.751323], [103.506625, -3.751005], [103.510535, -3.749524], [103.513259, -3.748493], [103.516088, -3.74864], [103.519062, -3.747508], [103.522529, -3.747158], [103.530801, -3.746803], [103.530067, -3.752996], [103.530028, -3.754122], [103.530009, -3.754653], [103.529835, -3.759572], [103.529758, -3.76177], [103.529292, -3.774946], [103.529274, -3.775457], [103.529759, -3.77558]]]}}, {"type": "Feature", "properties": {"iddesa": "1604122008", "kecamatan": "Pseksu", "kabupaten": "Lahat"}, "geometry": {"type": "Polygon", "coordinates": [[[103.353371, -3.745963], [103.354684, -3.746506], [103.355793, -3.750548], [103.360036, -3.751678], [103.362936, -3.754152], [103.367625, -3.755507], [103.370358, -3.756886], [103.368576, -3.762147], [103.368365, -3.762771], [103.367475, -3.762505], [103.366271, -3.762145], [103.358758, -3.759896], [103.354043, -3.758484], [103.348454, -3.756811], [103.345405, -3.755898], [103.344822, -3.755724], [103.342693, -3.755087], [103.342566, -3.755049], [103.338523, -3.753838], [103.339258, -3.752087], [103.339262, -3.749693], [103.339263, -3.74917], [103.342173, -3.746482], [103.344033, -3.745991], [103.349773, -3.744476], [103.351825, -3.745324], [103.353371, -3.745963]]]}}, {"type": "Feature", "properties": {"iddesa": "1604060002", "kecamatan": "Jarai", "kabupaten": "Lahat"}, "geometry": {"type": "Polygon", "coordinates": [[[103.201674, -3.969928], [103.201754, -3.970051], [103.19923, -3.972206], [103.199182, -3.972265], [103.199111, -3.972326], [103.199, -3.972402], [103.198614, -3.972732], [103.196952, -3.974151], [103.196896, -3.974199], [103.196743, -3.97433], [103.191105, -3.979144], [103.191105, -3.979144], [103.187788, -3.981976], [103.187404, -3.980415], [103.186725, -3.977663], [103.187904, -3.976934], [103.192184, -3.97429], [103.193176, -3.970885], [103.193854, -3.969594], [103.19434, -3.968667], [103.195261, -3.966908], [103.195594, -3.966273], [103.195599, -3.964056], [103.196949, -3.964435], [103.1977, -3.964097], [103.197824, -3.964041], [103.19792, -3.964188], [103.19892, -3.965717], [103.201674, -3.969928]]]}}, {"type": "Feature", "properties": {"iddesa": "1604011013", "kecamatan": "Tanjung Sakti Pumi", "kabupaten": "Lahat"}, "geometry": {"type": "Polygon", "coordinates": [[[103.058521, -4.138999], [103.058389, -4.139065], [103.058185, -4.139166], [103.057999, -4.139322], [103.058072, -4.139425], [103.058231, -4.139988], [103.05847, -4.14047], [103.05892, -4.141435], [103.059237, -4.142961], [103.059261, -4.143871], [103.058695, -4.146573], [103.058583, -4.14681], [103.058293, -4.147429], [103.058025, -4.147696], [103.057784, -4.14815], [103.05725, -4.148737], [103.056823, -4.149084], [103.056608, -4.149806], [103.056474, -4.150047], [103.056728, -4.150346], [103.055104, -4.150969], [103.054013, -4.151484], [103.053863, -4.151555], [103.052719, -4.151975], [103.052623, -4.15201], [103.051566, -4.152444], [103.051513, -4.152466], [103.049555, -4.153051], [103.048192, -4.153663], [103.046944, -4.154223], [103.045507, -4.155136], [103.043743, -4.15631], [103.042372, -4.156962], [103.041198, -4.157024], [103.040153, -4.157414], [103.038586, -4.158262], [103.037868, -4.158456], [103.036628, -4.159108], [103.035779, -4.159237], [103.034226, -4.159473], [103.034376, -4.159332], [103.034968, -4.158772], [103.035021, -4.158719], [103.035315, -4.158372], [103.035902, -4.158052], [103.036356, -4.157732], [103.03641, -4.157491], [103.036437, -4.157277], [103.037026, -4.156288], [103.037695, -4.15546], [103.038069, -4.154926], [103.038284, -4.154498], [103.038792, -4.153804], [103.039591, -4.153806], [103.040125, -4.153539], [103.04069, -4.152731], [103.040767, -4.152791], [103.0409, -4.152819], [103.041407, -4.152499], [103.041782, -4.151884], [103.042517, -4.1512], [103.04304, -4.15035], [103.044152, -4.149239], [103.044782, -4.14861], [103.045002, -4.14839], [103.045916, -4.147869], [103.046896, -4.147151], [103.047811, -4.146498], [103.049479, -4.146112], [103.049768, -4.146045], [103.050379, -4.145776], [103.051178, -4.145425], [103.052435, -4.144871], [103.052169, -4.144496], [103.052064, -4.144014], [103.051905, -4.143345], [103.0518, -4.142836], [103.051694, -4.142461], [103.051509, -4.142059], [103.051323, -4.141844], [103.051127, -4.141284], [103.051226, -4.141168], [103.051476, -4.140876], [103.052455, -4.140682], [103.052664, -4.140595], [103.053487, -4.140126], [103.053712, -4.140094], [103.053826, -4.14003], [103.054157, -4.140031], [103.054454, -4.139989], [103.055421, -4.139992], [103.056209, -4.139694], [103.056506, -4.139562], [103.05733, -4.138996], [103.05777, -4.138997], [103.057938, -4.138927], [103.05817, -4.138998], [103.058521, -4.138999]]]}}, {"type": "Feature", "properties": {"iddesa": "1604113008", "kecamatan": "Kikim Selatan", "kabupaten": "Lahat"}, "geometry": {"type": "Polygon", "coordinates": [[[103.223864, -3.745919], [103.224184, -3.745959], [103.225515, -3.745962], [103.226121, -3.746085], [103.227512, -3.746331], [103.229933, -3.746701], [103.231567, -3.74713], [103.242944, -3.748612], [103.24355, -3.748492], [103.245427, -3.748131], [103.246457, -3.747829], [103.247062, -3.747769], [103.248455, -3.747711], [103.249484, -3.747592], [103.250937, -3.747534], [103.251421, -3.747535], [103.251693, -3.747535], [103.251726, -3.747535], [103.251906, -3.747536], [103.252472, -3.747764], [103.252511, -3.74778], [103.253115, -3.748085], [103.253356, -3.748207], [103.253372, -3.748215], [103.253478, -3.748268], [103.253721, -3.748026], [103.253903, -3.747722], [103.254508, -3.747845], [103.254688, -3.747881], [103.254811, -3.747906], [103.255052, -3.748089], [103.255233, -3.748454], [103.255414, -3.748759], [103.255442, -3.748805], [103.255595, -3.749063], [103.255837, -3.749307], [103.25626, -3.74949], [103.257047, -3.749735], [103.257592, -3.749736], [103.257713, -3.749858], [103.25856, -3.74986], [103.259165, -3.749922], [103.259952, -3.749984], [103.260497, -3.750107], [103.26092, -3.750169], [103.261465, -3.750352], [103.26213, -3.750657], [103.26225, -3.751023], [103.262793, -3.751936], [103.263278, -3.752058], [103.264063, -3.752729], [103.264848, -3.753582], [103.265756, -3.75407], [103.266783, -3.75468], [103.267025, -3.754863], [103.267267, -3.755168], [103.26738, -3.755319], [103.267055, -3.755576], [103.26645, -3.75618], [103.266437, -3.756197], [103.265846, -3.756936], [103.265569, -3.757087], [103.264865, -3.757439], [103.264688, -3.757893], [103.26431, -3.758448], [103.264712, -3.758448], [103.265139, -3.75855], [103.265465, -3.758828], [103.265707, -3.75897], [103.264596, -3.759859], [103.264277, -3.761446], [103.264028, -3.762684], [103.263723, -3.7628], [103.258115, -3.764933], [103.255958, -3.766109], [103.255016, -3.766623], [103.25192, -3.767464], [103.248823, -3.768589], [103.246404, -3.77004], [103.246006, -3.770279], [103.246001, -3.772823], [103.246557, -3.776215], [103.246536, -3.776238], [103.244583, -3.778472], [103.242889, -3.781295], [103.242319, -3.784968], [103.238659, -3.786091], [103.236966, -3.788349], [103.235976, -3.789504], [103.233109, -3.787491], [103.229672, -3.785913], [103.227068, -3.784755], [103.226027, -3.783601], [103.224573, -3.781085], [103.22343, -3.778883], [103.221772, -3.774062], [103.22115, -3.77207], [103.220738, -3.76987], [103.22053, -3.769346], [103.220493, -3.76898], [103.219406, -3.758451], [103.219516, -3.755519], [103.219625, -3.75311], [103.219631, -3.750387], [103.219739, -3.748083], [103.219928, -3.746135], [103.219941, -3.746], [103.22008, -3.746078], [103.220612, -3.745952], [103.221097, -3.745892], [103.221763, -3.745833], [103.22255, -3.745774], [103.223215, -3.745836], [103.223864, -3.745919]]]}}, {"type": "Feature", "properties": {"iddesa": "1604063010", "kecamatan": "Sukamerindu", "kabupaten": "Lahat"}, "geometry": {"type": "Polygon", "coordinates": [[[103.223487, -3.949756], [103.223156, -3.95084], [103.223136, -3.950903], [103.22308, -3.95109], [103.222993, -3.951345], [103.222729, -3.952115], [103.222901, -3.952269], [103.223527, -3.953187], [103.223653, -3.953493], [103.223811, -3.953876], [103.223809, -3.954735], [103.223865, -3.955423], [103.224376, -3.956398], [103.225002, -3.957145], [103.225628, -3.957948], [103.22597, -3.958293], [103.226539, -3.958867], [103.22783, -3.959346], [103.228646, -3.961106], [103.230376, -3.961476], [103.230335, -3.961611], [103.230391, -3.961714], [103.227382, -3.960991], [103.226977, -3.959865], [103.225045, -3.958428], [103.223416, -3.957913], [103.222524, -3.957563], [103.221583, -3.957193], [103.221485, -3.957177], [103.220361, -3.956986], [103.219445, -3.956779], [103.216786, -3.956343], [103.216288, -3.956261], [103.215574, -3.956566], [103.213128, -3.957379], [103.212108, -3.957991], [103.211826, -3.958203], [103.211074, -3.956209], [103.211097, -3.956163], [103.210842, -3.955781], [103.210793, -3.955707], [103.210744, -3.955633], [103.211393, -3.955572], [103.213681, -3.955356], [103.214749, -3.952863], [103.215647, -3.950766], [103.216105, -3.949695], [103.216251, -3.949354], [103.216963, -3.947692], [103.217038, -3.947518], [103.217523, -3.946384], [103.218244, -3.946648], [103.220482, -3.94829], [103.22323, -3.949625], [103.223487, -3.949756]]]}}, {"type": "Feature", "properties": {"iddesa": "1604040039", "kecamatan": "Kota Agung", "kabupaten": "Lahat"}, "geometry": {"type": "Polygon", "coordinates": [[[103.451725, -4.037017], [103.451703, -4.037192], [103.455726, -4.044665], [103.456511, -4.046123], [103.456719, -4.045962], [103.4567, -4.04612], [103.456915, -4.046526], [103.458623, -4.049742], [103.458586, -4.049738], [103.45839, -4.054819], [103.45839, -4.054819], [103.452319, -4.05439], [103.449253, -4.058644], [103.44638, -4.06263], [103.446377, -4.062697], [103.446377, -4.062697], [103.444789, -4.062585], [103.444789, -4.062585], [103.441947, -4.062387], [103.441859, -4.062474], [103.441883, -4.062363], [103.440264, -4.062327], [103.440264, -4.062327], [103.440221, -4.062275], [103.438267, -4.062214], [103.436431, -4.062156], [103.434293, -4.06209], [103.434158, -4.062011], [103.434161, -4.062009], [103.434224, -4.057553], [103.43479, -4.055247], [103.436306, -4.049064], [103.440744, -4.030968], [103.441981, -4.032058], [103.451725, -4.037017]]]}}, {"type": "Feature", "properties": {"iddesa": "1604113013", "kecamatan": "Kikim Selatan", "kabupaten": "Lahat"}, "geometry": {"type": "Polygon", "coordinates": [[[103.212047, -3.699307], [103.211809, -3.701017], [103.21149, -3.701592], [103.211614, -3.702871], [103.211741, -3.703254], [103.2118, -3.7053], [103.211668, -3.707984], [103.212109, -3.710158], [103.212234, -3.710989], [103.211591, -3.714631], [103.210252, -3.716035], [103.209419, -3.718718], [103.209476, -3.722297], [103.209282, -3.723511], [103.209791, -3.724117], [103.209792, -3.724119], [103.208867, -3.724128], [103.206257, -3.724123], [103.20478, -3.72412], [103.203154, -3.724216], [103.200545, -3.72421], [103.19936, -3.724393], [103.199217, -3.724415], [103.198328, -3.724552], [103.196261, -3.724053], [103.196033, -3.723963], [103.194243, -3.723257], [103.192273, -3.723352], [103.188433, -3.723295], [103.187793, -3.722848], [103.187251, -3.723045], [103.186364, -3.723588], [103.184886, -3.72398], [103.17893, -3.72283], [103.176471, -3.721291], [103.173764, -3.720445], [103.171548, -3.72044], [103.170465, -3.72024], [103.168891, -3.719445], [103.168316, -3.720045], [103.16797, -3.719774], [103.166789, -3.719118], [103.16614, -3.71882], [103.165254, -3.718403], [103.16484, -3.71852], [103.16413, -3.719113], [103.163842, -3.7193], [103.162536, -3.718338], [103.161995, -3.718097], [103.162478, -3.717566], [103.16319, -3.71638], [103.163784, -3.714778], [103.163964, -3.713591], [103.163966, -3.712582], [103.164029, -3.710682], [103.16403, -3.710089], [103.164802, -3.708369], [103.165278, -3.706529], [103.165223, -3.70463], [103.164753, -3.703382], [103.164105, -3.702431], [103.163516, -3.701717], [103.162808, -3.700884], [103.161865, -3.699992], [103.16098, -3.699218], [103.160239, -3.698472], [103.18127, -3.698809], [103.182469, -3.698811], [103.183318, -3.698763], [103.183828, -3.698764], [103.184167, -3.698764], [103.185017, -3.698766], [103.185127, -3.698766], [103.185816, -3.698768], [103.185855, -3.698768], [103.186266, -3.698769], [103.187016, -3.698469], [103.187266, -3.698068], [103.1875, -3.697795], [103.187567, -3.697717], [103.188167, -3.697417], [103.188517, -3.697268], [103.188617, -3.697017], [103.188689, -3.696816], [103.188718, -3.696816], [103.189117, -3.696767], [103.189117, -3.696667], [103.189018, -3.696516], [103.189119, -3.696165], [103.189368, -3.696065], [103.189718, -3.696015], [103.190517, -3.696117], [103.191266, -3.696219], [103.191616, -3.69622], [103.191791, -3.69622], [103.193115, -3.696223], [103.194264, -3.696276], [103.194822, -3.696318], [103.195436, -3.696974], [103.195967, -3.697569], [103.19638, -3.697629], [103.196972, -3.697452], [103.197473, -3.697202], [103.197908, -3.697538], [103.198906, -3.698092], [103.200654, -3.698447], [103.202851, -3.698953], [103.204849, -3.699158], [103.207547, -3.699163], [103.209894, -3.699319], [103.211693, -3.699322], [103.212047, -3.699307]]]}}, {"type": "Feature", "properties": {"iddesa": "1604011004", "kecamatan": "Tanjung Sakti Pumi", "kabupaten": "Lahat"}, "geometry": {"type": "Polygon", "coordinates": [[[103.178542, -4.142445], [103.163885, -4.14455], [103.102735, -4.158669], [103.097447, -4.159198], [103.096799, -4.159522], [103.09572, -4.159519], [103.093776, -4.160381], [103.091941, -4.160593], [103.090539, -4.16059], [103.089243, -4.160911], [103.086976, -4.161339], [103.086005, -4.161445], [103.085358, -4.161444], [103.083954, -4.161874], [103.082551, -4.162303], [103.082011, -4.162627], [103.081255, -4.162734], [103.079528, -4.163054], [103.078879, -4.163594], [103.07834, -4.163593], [103.077799, -4.164133], [103.077781, -4.164136], [103.077044, -4.16424], [103.076504, -4.164455], [103.075923, -4.164358], [103.075348, -4.164753], [103.074809, -4.16522], [103.072158, -4.166372], [103.072285, -4.166615], [103.07153, -4.166772], [103.071084, -4.167329], [103.070973, -4.167373], [103.070817, -4.167484], [103.070795, -4.167685], [103.070594, -4.167952], [103.070415, -4.168242], [103.070282, -4.168375], [103.070192, -4.168687], [103.070192, -4.168688], [103.070182, -4.168733], [103.070125, -4.168977], [103.070027, -4.169129], [103.069924, -4.169289], [103.069835, -4.16949], [103.069746, -4.169579], [103.069678, -4.16978], [103.069634, -4.169869], [103.069567, -4.170002], [103.069455, -4.170181], [103.069414, -4.170387], [103.06941, -4.170404], [103.069168, -4.170549], [103.069546, -4.169534], [103.069524, -4.169333], [103.069524, -4.16911], [103.069525, -4.168864], [103.069525, -4.168708], [103.069488, -4.16853], [103.06946, -4.168396], [103.069526, -4.168507], [103.06946, -4.168306], [103.069349, -4.168105], [103.069216, -4.167904], [103.069172, -4.167815], [103.069061, -4.167658], [103.068795, -4.167479], [103.068662, -4.167434], [103.068618, -4.167345], [103.068551, -4.167322], [103.068462, -4.1673], [103.068329, -4.167299], [103.068262, -4.167299], [103.068129, -4.167254], [103.067991, -4.167061], [103.068274, -4.166912], [103.068867, -4.166601], [103.06882, -4.16643], [103.068887, -4.166252], [103.068887, -4.166029], [103.068888, -4.165851], [103.068889, -4.165471], [103.06889, -4.165203], [103.068905, -4.165179], [103.069135, -4.164802], [103.069313, -4.164624], [103.069513, -4.164491], [103.069692, -4.164335], [103.069692, -4.164326], [103.069715, -4.164045], [103.069737, -4.163822], [103.069738, -4.163465], [103.069872, -4.163287], [103.070016, -4.162585], [103.071394, -4.162616], [103.071545, -4.162667], [103.071947, -4.162618], [103.07225, -4.162316], [103.072252, -4.162314], [103.072451, -4.162165], [103.073306, -4.161965], [103.073558, -4.161663], [103.073709, -4.161461], [103.074162, -4.161361], [103.074414, -4.161211], [103.074816, -4.161212], [103.075017, -4.161364], [103.075217, -4.161515], [103.075468, -4.161768], [103.075468, -4.16192], [103.075565, -4.162117], [103.076741, -4.161642], [103.08548, -4.158109], [103.085681, -4.158109], [103.089902, -4.158624], [103.089903, -4.158573], [103.100197, -4.154197], [103.10361, -4.153688], [103.105446, -4.152934], [103.107388, -4.152722], [103.11052, -4.151647], [103.114623, -4.150032], [103.119596, -4.146975], [103.125033, -4.146588], [103.137905, -4.14156], [103.150106, -4.140524], [103.159536, -4.136813], [103.168281, -4.135773], [103.170408, -4.133515], [103.17301, -4.133192], [103.17312, -4.13339], [103.173671, -4.134726], [103.174222, -4.135421], [103.174592, -4.136047], [103.175256, -4.137244], [103.176558, -4.139976], [103.176975, -4.140418], [103.177111, -4.140698], [103.178213, -4.14181], [103.178488, -4.142227], [103.178542, -4.142445]]]}}, {"type": "Feature", "properties": {"iddesa": "1604061017", "kecamatan": "Pajar Bulan", "kabupaten": "Lahat"}, "geometry": {"type": "Polygon", "coordinates": [[[103.324034, -3.918927], [103.325129, -3.921691], [103.325126, -3.923072], [103.325123, -3.924729], [103.325943, -3.92694], [103.327315, -3.928323], [103.328961, -3.930259], [103.330059, -3.931366], [103.332533, -3.931371], [103.334182, -3.931651], [103.337203, -3.93359], [103.342152, -3.933876], [103.343282, -3.933752], [103.343797, -3.936364], [103.344067, -3.938574], [103.345709, -3.942443], [103.345707, -3.943824], [103.345704, -3.945205], [103.346525, -3.94714], [103.346794, -3.949902], [103.346786, -3.95432], [103.347058, -3.955425], [103.348981, -3.956534], [103.35255, -3.959579], [103.359967, -3.963183], [103.35969, -3.964287], [103.360804, -3.966332], [103.362703, -3.969816], [103.362703, -3.969966], [103.362342, -3.96992], [103.360811, -3.969709], [103.359445, -3.969623], [103.358244, -3.969912], [103.356256, -3.970531], [103.354268, -3.971484], [103.352655, -3.970732], [103.35274, -3.969485], [103.352327, -3.96911], [103.351457, -3.969524], [103.350214, -3.970021], [103.349345, -3.97006], [103.348642, -3.969602], [103.347981, -3.969226], [103.347236, -3.969266], [103.346945, -3.969598], [103.346944, -3.97018], [103.346943, -3.970762], [103.346197, -3.971384], [103.345659, -3.9713], [103.34479, -3.971381], [103.344333, -3.971879], [103.343505, -3.972044], [103.342926, -3.972001], [103.34247, -3.972026], [103.342471, -3.972], [103.342389, -3.971543], [103.339988, -3.971621], [103.339612, -3.971586], [103.337406, -3.969766], [103.336311, -3.967278], [103.33439, -3.965341], [103.332464, -3.96589], [103.32999, -3.965885], [103.327792, -3.964776], [103.324768, -3.964769], [103.320097, -3.963103], [103.3157, -3.961713], [103.315678, -3.961713], [103.310471, -3.963553], [103.310551, -3.966033], [103.308252, -3.96637], [103.304929, -3.967475], [103.302969, -3.968326], [103.29794, -3.971479], [103.29632, -3.972844], [103.293423, -3.973949], [103.291123, -3.974799], [103.288142, -3.975392], [103.284651, -3.97547], [103.28222, -3.97533], [103.281587, -3.975292], [103.280398, -3.97529], [103.279444, -3.975853], [103.278539, -3.975521], [103.277798, -3.975519], [103.277472, -3.973864], [103.277593, -3.9732], [103.27546, -3.970078], [103.274047, -3.969634], [103.272972, -3.969137], [103.272343, -3.968847], [103.271563, -3.968895], [103.269567, -3.967569], [103.268301, -3.966587], [103.265816, -3.966092], [103.263965, -3.965599], [103.262308, -3.965399], [103.261187, -3.965054], [103.260091, -3.964406], [103.259775, -3.964219], [103.259291, -3.962896], [103.259287, -3.962885], [103.259049, -3.962112], [103.258875, -3.961801], [103.259732, -3.961526], [103.261244, -3.961431], [103.261795, -3.961064], [103.262201, -3.960793], [103.262269, -3.960748], [103.263538, -3.959919], [103.264249, -3.959286], [103.264417, -3.959137], [103.265003, -3.9586], [103.265736, -3.958014], [103.266712, -3.957477], [103.267818, -3.957191], [103.268029, -3.957137], [103.268531, -3.956712], [103.268809, -3.956992], [103.269052, -3.957287], [103.269831, -3.957778], [103.270562, -3.958024], [103.272198, -3.958685], [103.27251, -3.958811], [103.272993, -3.959082], [103.273824, -3.959549], [103.276553, -3.960093], [103.278741, -3.963133], [103.281713, -3.963531], [103.283062, -3.963957], [103.283358, -3.962487], [103.283384, -3.961132], [103.283271, -3.960374], [103.282943, -3.959784], [103.28359, -3.959623], [103.288224, -3.959312], [103.289663, -3.958673], [103.293339, -3.957878], [103.296535, -3.957724], [103.298294, -3.957247], [103.298425, -3.956852], [103.298937, -3.955322], [103.300109, -3.95393], [103.301499, -3.952279], [103.303586, -3.947469], [103.303758, -3.941372], [103.314358, -3.935945], [103.314717, -3.926626], [103.319246, -3.918256], [103.324041, -3.915299], [103.324034, -3.918927]]]}}, {"type": "Feature", "properties": {"iddesa": "1604061009", "kecamatan": "Pajar Bulan", "kabupaten": "Lahat"}, "geometry": {"type": "Polygon", "coordinates": [[[103.260302, -3.989436], [103.26081, -3.990404], [103.261704, -3.992109], [103.262539, -3.994875], [103.262603, -3.995088], [103.264164, -3.997242], [103.266302, -3.998735], [103.266544, -4.000804], [103.266544, -4.001373], [103.266544, -4.001454], [103.266486, -4.001424], [103.265743, -4.001048], [103.265185, -4.001047], [103.264255, -4.000858], [103.263558, -4.000623], [103.262582, -4.000341], [103.261234, -3.999871], [103.260443, -3.999776], [103.259187, -4.000147], [103.258023, -4.000471], [103.257232, -4.000703], [103.256255, -4.000841], [103.255046, -4.000979], [103.25402, -4.001864], [103.252716, -4.003076], [103.252652, -4.00314], [103.251936, -4.002779], [103.251228, -4.002243], [103.250563, -4.001662], [103.250077, -4.001126], [103.249723, -4.000636], [103.249583, -4.000454], [103.249413, -4.000234], [103.249015, -3.999699], [103.248972, -3.999298], [103.248839, -3.999075], [103.248706, -3.999119], [103.24804, -3.999117], [103.24773, -3.999072], [103.247287, -3.998938], [103.246784, -3.998615], [103.246881, -3.998518], [103.247096, -3.99826], [103.247332, -3.998089], [103.247418, -3.997701], [103.247418, -3.997594], [103.24729, -3.997378], [103.247119, -3.997206], [103.246649, -3.99671], [103.246307, -3.996149], [103.245943, -3.995869], [103.245408, -3.995566], [103.245185, -3.99533], [103.24498, -3.995113], [103.244703, -3.994725], [103.244446, -3.994402], [103.244189, -3.994251], [103.244039, -3.994164], [103.244006, -3.994183], [103.243911, -3.993958], [103.243484, -3.993343], [103.243318, -3.993131], [103.242904, -3.992604], [103.242232, -3.99208], [103.24153, -3.991618], [103.241194, -3.991556], [103.240827, -3.991524], [103.240551, -3.991555], [103.240306, -3.991616], [103.240187, -3.991639], [103.2402, -3.990595], [103.239995, -3.989764], [103.239643, -3.989081], [103.239555, -3.988666], [103.24003, -3.987184], [103.240448, -3.987165], [103.240829, -3.986504], [103.241451, -3.985645], [103.242427, -3.984935], [103.242899, -3.984857], [103.2442, -3.984643], [103.245797, -3.983727], [103.245942, -3.983534], [103.246803, -3.982394], [103.248223, -3.981656], [103.24905, -3.981598], [103.250467, -3.981601], [103.251324, -3.981544], [103.25154, -3.981565], [103.252268, -3.981635], [103.253302, -3.981666], [103.253952, -3.981668], [103.25472, -3.981669], [103.255796, -3.981964], [103.255796, -3.98218], [103.255793, -3.983413], [103.255885, -3.98386], [103.256119, -3.984985], [103.257516, -3.986394], [103.259242, -3.987803], [103.260227, -3.989294], [103.260302, -3.989436]]]}}, {"type": "Feature", "properties": {"iddesa": "1604060044", "kecamatan": "Jarai", "kabupaten": "Lahat"}, "geometry": {"type": "Polygon", "coordinates": [[[103.207829, -3.882322], [103.200571, -3.902396], [103.200138, -3.903592], [103.197708, -3.910314], [103.196447, -3.9092], [103.195335, -3.913278], [103.19533, -3.915943], [103.195606, -3.917347], [103.195602, -3.91917], [103.196154, -3.922258], [103.197243, -3.923844], [103.197407, -3.924084], [103.197515, -3.925922], [103.197627, -3.927864], [103.19793, -3.928065], [103.199198, -3.928948], [103.199675, -3.929281], [103.199588, -3.929507], [103.198482, -3.932378], [103.197692, -3.932202], [103.194352, -3.931463], [103.194339, -3.931414], [103.191698, -3.929537], [103.191585, -3.929456], [103.191205, -3.929514], [103.189396, -3.929791], [103.189012, -3.926026], [103.188952, -3.925456], [103.186983, -3.906183], [103.187845, -3.906818], [103.190406, -3.908703], [103.191622, -3.902705], [103.19164, -3.902616], [103.191688, -3.902377], [103.193403, -3.893911], [103.189798, -3.889436], [103.1961, -3.889263], [103.201405, -3.882076], [103.207829, -3.882322]]]}}, {"type": "Feature", "properties": {"iddesa": "1611070028", "kecamatan": "Tebing Tinggi", "kabupaten": "Empat Lawang"}, "geometry": {"type": "Polygon", "coordinates": [[[103.127316, -3.63641], [103.127129, -3.636899], [103.126695, -3.639057], [103.126622, -3.639921], [103.126763, -3.640857], [103.127762, -3.64273], [103.128137, -3.643771], [103.128617, -3.645107], [103.128183, -3.647266], [103.127749, -3.649064], [103.127888, -3.65108], [103.127957, -3.652376], [103.128814, -3.653601], [103.130032, -3.653892], [103.131249, -3.654398], [103.131819, -3.655551], [103.132963, -3.656921], [103.134249, -3.658435], [103.135967, -3.65923], [103.136997, -3.65934], [103.137828, -3.660242], [103.138039, -3.661898], [103.139469, -3.663629], [103.141042, -3.664999], [103.141755, -3.666656], [103.143255, -3.669035], [103.144972, -3.670406], [103.147191, -3.671274], [103.148622, -3.671997], [103.150197, -3.672576], [103.151486, -3.672867], [103.152919, -3.673086], [103.156139, -3.671828], [103.156471, -3.672985], [103.15648, -3.673018], [103.156527, -3.673063], [103.15725, -3.673624], [103.157333, -3.673833], [103.157618, -3.674105], [103.157624, -3.674148], [103.157678, -3.674592], [103.15671, -3.67459], [103.156618, -3.674513], [103.15648, -3.674513], [103.155831, -3.674096], [103.155713, -3.674096], [103.155682, -3.674174], [103.155681, -3.674466], [103.156104, -3.675075], [103.156829, -3.675441], [103.156788, -3.67596], [103.156832, -3.676057], [103.156774, -3.676144], [103.156767, -3.676232], [103.156712, -3.676933], [103.156973, -3.676851], [103.157371, -3.676598], [103.157474, -3.676711], [103.157599, -3.676712], [103.157834, -3.677068], [103.157941, -3.67723], [103.157975, -3.677268], [103.157977, -3.677285], [103.158188, -3.677603], [103.158246, -3.67796], [103.158245, -3.678553], [103.158245, -3.678725], [103.158244, -3.679147], [103.158183, -3.679681], [103.157652, -3.679621], [103.157061, -3.679619], [103.156175, -3.679143], [103.155534, -3.678893], [103.155374, -3.678844], [103.154876, -3.678843], [103.154666, -3.679001], [103.154641, -3.679026], [103.15469, -3.679175], [103.154945, -3.679389], [103.155179, -3.679531], [103.154933, -3.679859], [103.154933, -3.680031], [103.154863, -3.680272], [103.155022, -3.68062], [103.15499, -3.681149], [103.154966, -3.681181], [103.15493, -3.681574], [103.154338, -3.68181], [103.153807, -3.681691], [103.152862, -3.681273], [103.152389, -3.681331], [103.151936, -3.681734], [103.151735, -3.682076], [103.150989, -3.683382], [103.150954, -3.683446], [103.150729, -3.684059], [103.150668, -3.684059], [103.150075, -3.685779], [103.150074, -3.686432], [103.149576, -3.686966], [103.149391, -3.687368], [103.149151, -3.687891], [103.14915, -3.687898], [103.14913, -3.688072], [103.149069, -3.690905], [103.149359, -3.691432], [103.149271, -3.692428], [103.149227, -3.692598], [103.149234, -3.692723], [103.15188, -3.700832], [103.15323, -3.704709], [103.153194, -3.704861], [103.153227, -3.704961], [103.15298, -3.705954], [103.152201, -3.709093], [103.151317, -3.712861], [103.150269, -3.717328], [103.150126, -3.718074], [103.149066, -3.722453], [103.147506, -3.729102], [103.147404, -3.729315], [103.147325, -3.729644], [103.146037, -3.732218], [103.145021, -3.734621], [103.145019, -3.735562], [103.145016, -3.737135], [103.144723, -3.739259], [103.144704, -3.739672], [103.144944, -3.742463], [103.145737, -3.750213], [103.146713, -3.753149], [103.151778, -3.768112], [103.15228, -3.769593], [103.153152, -3.770004], [103.154839, -3.770124], [103.154809, -3.77039], [103.15498, -3.770564], [103.154502, -3.772205], [103.154485, -3.772286], [103.156254, -3.77383], [103.156634, -3.774162], [103.158321, -3.774399], [103.158523, -3.774445], [103.159345, -3.77455], [103.159425, -3.774653], [103.159601, -3.774694], [103.159709, -3.775022], [103.159758, -3.775086], [103.15974, -3.775117], [103.159774, -3.77522], [103.159431, -3.775658], [103.158809, -3.776746], [103.158751, -3.77689], [103.159013, -3.777382], [103.159914, -3.778076], [103.16013, -3.778186], [103.163083, -3.779144], [103.163452, -3.779241], [103.164418, -3.779192], [103.164638, -3.779552], [103.164653, -3.779556], [103.164657, -3.779584], [103.164889, -3.779964], [103.164748, -3.780278], [103.164768, -3.780434], [103.164512, -3.7808], [103.164058, -3.781803], [103.163573, -3.782328], [103.163908, -3.783881], [103.164112, -3.784356], [103.163978, -3.78452], [103.164002, -3.784875], [103.163384, -3.785245], [103.163153, -3.785527], [103.163301, -3.786276], [103.164115, -3.786628], [103.165053, -3.786449], [103.166055, -3.786035], [103.166852, -3.785465], [103.167429, -3.785466], [103.167656, -3.785373], [103.167744, -3.785467], [103.168074, -3.785468], [103.168407, -3.786173], [103.168717, -3.786503], [103.168719, -3.786503], [103.168296, -3.790786], [103.168264, -3.791986], [103.168466, -3.792495], [103.168762, -3.792974], [103.168944, -3.794013], [103.169268, -3.795875], [103.169535, -3.796548], [103.169999, -3.797309], [103.170569, -3.797597], [103.171352, -3.797907], [103.171442, -3.798676], [103.171451, -3.798715], [103.171451, -3.798752], [103.171643, -3.800401], [103.171461, -3.802478], [103.171443, -3.80255], [103.171443, -3.802632], [103.171047, -3.804102], [103.170448, -3.806454], [103.169573, -3.809071], [103.16945, -3.809467], [103.168731, -3.810578], [103.159, -3.825723], [103.158947, -3.825705], [103.158135, -3.826959], [103.15722, -3.829044], [103.147222, -3.842413], [103.147203, -3.842375], [103.147195, -3.842357], [103.146978, -3.841906], [103.146892, -3.841727], [103.146892, -3.841727], [103.145582, -3.83899], [103.145543, -3.83891], [103.145511, -3.838843], [103.145449, -3.838713], [103.145122, -3.838031], [103.145122, -3.838031], [103.14512, -3.838027], [103.14506, -3.837901], [103.145058, -3.8379], [103.140842, -3.835401], [103.138047, -3.833744], [103.137081, -3.833172], [103.135174, -3.832739], [103.132173, -3.832057], [103.132167, -3.832021], [103.131884, -3.830216], [103.132425, -3.829404], [103.132426, -3.829403], [103.133501, -3.82779], [103.133551, -3.827532], [103.133584, -3.827363], [103.133584, -3.827363], [103.134317, -3.823595], [103.134789, -3.822874], [103.134834, -3.822805], [103.137663, -3.818486], [103.137833, -3.815608], [103.137833, -3.815607], [103.137835, -3.815575], [103.137515, -3.814782], [103.135747, -3.810399], [103.135747, -3.810398], [103.135635, -3.810117], [103.134131, -3.805934], [103.134036, -3.80567], [103.132226, -3.803757], [103.131396, -3.802879], [103.131119, -3.802587], [103.131053, -3.802518], [103.130688, -3.802132], [103.129893, -3.801578], [103.129428, -3.801252], [103.128469, -3.800751], [103.127654, -3.800305], [103.125188, -3.798954], [103.123827, -3.798208], [103.123002, -3.79752], [103.123002, -3.79752], [103.120417, -3.795366], [103.120417, -3.795366], [103.120385, -3.79534], [103.118451, -3.796976], [103.117767, -3.797556], [103.117205, -3.797286], [103.11449, -3.795983], [103.11449, -3.795983], [103.112998, -3.795269], [103.107555, -3.79453], [103.107504, -3.7945], [103.106985, -3.794197], [103.106984, -3.794196], [103.106984, -3.794196], [103.106164, -3.793717], [103.105655, -3.792096], [103.106096, -3.791214], [103.106543, -3.788868], [103.106615, -3.788491], [103.106603, -3.788291], [103.106603, -3.788291], [103.106474, -3.786135], [103.106041, -3.784158], [103.106038, -3.784146], [103.105783, -3.783721], [103.104682, -3.781853], [103.104629, -3.781797], [103.104459, -3.781514], [103.104459, -3.781514], [103.104359, -3.781345], [103.103215, -3.780288], [103.10265, -3.779686], [103.10238, -3.779517], [103.101762, -3.778947], [103.099271, -3.777517], [103.098644, -3.777158], [103.099271, -3.777517], [103.100917, -3.751111], [103.101566, -3.740688], [103.102695, -3.722591], [103.102595, -3.722084], [103.100836, -3.713148], [103.101479, -3.708676], [103.102057, -3.704666], [103.101362, -3.690005], [103.100411, -3.669939], [103.104912, -3.669802], [103.104913, -3.66914], [103.104475, -3.668514], [103.104036, -3.668513], [103.102977, -3.667665], [103.103198, -3.666931], [103.103164, -3.665938], [103.102908, -3.66557], [103.101885, -3.66498], [103.101484, -3.664501], [103.101633, -3.663068], [103.1016, -3.661634], [103.101125, -3.660898], [103.100778, -3.660805], [103.099387, -3.660913], [103.098948, -3.660912], [103.097997, -3.660947], [103.096461, -3.660907], [103.095436, -3.661051], [103.094339, -3.660865], [103.093499, -3.659908], [103.093391, -3.659172], [103.090976, -3.65902], [103.090617, -3.656042], [103.090773, -3.655726], [103.091355, -3.655357], [103.091566, -3.655092], [103.091672, -3.654564], [103.091249, -3.653771], [103.091143, -3.652609], [103.091037, -3.651341], [103.090745, -3.650881], [103.090738, -3.65087], [103.090668, -3.650759], [103.090764, -3.650532], [103.090033, -3.650296], [103.088849, -3.649308], [103.087972, -3.648806], [103.087213, -3.648158], [103.086569, -3.648009], [103.086335, -3.647773], [103.084348, -3.646358], [103.083852, -3.645651], [103.082756, -3.64484], [103.082085, -3.643956], [103.082349, -3.643428], [103.083081, -3.643341], [103.083434, -3.642518], [103.08329, -3.641342], [103.082268, -3.640604], [103.082035, -3.639839], [103.082037, -3.638751], [103.081937, -3.637648], [103.082056, -3.636884], [103.082321, -3.636208], [103.082176, -3.635355], [103.082207, -3.634679], [103.082729, -3.634373], [103.082724, -3.634466], [103.088318, -3.633348], [103.096592, -3.631695], [103.096678, -3.631645], [103.096679, -3.631646], [103.099405, -3.634177], [103.105217, -3.642032], [103.110242, -3.648823], [103.126702, -3.629728], [103.126636, -3.632867], [103.126635, -3.633506], [103.126631, -3.635674], [103.127316, -3.63641]]]}}, {"type": "Feature", "properties": {"iddesa": "1604113002", "kecamatan": "Kikim Selatan", "kabupaten": "Lahat"}, "geometry": {"type": "Polygon", "coordinates": [[[103.168944, -3.794013], [103.168762, -3.792974], [103.168466, -3.792495], [103.168264, -3.791986], [103.168296, -3.790786], [103.168719, -3.786503], [103.168717, -3.786503], [103.168407, -3.786173], [103.168074, -3.785468], [103.167744, -3.785467], [103.167656, -3.785373], [103.167429, -3.785466], [103.166852, -3.785465], [103.166055, -3.786035], [103.165053, -3.786449], [103.164115, -3.786628], [103.163301, -3.786276], [103.163153, -3.785527], [103.163384, -3.785245], [103.164002, -3.784875], [103.163978, -3.78452], [103.164112, -3.784356], [103.163908, -3.783881], [103.163573, -3.782328], [103.164058, -3.781803], [103.164512, -3.7808], [103.164768, -3.780434], [103.164748, -3.780278], [103.164889, -3.779964], [103.164657, -3.779584], [103.164653, -3.779556], [103.164638, -3.779552], [103.164418, -3.779192], [103.163452, -3.779241], [103.163083, -3.779144], [103.16013, -3.778186], [103.159914, -3.778076], [103.159013, -3.777382], [103.158751, -3.77689], [103.158809, -3.776746], [103.159431, -3.775658], [103.159774, -3.77522], [103.15974, -3.775117], [103.159758, -3.775086], [103.159709, -3.775022], [103.159601, -3.774694], [103.159425, -3.774653], [103.159345, -3.77455], [103.158523, -3.774445], [103.158321, -3.774399], [103.156634, -3.774162], [103.156254, -3.77383], [103.154485, -3.772286], [103.154502, -3.772205], [103.15498, -3.770564], [103.154809, -3.77039], [103.154839, -3.770124], [103.153152, -3.770004], [103.15228, -3.769593], [103.151778, -3.768112], [103.151926, -3.767266], [103.152021, -3.766339], [103.152299, -3.765597], [103.153271, -3.764718], [103.154057, -3.764071], [103.154753, -3.762634], [103.155218, -3.760687], [103.155453, -3.759064], [103.155916, -3.75823], [103.156286, -3.75786], [103.156889, -3.756702], [103.156891, -3.755589], [103.15717, -3.754569], [103.157772, -3.753782], [103.15924, -3.753259], [103.159713, -3.75309], [103.160731, -3.752257], [103.161426, -3.750821], [103.161797, -3.750126], [103.162075, -3.749616], [103.162861, -3.74934], [103.163877, -3.749249], [103.164569, -3.749251], [103.1654, -3.74916], [103.166787, -3.748328], [103.167157, -3.747957], [103.167527, -3.747726], [103.168127, -3.747727], [103.168451, -3.747682], [103.168925, -3.747536], [103.169051, -3.747497], [103.169421, -3.747498], [103.169744, -3.747499], [103.170067, -3.747592], [103.170482, -3.747779], [103.17051, -3.747787], [103.170533, -3.747793], [103.170546, -3.747797], [103.170805, -3.747872], [103.171082, -3.748012], [103.171452, -3.747874], [103.171885, -3.748136], [103.171889, -3.748138], [103.171913, -3.748153], [103.172743, -3.748665], [103.172522, -3.748923], [103.172187, -3.749313], [103.171908, -3.750194], [103.171677, -3.750332], [103.171676, -3.750796], [103.171675, -3.751492], [103.171673, -3.752188], [103.171703, -3.752247], [103.171765, -3.752373], [103.172181, -3.752467], [103.172364, -3.752487], [103.173058, -3.752562], [103.173982, -3.752239], [103.174629, -3.751776], [103.175185, -3.751128], [103.175879, -3.75048], [103.176573, -3.749647], [103.177128, -3.749138], [103.177683, -3.74849], [103.178238, -3.748166], [103.178978, -3.747472], [103.179949, -3.74701], [103.180535, -3.746898], [103.179702, -3.748942], [103.1797, -3.749862], [103.179698, -3.750476], [103.179697, -3.751166], [103.17916, -3.752469], [103.178547, -3.753541], [103.178544, -3.754998], [103.178618, -3.755919], [103.179068, -3.759831], [103.178301, -3.76144], [103.176846, -3.763967], [103.17669, -3.765347], [103.176917, -3.766498], [103.177449, -3.767343], [103.17615, -3.768184], [103.176453, -3.769335], [103.178387, -3.769468], [103.17321, -3.786506], [103.170451, -3.791869], [103.168944, -3.794013]]]}}, {"type": "Feature", "properties": {"iddesa": "1604042010", "kecamatan": "Tanjung Tebat", "kabupaten": "Lahat"}, "geometry": {"type": "Polygon", "coordinates": [[[103.455949, -3.973602], [103.456226, -3.976346], [103.45643, -3.978367], [103.466487, -3.97914], [103.466314, -3.97954], [103.46539, -3.98177], [103.465076, -3.986157], [103.462308, -3.990692], [103.462151, -3.992924], [103.461174, -3.995173], [103.460844, -3.995154], [103.450114, -3.995133], [103.448843, -3.994749], [103.446498, -3.99404], [103.441918, -3.992655], [103.441822, -3.992617], [103.446063, -3.98291], [103.448692, -3.97689], [103.448806, -3.976783], [103.448883, -3.976712], [103.449889, -3.97577], [103.452224, -3.973587], [103.452607, -3.973742], [103.452656, -3.973566], [103.452705, -3.973933], [103.455949, -3.973602]], [[103.450427, -3.990165], [103.448838, -3.990162], [103.447509, -3.99016], [103.447504, -3.992726], [103.448282, -3.992733], [103.450288, -3.992752], [103.450427, -3.990165]]]}}, {"type": "Feature", "properties": {"iddesa": "1604040011", "kecamatan": "Kota Agung", "kabupaten": "Lahat"}, "geometry": {"type": "Polygon", "coordinates": [[[103.416057, -4.060197], [103.422852, -4.071873], [103.422932, -4.072012], [103.422957, -4.072054], [103.423143, -4.077065], [103.423253, -4.080024], [103.423376, -4.083329], [103.423703, -4.092124], [103.413745, -4.091481], [103.414063, -4.080767], [103.414097, -4.079624], [103.414112, -4.079096], [103.414776, -4.078344], [103.417844, -4.074871], [103.418261, -4.074398], [103.414644, -4.070144], [103.415939, -4.06016], [103.416057, -4.060197]]]}}, {"type": "Feature", "properties": {"iddesa": "1604060045", "kecamatan": "Jarai", "kabupaten": "Lahat"}, "geometry": {"type": "Polygon", "coordinates": [[[103.23162, -3.888849], [103.23162, -3.888849], [103.230845, -3.891656], [103.23061, -3.892509], [103.23061, -3.892509], [103.223092, -3.919756], [103.221081, -3.927044], [103.21699, -3.930465], [103.215188, -3.933316], [103.206712, -3.932235], [103.206693, -3.932217], [103.205585, -3.931149], [103.204513, -3.930117], [103.204014, -3.928517], [103.201981, -3.928476], [103.201611, -3.928467], [103.199588, -3.929507], [103.199675, -3.929281], [103.199198, -3.928948], [103.19793, -3.928065], [103.197627, -3.927864], [103.197515, -3.925922], [103.197407, -3.924084], [103.197243, -3.923844], [103.196154, -3.922258], [103.195602, -3.91917], [103.195606, -3.917347], [103.19533, -3.915943], [103.195335, -3.913278], [103.196447, -3.9092], [103.197708, -3.910314], [103.200138, -3.903592], [103.200571, -3.902396], [103.207829, -3.882322], [103.20945, -3.882384], [103.219935, -3.882786], [103.219974, -3.882737], [103.223957, -3.884462], [103.225649, -3.884951], [103.22931, -3.887906], [103.230476, -3.888846], [103.23162, -3.888849]]]}}, {"type": "Feature", "properties": {"iddesa": "1604011002", "kecamatan": "Tanjung Sakti Pumi", "kabupaten": "Lahat"}, "geometry": {"type": "Polygon", "coordinates": [[[103.075215, -4.172227], [103.072081, -4.172663], [103.071695, -4.172716], [103.068237, -4.173198], [103.067146, -4.173349], [103.06488, -4.173665], [103.064891, -4.17365], [103.065114, -4.173494], [103.065225, -4.173316], [103.065582, -4.172804], [103.065872, -4.172381], [103.066184, -4.171913], [103.066518, -4.171512], [103.06683, -4.171245], [103.06723, -4.171202], [103.068009, -4.170958], [103.06832, -4.170914], [103.068743, -4.170804], [103.069168, -4.170549], [103.06941, -4.170404], [103.069414, -4.170387], [103.069455, -4.170181], [103.069567, -4.170002], [103.069634, -4.169869], [103.069678, -4.16978], [103.069746, -4.169579], [103.069835, -4.16949], [103.069924, -4.169289], [103.070027, -4.169129], [103.070125, -4.168977], [103.070182, -4.168733], [103.070192, -4.168688], [103.070192, -4.168687], [103.070282, -4.168375], [103.070415, -4.168242], [103.070594, -4.167952], [103.070795, -4.167685], [103.070817, -4.167484], [103.070973, -4.167373], [103.071084, -4.167329], [103.07153, -4.166772], [103.072285, -4.166615], [103.072895, -4.167783], [103.073743, -4.169407], [103.075215, -4.172227]]]}}, {"type": "Feature", "properties": {"iddesa": "1604122002", "kecamatan": "Pseksu", "kabupaten": "Lahat"}, "geometry": {"type": "Polygon", "coordinates": [[[103.280655, -3.759758], [103.279988, -3.760127], [103.279583, -3.76029], [103.278194, -3.760849], [103.271195, -3.763668], [103.270056, -3.766371], [103.270032, -3.766372], [103.269197, -3.765214], [103.268739, -3.765234], [103.264645, -3.765416], [103.263946, -3.766334], [103.255237, -3.777777], [103.25522, -3.786218], [103.25522, -3.786218], [103.246738, -3.790844], [103.240475, -3.792455], [103.234713, -3.793937], [103.234704, -3.793997], [103.235274, -3.790324], [103.235976, -3.789504], [103.236966, -3.788349], [103.238659, -3.786091], [103.242319, -3.784968], [103.242889, -3.781295], [103.244583, -3.778472], [103.246536, -3.776238], [103.246557, -3.776215], [103.246001, -3.772823], [103.246006, -3.770279], [103.246404, -3.77004], [103.248823, -3.768589], [103.25192, -3.767464], [103.255016, -3.766623], [103.255958, -3.766109], [103.258115, -3.764933], [103.263723, -3.7628], [103.264028, -3.762684], [103.264277, -3.761446], [103.264596, -3.759859], [103.265707, -3.75897], [103.265465, -3.758828], [103.265139, -3.75855], [103.264712, -3.758448], [103.26431, -3.758448], [103.264688, -3.757893], [103.264865, -3.757439], [103.265569, -3.757087], [103.265846, -3.756936], [103.266437, -3.756197], [103.26645, -3.75618], [103.267055, -3.755576], [103.26738, -3.755319], [103.267533, -3.755198], [103.267961, -3.754669], [103.268238, -3.754417], [103.268841, -3.754065], [103.26967, -3.754142], [103.269921, -3.754171], [103.270123, -3.754194], [103.270224, -3.753967], [103.270951, -3.754397], [103.27178, -3.754777], [103.272031, -3.754778], [103.272131, -3.754904], [103.272935, -3.754906], [103.273613, -3.755033], [103.274316, -3.755287], [103.274919, -3.755389], [103.275195, -3.75544], [103.275672, -3.755769], [103.275822, -3.756022], [103.276274, -3.756275], [103.276475, -3.756251], [103.277153, -3.756631], [103.278407, -3.757617], [103.279109, -3.758326], [103.279661, -3.75868], [103.279768, -3.758778], [103.280238, -3.759211], [103.280589, -3.759691], [103.280604, -3.759706], [103.280655, -3.759758]]]}}, {"type": "Feature", "properties": {"iddesa": "1604060050", "kecamatan": "Jarai", "kabupaten": "Lahat"}, "geometry": {"type": "Polygon", "coordinates": [[[103.16969, -3.95052], [103.168013, -3.952957], [103.164502, -3.957052], [103.160992, -3.960854], [103.159526, -3.964075], [103.15543, -3.968755], [103.15338, -3.972267], [103.147824, -3.977237], [103.146363, -3.978113], [103.142167, -3.978665], [103.142007, -3.978686], [103.14205, -3.977792], [103.1417, -3.975171], [103.13879, -3.971941], [103.140257, -3.968135], [103.139973, -3.964617], [103.139976, -3.963541], [103.139567, -3.960837], [103.139801, -3.958652], [103.140883, -3.956982], [103.141161, -3.955535], [103.141465, -3.955154], [103.143502, -3.952609], [103.144081, -3.951948], [103.147597, -3.947929], [103.149408, -3.946119], [103.151399, -3.944128], [103.159287, -3.940043], [103.164257, -3.935951], [103.167158, -3.932663], [103.168645, -3.930978], [103.170615, -3.927369], [103.17216, -3.924538], [103.174061, -3.919561], [103.174508, -3.918389], [103.176267, -3.914583], [103.177754, -3.912353], [103.178024, -3.911949], [103.179623, -3.908436], [103.182801, -3.917535], [103.183516, -3.919581], [103.1842, -3.921539], [103.184627, -3.92276], [103.183387, -3.925444], [103.180037, -3.932691], [103.175533, -3.942435], [103.172765, -3.94544], [103.172094, -3.946169], [103.167972, -3.950643], [103.16969, -3.95052]]]}}, {"type": "Feature", "properties": {"iddesa": "1604041006", "kecamatan": "Mulak Ulu", "kabupaten": "Lahat"}, "geometry": {"type": "Polygon", "coordinates": [[[103.498123, -4.052329], [103.498246, -4.052443], [103.499841, -4.054924], [103.501738, -4.057872], [103.508088, -4.067745], [103.50947, -4.069893], [103.513292, -4.075836], [103.53131, -4.103847], [103.531603, -4.104304], [103.535825, -4.110867], [103.535674, -4.110902], [103.534508, -4.111175], [103.532902, -4.111403], [103.530532, -4.111552], [103.530208, -4.111563], [103.526097, -4.111697], [103.524262, -4.111847], [103.518605, -4.110916], [103.515244, -4.109297], [103.514296, -4.10867], [103.512394, -4.107411], [103.512401, -4.107405], [103.511333, -4.106315], [103.48005, -4.074393], [103.480063, -4.074347], [103.483867, -4.060243], [103.481446, -4.055396], [103.480441, -4.053383], [103.480274, -4.05305], [103.480384, -4.053027], [103.482903, -4.052503], [103.483149, -4.052319], [103.484063, -4.051634], [103.486021, -4.050168], [103.489349, -4.047677], [103.491218, -4.046277], [103.49143, -4.046118], [103.495924, -4.050289], [103.498123, -4.052329]]]}}, {"type": "Feature", "properties": {"iddesa": "1701051008", "kecamatan": "Air Nipis", "kabupaten": "Bengkulu Selatan"}, "geometry": {"type": "Polygon", "coordinates": [[[103.181697, -4.2367], [103.180582, -4.238659], [103.176197, -4.24594], [103.174339, -4.249059], [103.171929, -4.253096], [103.171613, -4.253631], [103.170935, -4.254757], [103.170153, -4.256062], [103.169277, -4.257521], [103.168506, -4.258809], [103.168378, -4.259023], [103.168098, -4.259489], [103.157558, -4.277057], [103.156843, -4.278258], [103.151476, -4.287195], [103.149658, -4.290223], [103.148223, -4.292617], [103.128677, -4.325195], [103.126192, -4.329323], [103.122782, -4.335022], [103.100295, -4.372508], [103.100017, -4.372971], [103.099448, -4.373916], [103.099403, -4.373992], [103.098005, -4.376316], [103.097118, -4.377803], [103.097004, -4.377994], [103.097003, -4.377994], [103.095842, -4.378671], [103.095494, -4.378874], [103.095122, -4.37909], [103.094026, -4.379724], [103.093878, -4.379812], [103.091132, -4.381408], [103.090837, -4.381164], [103.089026, -4.379669], [103.087705, -4.378578], [103.085917, -4.379975], [103.081573, -4.379731], [103.077694, -4.383964], [103.076718, -4.384015], [103.073038, -4.384203], [103.07264, -4.384224], [103.070522, -4.384965], [103.069818, -4.385211], [103.069812, -4.385162], [103.069666, -4.383965], [103.070266, -4.382322], [103.069848, -4.380145], [103.069875, -4.380005], [103.071198, -4.379362], [103.071764, -4.379087], [103.071817, -4.379037], [103.072318, -4.378556], [103.074225, -4.376726], [103.074302, -4.376652], [103.079802, -4.365895], [103.084073, -4.357539], [103.086233, -4.353314], [103.101913, -4.324353], [103.141852, -4.250569], [103.143335, -4.250139], [103.14454, -4.250131], [103.144589, -4.250099], [103.14542, -4.250101], [103.146973, -4.248826], [103.148304, -4.247995], [103.150063, -4.246875], [103.151862, -4.245492], [103.152697, -4.244196], [103.152998, -4.243938], [103.154669, -4.241358], [103.155188, -4.241062], [103.155719, -4.241063], [103.158424, -4.241153], [103.158686, -4.24107], [103.160024, -4.241074], [103.16161, -4.240523], [103.16251, -4.24108], [103.163717, -4.241082], [103.164682, -4.241351], [103.165887, -4.240918], [103.167328, -4.240645], [103.167516, -4.240624], [103.1693, -4.240724], [103.171076, -4.240961], [103.171872, -4.240007], [103.173722, -4.239224], [103.174672, -4.239167], [103.17661, -4.237368], [103.17895, -4.23634], [103.180896, -4.23613], [103.180896, -4.236031], [103.181697, -4.2367]]]}}, {"type": "Feature", "properties": {"iddesa": "1604061022", "kecamatan": "Pajar Bulan", "kabupaten": "Lahat"}, "geometry": {"type": "Polygon", "coordinates": [[[103.264249, -3.959286], [103.263538, -3.959919], [103.262269, -3.960748], [103.262201, -3.960793], [103.261795, -3.961064], [103.261244, -3.961431], [103.259732, -3.961526], [103.258875, -3.961801], [103.258611, -3.961328], [103.258418, -3.960838], [103.257394, -3.960591], [103.256908, -3.960149], [103.256421, -3.959855], [103.255885, -3.959854], [103.25525, -3.96044], [103.25522, -3.960489], [103.254812, -3.960194], [103.254563, -3.959943], [103.254224, -3.959601], [103.254668, -3.958676], [103.254913, -3.958187], [103.25533, -3.957681], [103.255597, -3.957356], [103.256185, -3.956329], [103.256869, -3.955303], [103.256878, -3.955194], [103.257405, -3.955451], [103.258526, -3.955747], [103.259354, -3.955993], [103.259841, -3.956092], [103.260475, -3.95624], [103.260751, -3.9564], [103.260815, -3.956437], [103.261059, -3.956682], [103.261155, -3.957025], [103.261321, -3.957168], [103.261837, -3.957614], [103.262519, -3.95786], [103.263249, -3.958156], [103.263735, -3.958842], [103.264249, -3.959286]]]}}, {"type": "Feature", "properties": {"iddesa": "1604113006", "kecamatan": "Kikim Selatan", "kabupaten": "Lahat"}, "geometry": {"type": "Polygon", "coordinates": [[[103.219941, -3.746], [103.219928, -3.746135], [103.219739, -3.748083], [103.219631, -3.750387], [103.219625, -3.75311], [103.219516, -3.755519], [103.219406, -3.758451], [103.220493, -3.76898], [103.22053, -3.769346], [103.220738, -3.76987], [103.22115, -3.77207], [103.221772, -3.774062], [103.22343, -3.778883], [103.224573, -3.781085], [103.226027, -3.783601], [103.227068, -3.784755], [103.229672, -3.785913], [103.233109, -3.787491], [103.235976, -3.789504], [103.235274, -3.790324], [103.234704, -3.793997], [103.236668, -3.796262], [103.236663, -3.799088], [103.234968, -3.802194], [103.234677, -3.80728], [103.240008, -3.81464], [103.238007, -3.829898], [103.240517, -3.840925], [103.239641, -3.856185], [103.239902, -3.866078], [103.240087, -3.871176], [103.240087, -3.871177], [103.240168, -3.873427], [103.242114, -3.885301], [103.242657, -3.891063], [103.239877, -3.890325], [103.234345, -3.888854], [103.232134, -3.88885], [103.23162, -3.888849], [103.230476, -3.888846], [103.22931, -3.887906], [103.225649, -3.884951], [103.223957, -3.884462], [103.219974, -3.882737], [103.219935, -3.882786], [103.20945, -3.882384], [103.207829, -3.882322], [103.201405, -3.882076], [103.200254, -3.882032], [103.196296, -3.880836], [103.194373, -3.879137], [103.189666, -3.874977], [103.189158, -3.874528], [103.184922, -3.874928], [103.185111, -3.873986], [103.18935, -3.870878], [103.193589, -3.867486], [103.193607, -3.858985], [103.19503, -3.85332], [103.195326, -3.84652], [103.19534, -3.839719], [103.195071, -3.833767], [103.194231, -3.830648], [103.191992, -3.822142], [103.190019, -3.821005], [103.189181, -3.817035], [103.189188, -3.813635], [103.190233, -3.811721], [103.189476, -3.811085], [103.188917, -3.808534], [103.189779, -3.801168], [103.192331, -3.794655], [103.191771, -3.792954], [103.191787, -3.785303], [103.191239, -3.777083], [103.191257, -3.768582], [103.191267, -3.763481], [103.192971, -3.758101], [103.197212, -3.753292], [103.197468, -3.753292], [103.197655, -3.752322], [103.198134, -3.751366], [103.198249, -3.751135], [103.197857, -3.750293], [103.197709, -3.749996], [103.196532, -3.747667], [103.196691, -3.747415], [103.197965, -3.745394], [103.198511, -3.743366], [103.198859, -3.74203], [103.199502, -3.740497], [103.199988, -3.740012], [103.200194, -3.739806], [103.200788, -3.738174], [103.201332, -3.737433], [103.201332, -3.736987], [103.201289, -3.736134], [103.201285, -3.736047], [103.201237, -3.735651], [103.201188, -3.735106], [103.201233, -3.734756], [103.201234, -3.73475], [103.201239, -3.73471], [103.201782, -3.734068], [103.202471, -3.734218], [103.203013, -3.734368], [103.203849, -3.735112], [103.203996, -3.735409], [103.205128, -3.735956], [103.205915, -3.736452], [103.2068, -3.737543], [103.207735, -3.738139], [103.208669, -3.738833], [103.210145, -3.740024], [103.211079, -3.740818], [103.212111, -3.741958], [103.213095, -3.742802], [103.213734, -3.743545], [103.215112, -3.744192], [103.217328, -3.74479], [103.219297, -3.745635], [103.219941, -3.746]]]}}, {"type": "Feature", "properties": {"iddesa": "1604011017", "kecamatan": "Tanjung Sakti Pumi", "kabupaten": "Lahat"}, "geometry": {"type": "Polygon", "coordinates": [[[103.136531, -4.042092], [103.137001, -4.043519], [103.137205, -4.043905], [103.13814, -4.049375], [103.138091, -4.049763], [103.138264, -4.050098], [103.139787, -4.059003], [103.14181, -4.064669], [103.141977, -4.065493], [103.142282, -4.066746], [103.142607, -4.068081], [103.14313, -4.069522], [103.143674, -4.071023], [103.144117, -4.072245], [103.144154, -4.072628], [103.144208, -4.072808], [103.144923, -4.076318], [103.146046, -4.080813], [103.1468, -4.083322], [103.146736, -4.083576], [103.146852, -4.08404], [103.1474, -4.086261], [103.147397, -4.087639], [103.147522, -4.088731], [103.147786, -4.090717], [103.147988, -4.091813], [103.148076, -4.092485], [103.14828, -4.092856], [103.148721, -4.093802], [103.148794, -4.093942], [103.149166, -4.094317], [103.149005, -4.094347], [103.149627, -4.095536], [103.149891, -4.09598], [103.14998, -4.096212], [103.150001, -4.096253], [103.150827, -4.097503], [103.150887, -4.097997], [103.151334, -4.09857], [103.151332, -4.099266], [103.151513, -4.099585], [103.15133, -4.100253], [103.15133, -4.100268], [103.151323, -4.100279], [103.151095, -4.10111], [103.151304, -4.101797], [103.151143, -4.1019], [103.147405, -4.104307], [103.143951, -4.107361], [103.143419, -4.107892], [103.142356, -4.109088], [103.14116, -4.110283], [103.138905, -4.11081], [103.136253, -4.110937], [103.134624, -4.110699], [103.134396, -4.111199], [103.133333, -4.112395], [103.132137, -4.113457], [103.131738, -4.113988], [103.130539, -4.116382], [103.129873, -4.117978], [103.128278, -4.119438], [103.126819, -4.119834], [103.125227, -4.120496], [103.123767, -4.120892], [103.121712, -4.120887], [103.121382, -4.120221], [103.120455, -4.119952], [103.119129, -4.119949], [103.118867, -4.118751], [103.117407, -4.119413], [103.116345, -4.119676], [103.114887, -4.119806], [103.113295, -4.120069], [103.113029, -4.120467], [103.112498, -4.120999], [103.111435, -4.121662], [103.109843, -4.12219], [103.108118, -4.122719], [103.105068, -4.122978], [103.103345, -4.12284], [103.101358, -4.12217], [103.099694, -4.121449], [103.099504, -4.121367], [103.098843, -4.120433], [103.098844, -4.119901], [103.100173, -4.118839], [103.100926, -4.118324], [103.102696, -4.117115], [103.104169, -4.115642], [103.104556, -4.115255], [103.106819, -4.1114], [103.107484, -4.10884], [103.107889, -4.107276], [103.109488, -4.104085], [103.110427, -4.099427], [103.110032, -4.098228], [103.107654, -4.094628], [103.109919, -4.089974], [103.109529, -4.086645], [103.110469, -4.081589], [103.110613, -4.076664], [103.109425, -4.074265], [103.109433, -4.071203], [103.136517, -4.042049], [103.136531, -4.042092]]]}}, {"type": "Feature", "properties": {"iddesa": "1604011007", "kecamatan": "Tanjung Sakti Pumi", "kabupaten": "Lahat"}, "geometry": {"type": "Polygon", "coordinates": [[[103.06986, -4.162582], [103.070016, -4.162585], [103.069872, -4.163287], [103.069738, -4.163465], [103.069737, -4.163822], [103.069715, -4.164045], [103.069692, -4.164326], [103.069692, -4.164335], [103.069513, -4.164491], [103.069313, -4.164624], [103.069135, -4.164802], [103.068905, -4.165179], [103.06889, -4.165203], [103.068889, -4.165471], [103.068888, -4.165851], [103.068887, -4.166029], [103.068887, -4.166252], [103.06882, -4.16643], [103.068867, -4.166601], [103.068274, -4.166912], [103.067991, -4.167061], [103.067063, -4.167549], [103.067012, -4.16749], [103.066857, -4.167302], [103.066732, -4.167224], [103.066561, -4.167114], [103.066406, -4.166894], [103.066157, -4.166753], [103.065799, -4.16658], [103.065659, -4.166486], [103.065503, -4.166423], [103.065379, -4.166407], [103.0652, -4.166274], [103.065145, -4.166234], [103.064897, -4.165889], [103.064866, -4.165717], [103.064882, -4.165467], [103.064883, -4.165185], [103.064883, -4.164997], [103.065009, -4.164763], [103.065011, -4.16476], [103.065102, -4.164638], [103.065102, -4.164622], [103.06518, -4.16456], [103.06529, -4.164482], [103.065383, -4.164435], [103.065383, -4.164404], [103.065508, -4.164295], [103.065571, -4.164279], [103.065695, -4.16428], [103.065836, -4.164296], [103.06596, -4.16428], [103.066054, -4.164234], [103.066101, -4.164077], [103.066132, -4.16403], [103.066164, -4.163952], [103.06618, -4.163827], [103.06618, -4.163702], [103.066196, -4.163561], [103.066212, -4.163452], [103.066212, -4.163327], [103.066228, -4.163327], [103.066306, -4.16328], [103.066337, -4.163202], [103.066337, -4.163198], [103.066337, -4.163195], [103.066337, -4.163186], [103.066337, -4.163183], [103.066337, -4.163155], [103.066431, -4.163139], [103.066618, -4.16303], [103.066836, -4.162984], [103.067048, -4.162963], [103.067148, -4.162953], [103.067319, -4.162969], [103.067428, -4.163157], [103.067443, -4.163345], [103.067551, -4.163721], [103.067644, -4.163831], [103.067785, -4.163878], [103.067956, -4.163753], [103.068082, -4.163378], [103.068269, -4.163269], [103.068441, -4.163113], [103.068519, -4.162957], [103.068689, -4.162555], [103.06986, -4.162582]]]}}, {"type": "Feature", "properties": {"iddesa": "1604061018", "kecamatan": "Pajar Bulan", "kabupaten": "Lahat"}, "geometry": {"type": "Polygon", "coordinates": [[[103.280208, -3.951598], [103.280363, -3.951758], [103.282008, -3.952198], [103.283087, -3.953918], [103.283147, -3.954014], [103.283237, -3.954634], [103.283105, -3.955282], [103.282821, -3.956677], [103.282846, -3.956949], [103.282888, -3.957435], [103.283024, -3.958353], [103.282565, -3.959271], [103.282561, -3.959278], [103.282747, -3.959432], [103.282943, -3.959784], [103.283271, -3.960374], [103.283384, -3.961132], [103.283358, -3.962487], [103.283062, -3.963957], [103.281713, -3.963531], [103.278741, -3.963133], [103.276553, -3.960093], [103.273824, -3.959549], [103.272993, -3.959082], [103.27251, -3.958811], [103.272198, -3.958685], [103.270562, -3.958024], [103.269831, -3.957778], [103.269052, -3.957287], [103.268809, -3.956992], [103.268531, -3.956712], [103.270131, -3.955355], [103.270184, -3.954469], [103.270392, -3.953528], [103.27085, -3.952818], [103.272133, -3.952008], [103.272155, -3.951994], [103.272682, -3.951605], [103.273689, -3.950918], [103.2744, -3.94968], [103.275019, -3.948763], [103.276026, -3.948351], [103.276575, -3.948376], [103.277506, -3.948821], [103.277876, -3.948998], [103.278151, -3.948999], [103.279247, -3.949586], [103.279246, -3.949965], [103.279473, -3.950838], [103.280208, -3.951598]]]}}, {"type": "Feature", "properties": {"iddesa": "1604050032", "kecamatan": "Pulau Pinang", "kabupaten": "Lahat"}, "geometry": {"type": "Polygon", "coordinates": [[[103.493314, -3.882974], [103.493379, -3.882993], [103.505828, -3.884973], [103.514282, -3.886318], [103.517335, -3.886803], [103.521769, -3.887508], [103.52186, -3.887523], [103.524026, -3.887867], [103.524029, -3.887868], [103.524033, -3.887943], [103.524027, -3.891864], [103.524067, -3.894062], [103.52397, -3.89403], [103.518952, -3.89374], [103.518896, -3.893737], [103.518338, -3.893705], [103.517696, -3.894041], [103.517322, -3.894086], [103.516167, -3.894223], [103.515127, -3.895203], [103.514675, -3.89606], [103.513379, -3.898516], [103.513782, -3.901551], [103.513614, -3.903643], [103.510509, -3.908303], [103.510463, -3.908282], [103.509613, -3.907896], [103.495119, -3.901096], [103.478361, -3.893234], [103.47834, -3.89321], [103.478346, -3.893173], [103.479827, -3.892602], [103.483698, -3.89111], [103.485993, -3.889886], [103.487946, -3.887549], [103.489441, -3.884712], [103.490931, -3.884216], [103.492767, -3.883299], [103.493309, -3.882973], [103.493314, -3.882974]]]}}, {"type": "Feature", "properties": {"iddesa": "1604063001", "kecamatan": "Sukamerindu", "kabupaten": "Lahat"}, "geometry": {"type": "Polygon", "coordinates": [[[103.210701, -3.968577], [103.210684, -3.968795], [103.210658, -3.96914], [103.210893, -3.969643], [103.21157, -3.971086], [103.21166, -3.971216], [103.211671, -3.971232], [103.212281, -3.97211], [103.212889, -3.973646], [103.212378, -3.974157], [103.212347, -3.974185], [103.211256, -3.975177], [103.210032, -3.977528], [103.209926, -3.977732], [103.209836, -3.977874], [103.20921, -3.978856], [103.208696, -3.98131], [103.208531, -3.982766], [103.208488, -3.983152], [103.207873, -3.984787], [103.207464, -3.985707], [103.207054, -3.986729], [103.206955, -3.988441], [103.206948, -3.988571], [103.206532, -3.989907], [103.206141, -3.99], [103.204394, -3.990468], [103.204124, -3.990939], [103.203587, -3.991073], [103.202647, -3.991138], [103.200699, -3.991606], [103.19922, -3.992007], [103.198952, -3.991872], [103.198483, -3.991601], [103.198081, -3.991263], [103.197679, -3.990723], [103.196844, -3.990241], [103.197657, -3.990243], [103.197759, -3.988421], [103.197833, -3.988421], [103.197764, -3.988327], [103.197764, -3.988327], [103.196088, -3.986015], [103.195054, -3.984589], [103.192196, -3.980648], [103.192122, -3.980547], [103.191105, -3.979144], [103.196743, -3.97433], [103.196896, -3.974199], [103.196952, -3.974151], [103.198614, -3.972732], [103.199, -3.972402], [103.199111, -3.972326], [103.199182, -3.972265], [103.19923, -3.972206], [103.201754, -3.970051], [103.201674, -3.969928], [103.201816, -3.969606], [103.20197, -3.969257], [103.202181, -3.968776], [103.202896, -3.967152], [103.202931, -3.967111], [103.204391, -3.965389], [103.204649, -3.965085], [103.207377, -3.965395], [103.207473, -3.965406], [103.207481, -3.965396], [103.20915, -3.963311], [103.210163, -3.962044], [103.210163, -3.962182], [103.209344, -3.964226], [103.209122, -3.965399], [103.209035, -3.965862], [103.209235, -3.967397], [103.210048, -3.968115], [103.210701, -3.968577]]]}}, {"type": "Feature", "properties": {"iddesa": "1603012009", "kecamatan": "Semendo Darat Tengah", "kabupaten": "Muara Enim"}, "geometry": {"type": "Polygon", "coordinates": [[[103.478944, -4.110295], [103.49546, -4.128606], [103.492675, -4.137402], [103.499406, -4.189333], [103.48758, -4.191576], [103.477681, -4.195956], [103.470971, -4.149513], [103.469424, -4.138563], [103.463176, -4.105094], [103.464741, -4.103056], [103.46472, -4.102875], [103.465143, -4.102213], [103.465885, -4.10036], [103.466901, -4.09974], [103.467229, -4.099811], [103.468172, -4.099605], [103.470057, -4.10047], [103.478753, -4.110233], [103.478944, -4.110295]]]}}, {"type": "Feature", "properties": {"iddesa": "1604052002", "kecamatan": "Gumay Ulu", "kabupaten": "Lahat"}, "geometry": {"type": "Polygon", "coordinates": [[[103.4117, -3.952032], [103.416069, -3.959456], [103.41627, -3.959797], [103.419848, -3.965907], [103.430168, -3.964252], [103.43193, -3.963969], [103.431948, -3.963966], [103.43646, -3.974244], [103.433744, -3.97447], [103.433676, -3.974475], [103.429076, -3.975313], [103.425091, -3.97546], [103.42371, -3.975919], [103.423158, -3.976774], [103.422482, -3.977302], [103.421514, -3.977972], [103.421502, -3.97798], [103.421467, -3.977981], [103.420943, -3.978534], [103.419948, -3.979529], [103.418959, -3.981647], [103.418848, -3.981841], [103.417783, -3.982082], [103.417, -3.982118], [103.417014, -3.982782], [103.416721, -3.983756], [103.415953, -3.984832], [103.415946, -3.984829], [103.415465, -3.984663], [103.415407, -3.984777], [103.414437, -3.984969], [103.414256, -3.985044], [103.41386, -3.985083], [103.413386, -3.985457], [103.413353, -3.985641], [103.413201, -3.985786], [103.412878, -3.986034], [103.412409, -3.986184], [103.411492, -3.985471], [103.411238, -3.985462], [103.41096, -3.985552], [103.410681, -3.985872], [103.410661, -3.9859], [103.410637, -3.985896], [103.410276, -3.985971], [103.410105, -3.986143], [103.409723, -3.987038], [103.409552, -3.9874], [103.409361, -3.987667], [103.409171, -3.987876], [103.408297, -3.988256], [103.407081, -3.988616], [103.406797, -3.988587], [103.406511, -3.988558], [103.406303, -3.988436], [103.406225, -3.988185], [103.406226, -3.987893], [103.406081, -3.987573], [103.405763, -3.987298], [103.405308, -3.987306], [103.405082, -3.987329], [103.405032, -3.987296], [103.404653, -3.9872], [103.404045, -3.98718], [103.404021, -3.98711], [103.403894, -3.986741], [103.401364, -3.979069], [103.397871, -3.968439], [103.396182, -3.963287], [103.394794, -3.95905], [103.393727, -3.960631], [103.391829, -3.960284], [103.390771, -3.957784], [103.389534, -3.958926], [103.387938, -3.959189], [103.386947, -3.960961], [103.382885, -3.96], [103.382161, -3.961352], [103.380737, -3.96135], [103.380205, -3.961348], [103.379634, -3.962301], [103.377905, -3.962565], [103.376821, -3.963497], [103.375586, -3.963857], [103.374918, -3.9654], [103.372356, -3.964785], [103.36994, -3.967012], [103.369003, -3.968186], [103.368926, -3.967979], [103.368889, -3.967931], [103.36818, -3.968851], [103.36735, -3.969764], [103.366439, -3.970011], [103.365487, -3.970093], [103.363997, -3.970131], [103.362703, -3.969966], [103.362703, -3.969816], [103.360804, -3.966332], [103.35969, -3.964287], [103.359967, -3.963183], [103.35255, -3.959579], [103.348981, -3.956534], [103.347058, -3.955425], [103.346786, -3.95432], [103.346794, -3.949902], [103.346525, -3.94714], [103.345704, -3.945205], [103.345707, -3.943824], [103.345709, -3.942443], [103.344067, -3.938574], [103.343797, -3.936364], [103.343282, -3.933752], [103.342152, -3.933876], [103.337203, -3.93359], [103.334182, -3.931651], [103.332533, -3.931371], [103.330059, -3.931366], [103.328961, -3.930259], [103.327315, -3.928323], [103.325943, -3.92694], [103.325123, -3.924729], [103.325126, -3.923072], [103.325129, -3.921691], [103.324034, -3.918927], [103.324042, -3.915299], [103.324042, -3.915061], [103.323227, -3.910089], [103.323237, -3.905395], [103.320774, -3.899314], [103.318582, -3.895444], [103.316666, -3.891298], [103.314336, -3.884756], [103.315918, -3.884925], [103.318002, -3.883337], [103.323592, -3.881104], [103.329629, -3.879096], [103.333692, -3.877745], [103.33627, -3.881048], [103.342994, -3.889739], [103.350892, -3.899957], [103.351309, -3.900111], [103.367964, -3.908859], [103.379516, -3.914946], [103.392714, -3.93452], [103.40186, -3.948098], [103.402539, -3.949101], [103.407787, -3.956863], [103.410569, -3.957032], [103.410711, -3.95704], [103.411283, -3.955821], [103.410812, -3.953836], [103.411652, -3.95195], [103.4117, -3.952032]]]}}, {"type": "Feature", "properties": {"iddesa": "1604060051", "kecamatan": "Jarai", "kabupaten": "Lahat"}, "geometry": {"type": "Polygon", "coordinates": [[[103.177009, -3.868245], [103.172586, -3.888293], [103.174094, -3.892609], [103.179623, -3.908436], [103.178024, -3.911949], [103.177754, -3.912353], [103.176267, -3.914583], [103.174508, -3.918389], [103.174061, -3.919561], [103.17216, -3.924538], [103.170615, -3.927369], [103.168645, -3.930978], [103.167158, -3.932663], [103.164257, -3.935951], [103.159287, -3.940043], [103.151399, -3.944128], [103.149408, -3.946119], [103.147597, -3.947929], [103.144081, -3.951948], [103.143502, -3.952609], [103.141465, -3.955154], [103.140876, -3.95231], [103.142636, -3.948211], [103.143229, -3.94411], [103.142938, -3.943523], [103.138853, -3.943514], [103.137981, -3.942047], [103.137985, -3.940173], [103.138871, -3.939449], [103.139957, -3.93858], [103.141174, -3.937606], [103.145548, -3.935307], [103.148776, -3.931619], [103.150852, -3.928621], [103.151293, -3.927837], [103.152929, -3.924931], [103.153384, -3.924022], [103.154084, -3.922624], [103.155746, -3.920133], [103.15593, -3.919857], [103.156175, -3.919489], [103.157775, -3.91709], [103.159621, -3.914091], [103.160147, -3.911481], [103.16027, -3.91087], [103.160319, -3.910629], [103.160362, -3.909568], [103.160601, -3.909548], [103.161033, -3.909085], [103.161303, -3.908891], [103.163165, -3.907553], [103.165618, -3.905791], [103.16582, -3.905338], [103.166542, -3.903714], [103.167238, -3.900714], [103.167474, -3.897943], [103.16748, -3.895171], [103.167486, -3.892631], [103.16747, -3.892595], [103.165884, -3.888933], [103.165659, -3.886623], [103.165205, -3.884312], [103.16406, -3.882], [103.163376, -3.879458], [103.16246, -3.877378], [103.160855, -3.875296], [103.15902, -3.873214], [103.158105, -3.871133], [103.158109, -3.869286], [103.158573, -3.867208], [103.158631, -3.864886], [103.154093, -3.861768], [103.153632, -3.862108], [103.151276, -3.858541], [103.148329, -3.856262], [103.147736, -3.855803], [103.1455, -3.852206], [103.143508, -3.849003], [103.144198, -3.846992], [103.144367, -3.846204], [103.14442, -3.845961], [103.144527, -3.845842], [103.14577, -3.844465], [103.145779, -3.844455], [103.14707, -3.842712], [103.147989, -3.843443], [103.150033, -3.84507], [103.152336, -3.846902], [103.153245, -3.847232], [103.158596, -3.849172], [103.159536, -3.850684], [103.162014, -3.85467], [103.16425, -3.858267], [103.16779, -3.861005], [103.170147, -3.864572], [103.170607, -3.864232], [103.175146, -3.86735], [103.175873, -3.86785], [103.177009, -3.868245]]]}}, {"type": "Feature", "properties": {"iddesa": "1611010019", "kecamatan": "Muara Pinang", "kabupaten": "Empat Lawang"}, "geometry": {"type": "Polygon", "coordinates": [[[103.129893, -3.801578], [103.129594, -3.801743], [103.048927, -3.846028], [103.043538, -3.848987], [103.043106, -3.849423], [103.04221, -3.850327], [103.041444, -3.8511], [103.039948, -3.847052], [103.040378, -3.846809], [103.040488, -3.846746], [103.041017, -3.846447], [103.041224, -3.84633], [103.044926, -3.844235], [103.119604, -3.801977], [103.12487, -3.799127], [103.125188, -3.798954], [103.127654, -3.800305], [103.128469, -3.800751], [103.129428, -3.801252], [103.129893, -3.801578]]]}}, {"type": "Feature", "properties": {"iddesa": "1611010006", "kecamatan": "Muara Pinang", "kabupaten": "Empat Lawang"}, "geometry": {"type": "Polygon", "coordinates": [[[103.122901, -3.923242], [103.124449, -3.925194], [103.124109, -3.924917], [103.123193, -3.934553], [103.123122, -3.935204], [103.123982, -3.937813], [103.124348, -3.940049], [103.128059, -3.93894], [103.128686, -3.939494], [103.129046, -3.939811], [103.129661, -3.941054], [103.12879, -3.943536], [103.127798, -3.945023], [103.128212, -3.94658], [103.128499, -3.946346], [103.131042, -3.944281], [103.133574, -3.943363], [103.136337, -3.941521], [103.137985, -3.940173], [103.137981, -3.942047], [103.138853, -3.943514], [103.142938, -3.943523], [103.143229, -3.94411], [103.142636, -3.948211], [103.140876, -3.95231], [103.141465, -3.955154], [103.141161, -3.955535], [103.140883, -3.956982], [103.139801, -3.958652], [103.139567, -3.960837], [103.139976, -3.963541], [103.139973, -3.964617], [103.140257, -3.968135], [103.13879, -3.971941], [103.1417, -3.975171], [103.14205, -3.977792], [103.142007, -3.978686], [103.141984, -3.978689], [103.139646, -3.980442], [103.137303, -3.983953], [103.137302, -3.984833], [103.136423, -3.986296], [103.134515, -3.986814], [103.132547, -3.987029], [103.130971, -3.991294], [103.130517, -3.994214], [103.128887, -3.995939], [103.127644, -3.996826], [103.125318, -3.998571], [103.103512, -3.967555], [103.084708, -3.929413], [103.077902, -3.915607], [103.076514, -3.912791], [103.075287, -3.908731], [103.068386, -3.900574], [103.067709, -3.899772], [103.091197, -3.891581], [103.106869, -3.886118], [103.10695, -3.88609], [103.107575, -3.885894], [103.107599, -3.888061], [103.107788, -3.904868], [103.108385, -3.914354], [103.108177, -3.919949], [103.122901, -3.923242]]]}}, {"type": "Feature", "properties": {"iddesa": "1603011001", "kecamatan": "Semendo Darat Ulu", "kabupaten": "Muara Enim"}, "geometry": {"type": "Polygon", "coordinates": [[[103.511981, -4.187253], [103.51129, -4.190485], [103.512963, -4.197343], [103.532719, -4.214195], [103.526253, -4.22035], [103.522177, -4.225834], [103.517634, -4.224474], [103.51157, -4.224831], [103.497774, -4.233428], [103.469294, -4.279857], [103.465295, -4.304291], [103.459916, -4.320558], [103.460008, -4.320632], [103.454616, -4.332016], [103.454041, -4.331843], [103.451577, -4.331472], [103.447607, -4.331052], [103.444343, -4.330788], [103.440944, -4.330305], [103.436107, -4.329792], [103.434601, -4.329651], [103.433917, -4.329467], [103.432686, -4.328823], [103.429331, -4.327015], [103.424179, -4.324302], [103.420941, -4.322555], [103.418023, -4.321405], [103.414693, -4.32039], [103.411271, -4.319513], [103.409492, -4.319189], [103.404563, -4.318858], [103.397737, -4.318605], [103.390526, -4.318269], [103.385553, -4.31748], [103.381721, -4.316327], [103.377297, -4.314761], [103.376157, -4.314255], [103.37201, -4.311498], [103.365826, -4.306881], [103.362363, -4.304126], [103.358899, -4.301784], [103.356164, -4.30045], [103.352994, -4.299021], [103.361006, -4.28921], [103.360762, -4.289032], [103.430783, -4.21061], [103.443884, -4.212069], [103.447171, -4.211605], [103.451868, -4.210357], [103.465023, -4.204571], [103.470035, -4.201753], [103.475208, -4.19705], [103.477681, -4.195956], [103.48758, -4.191576], [103.499406, -4.189333], [103.508085, -4.187688], [103.511745, -4.187196], [103.511981, -4.187253]]]}}, {"type": "Feature", "properties": {"iddesa": "1604120037", "kecamatan": "Lahat", "kabupaten": "Lahat"}, "geometry": {"type": "Polygon", "coordinates": [[[103.524423, -3.798436], [103.524023, -3.798636], [103.523973, -3.798785], [103.524022, -3.798959], [103.523972, -3.799208], [103.523722, -3.799409], [103.523662, -3.799456], [103.523304, -3.799739], [103.52314, -3.799869], [103.522903, -3.800056], [103.522873, -3.800079], [103.52149, -3.801171], [103.521512, -3.801202], [103.521674, -3.801437], [103.521935, -3.80156], [103.522126, -3.801578], [103.522378, -3.801578], [103.522421, -3.801578], [103.522682, -3.801421], [103.522908, -3.801335], [103.522922, -3.801307], [103.52303, -3.801091], [103.523343, -3.801056], [103.523586, -3.801179], [103.523829, -3.801249], [103.524105, -3.801331], [103.524124, -3.801337], [103.524263, -3.801538], [103.524401, -3.801739], [103.524661, -3.802123], [103.524661, -3.80228], [103.524835, -3.802367], [103.524839, -3.802404], [103.52504, -3.804026], [103.525404, -3.804463], [103.525411, -3.804482], [103.525472, -3.804662], [103.525594, -3.805021], [103.525802, -3.805475], [103.526236, -3.806], [103.527493, -3.807555], [103.526876, -3.807554], [103.526163, -3.807779], [103.525694, -3.807726], [103.525399, -3.807848], [103.524946, -3.808196], [103.524866, -3.808268], [103.524361, -3.807768], [103.523613, -3.806724], [103.523192, -3.806254], [103.522674, -3.8057], [103.521904, -3.804721], [103.52163, -3.804373], [103.521377, -3.804051], [103.521006, -3.803684], [103.520757, -3.80342], [103.519393, -3.80273], [103.519006, -3.802534], [103.517983, -3.802775], [103.517649, -3.802854], [103.515144, -3.803444], [103.514747, -3.803538], [103.51428, -3.801904], [103.514102, -3.801281], [103.514033, -3.799625], [103.513964, -3.798401], [103.513946, -3.79836], [103.513732, -3.797867], [103.513464, -3.797248], [103.512461, -3.796526], [103.511807, -3.796452], [103.510526, -3.796306], [103.509954, -3.795801], [103.509596, -3.795081], [103.508881, -3.794431], [103.50802, -3.794358], [103.507842, -3.794357], [103.507479, -3.794357], [103.506332, -3.791318], [103.50935, -3.792163], [103.517223, -3.794366], [103.517532, -3.794452], [103.518321, -3.794657], [103.519232, -3.795004], [103.519236, -3.795006], [103.520284, -3.795494], [103.522227, -3.796413], [103.52332, -3.796507], [103.523457, -3.79672], [103.5236, -3.796943], [103.523822, -3.797291], [103.524284, -3.798014], [103.524315, -3.798381], [103.524423, -3.798436]]]}}, {"type": "Feature", "properties": {"iddesa": "1611010008", "kecamatan": "Muara Pinang", "kabupaten": "Empat Lawang"}, "geometry": {"type": "Polygon", "coordinates": [[[103.113246, -3.868977], [103.101694, -3.872379], [103.098033, -3.873599], [103.09725, -3.873861], [103.094217, -3.874872], [103.092995, -3.875279], [103.086072, -3.877587], [103.091197, -3.891581], [103.067709, -3.899772], [103.064079, -3.895484], [103.060402, -3.891137], [103.059784, -3.890406], [103.058009, -3.888306], [103.081878, -3.877411], [103.090172, -3.873628], [103.090773, -3.873354], [103.091013, -3.873253], [103.091973, -3.87285], [103.092091, -3.8728], [103.093113, -3.872409], [103.093958, -3.872086], [103.093976, -3.872079], [103.095378, -3.871673], [103.114105, -3.86625], [103.113597, -3.868186], [103.113246, -3.868977]]]}}, {"type": "Feature", "properties": {"iddesa": "1611010007", "kecamatan": "Muara Pinang", "kabupaten": "Empat Lawang"}, "geometry": {"type": "Polygon", "coordinates": [[[103.107575, -3.885894], [103.10695, -3.88609], [103.106869, -3.886118], [103.091197, -3.891581], [103.086072, -3.877587], [103.092995, -3.875279], [103.094217, -3.874872], [103.09725, -3.873861], [103.098033, -3.873599], [103.101694, -3.872379], [103.113246, -3.868977], [103.110223, -3.875788], [103.107896, -3.88103], [103.107529, -3.881855], [103.107575, -3.885894]]]}}, {"type": "Feature", "properties": {"iddesa": "1604112005", "kecamatan": "Kikim Timur", "kabupaten": "Lahat"}, "geometry": {"type": "Polygon", "coordinates": [[[103.409157, -3.729471], [103.408955, -3.729489], [103.40762, -3.733487], [103.406977, -3.733946], [103.404518, -3.735704], [103.404511, -3.739705], [103.404506, -3.742372], [103.406267, -3.747709], [103.402283, -3.748591], [103.395644, -3.749024], [103.395986, -3.752414], [103.395156, -3.751849], [103.393988, -3.755781], [103.393627, -3.756754], [103.392445, -3.759943], [103.39085, -3.759635], [103.388283, -3.759138], [103.385911, -3.754744], [103.38173, -3.746467], [103.379956, -3.742508], [103.378675, -3.739651], [103.378041, -3.733651], [103.376514, -3.728738], [103.376276, -3.727972], [103.375797, -3.725053], [103.375862, -3.725021], [103.378382, -3.72376], [103.379034, -3.72346], [103.382582, -3.721822], [103.39017, -3.720539], [103.39052, -3.720481], [103.391837, -3.720263], [103.394045, -3.719898], [103.394692, -3.719899], [103.397783, -3.719905], [103.401309, -3.719911], [103.402437, -3.720562], [103.405219, -3.724249], [103.409157, -3.729471]]]}}, {"type": "Feature", "properties": {"iddesa": "1604041004", "kecamatan": "Mulak Ulu", "kabupaten": "Lahat"}, "geometry": {"type": "Polygon", "coordinates": [[[103.480384, -4.053027], [103.480274, -4.05305], [103.480441, -4.053383], [103.481446, -4.055396], [103.483867, -4.060243], [103.480063, -4.074347], [103.48005, -4.074393], [103.473258, -4.067462], [103.473286, -4.067418], [103.476596, -4.065681], [103.477054, -4.064437], [103.47751, -4.063193], [103.477162, -4.061793], [103.475131, -4.053642], [103.475294, -4.053373], [103.478519, -4.048066], [103.479111, -4.047092], [103.479032, -4.045431], [103.479088, -4.045315], [103.481043, -4.044141], [103.481515, -4.043859], [103.481508, -4.047166], [103.481503, -4.049835], [103.481176, -4.050769], [103.480384, -4.053027]]]}}, {"type": "Feature", "properties": {"iddesa": "1604060003", "kecamatan": "Jarai", "kabupaten": "Lahat"}, "geometry": {"type": "Polygon", "coordinates": [[[103.192388, -3.956028], [103.192886, -3.956212], [103.193561, -3.956463], [103.194058, -3.956648], [103.194164, -3.956687], [103.192034, -3.958617], [103.189961, -3.960496], [103.188786, -3.961561], [103.188635, -3.961697], [103.187923, -3.961777], [103.187921, -3.962408], [103.187919, -3.963241], [103.186852, -3.963655], [103.186674, -3.963833], [103.184047, -3.965309], [103.183828, -3.965432], [103.18303, -3.966097], [103.182255, -3.966743], [103.181692, -3.967212], [103.180091, -3.967922], [103.177602, -3.968631], [103.174579, -3.969873], [103.172603, -3.970398], [103.171912, -3.970581], [103.169337, -3.971045], [103.169429, -3.970838], [103.16955, -3.970567], [103.171691, -3.967967], [103.1717, -3.967955], [103.17303, -3.96492], [103.174171, -3.962073], [103.175242, -3.959669], [103.175249, -3.959652], [103.175312, -3.959512], [103.175692, -3.958658], [103.177315, -3.95712], [103.17641, -3.958195], [103.184276, -3.95653], [103.185372, -3.955867], [103.186775, -3.955017], [103.188288, -3.954101], [103.188573, -3.953929], [103.188961, -3.953694], [103.189311, -3.954027], [103.189391, -3.954103], [103.189398, -3.954109], [103.190964, -3.955596], [103.191416, -3.956025], [103.191637, -3.956026], [103.191875, -3.956025], [103.192388, -3.956028]]]}}, {"type": "Feature", "properties": {"iddesa": "1604012004", "kecamatan": "Tanjung Sakti Pumu", "kabupaten": "Lahat"}, "geometry": {"type": "Polygon", "coordinates": [[[103.067806, -4.123778], [103.06655, -4.126234], [103.066271, -4.127457], [103.06567, -4.128506], [103.065324, -4.129678], [103.064933, -4.131122], [103.064986, -4.132011], [103.064837, -4.133288], [103.064707, -4.133288], [103.06438, -4.133287], [103.06314, -4.133323], [103.061978, -4.13332], [103.061087, -4.133318], [103.059847, -4.133392], [103.058529, -4.133662], [103.05725, -4.133853], [103.056514, -4.134007], [103.056165, -4.134045], [103.05504, -4.134353], [103.05442, -4.134702], [103.053722, -4.134895], [103.052869, -4.135048], [103.052559, -4.135125], [103.050777, -4.135121], [103.049653, -4.135118], [103.04915, -4.135117], [103.049125, -4.135213], [103.04884, -4.135059], [103.048801, -4.135038], [103.048337, -4.134803], [103.047796, -4.134258], [103.047255, -4.133867], [103.04679, -4.133672], [103.045978, -4.133125], [103.045591, -4.132929], [103.045243, -4.132812], [103.044584, -4.132732], [103.043887, -4.13277], [103.042996, -4.132767], [103.041911, -4.132881], [103.041678, -4.132959], [103.041097, -4.132957], [103.039332, -4.133351], [103.03877, -4.133477], [103.038323, -4.133577], [103.037941, -4.133662], [103.037325, -4.1338], [103.03715, -4.133839], [103.037739, -4.132703], [103.037871, -4.132449], [103.037812, -4.132308], [103.036935, -4.130217], [103.036842, -4.130155], [103.036766, -4.130093], [103.036704, -4.130015], [103.036597, -4.129937], [103.03655, -4.129876], [103.036474, -4.129813], [103.03632, -4.129659], [103.036228, -4.129581], [103.036043, -4.129441], [103.035967, -4.129395], [103.035798, -4.129255], [103.035705, -4.129178], [103.035582, -4.1291], [103.035367, -4.128852], [103.03526, -4.128759], [103.035199, -4.12862], [103.035014, -4.128434], [103.034994, -4.12842], [103.035142, -4.128248], [103.035134, -4.128208], [103.037235, -4.127735], [103.03739, -4.127735], [103.037855, -4.127737], [103.038204, -4.127737], [103.038224, -4.127738], [103.038746, -4.127739], [103.039134, -4.127779], [103.039209, -4.127779], [103.039599, -4.12778], [103.039831, -4.12778], [103.040102, -4.127781], [103.040451, -4.127821], [103.040683, -4.127938], [103.040691, -4.127939], [103.040993, -4.127978], [103.041054, -4.127978], [103.041264, -4.127978], [103.042039, -4.12798], [103.042179, -4.127981], [103.042349, -4.127981], [103.042736, -4.127943], [103.043085, -4.12775], [103.043318, -4.127595], [103.043628, -4.127518], [103.04421, -4.12748], [103.044675, -4.127287], [103.045256, -4.127288], [103.045721, -4.127211], [103.046225, -4.127096], [103.046768, -4.126825], [103.047349, -4.126826], [103.048007, -4.126984], [103.048666, -4.127063], [103.049131, -4.126909], [103.049751, -4.126871], [103.050449, -4.126834], [103.0513, -4.12707], [103.052036, -4.127149], [103.052579, -4.127034], [103.053006, -4.126607], [103.053472, -4.126297], [103.054597, -4.125677], [103.055643, -4.125524], [103.056727, -4.125799], [103.057386, -4.12584], [103.058278, -4.125336], [103.059092, -4.125222], [103.059674, -4.12499], [103.060178, -4.124835], [103.060798, -4.124642], [103.060992, -4.124409], [103.061186, -4.124332], [103.061419, -4.124332], [103.061651, -4.124333], [103.062271, -4.124335], [103.063046, -4.124336], [103.063782, -4.124299], [103.064247, -4.124223], [103.065177, -4.124147], [103.065952, -4.12411], [103.066959, -4.124035], [103.067839, -4.123723], [103.067806, -4.123778]]]}}, {"type": "Feature", "properties": {"iddesa": "1604052010", "kecamatan": "Gumay Ulu", "kabupaten": "Lahat"}, "geometry": {"type": "Polygon", "coordinates": [[[103.479827, -3.892602], [103.478346, -3.893173], [103.47834, -3.89321], [103.478361, -3.893234], [103.495119, -3.901096], [103.509613, -3.907896], [103.510463, -3.908282], [103.510473, -3.90833], [103.509183, -3.909991], [103.508584, -3.910762], [103.50734, -3.91057], [103.505796, -3.908825], [103.504625, -3.909846], [103.504092, -3.9128], [103.502652, -3.916471], [103.499591, -3.919989], [103.499399, -3.921807], [103.501016, -3.924386], [103.500072, -3.925217], [103.498754, -3.923738], [103.497133, -3.923697], [103.496716, -3.924643], [103.498525, -3.925745], [103.498296, -3.927032], [103.497578, -3.927713], [103.497527, -3.927694], [103.497552, -3.927673], [103.492201, -3.923021], [103.4907, -3.924758], [103.487695, -3.923612], [103.485775, -3.923867], [103.485691, -3.925207], [103.484193, -3.925087], [103.483954, -3.921337], [103.482989, -3.922286], [103.481938, -3.92332], [103.479786, -3.922505], [103.479627, -3.926136], [103.477708, -3.925886], [103.477552, -3.928025], [103.474743, -3.928466], [103.473648, -3.932084], [103.471467, -3.933863], [103.468079, -3.922272], [103.467108, -3.918949], [103.466976, -3.9185], [103.465146, -3.912238], [103.464564, -3.910248], [103.462077, -3.901738], [103.46714, -3.900054], [103.468902, -3.895302], [103.472236, -3.893547], [103.475744, -3.892849], [103.476972, -3.892323], [103.479252, -3.892151], [103.479827, -3.892602]]]}}, {"type": "Feature", "properties": {"iddesa": "1604011018", "kecamatan": "Tanjung Sakti Pumi", "kabupaten": "Lahat"}, "geometry": {"type": "Polygon", "coordinates": [[[103.121379, -4.015725], [103.121694, -4.016361], [103.121732, -4.016438], [103.121935, -4.017055], [103.122054, -4.017035], [103.122196, -4.017035], [103.123823, -4.020817], [103.124036, -4.021233], [103.128031, -4.024297], [103.130859, -4.028292], [103.131112, -4.028885], [103.131432, -4.029394], [103.132196, -4.030887], [103.132974, -4.032677], [103.134118, -4.035607], [103.134397, -4.036571], [103.135182, -4.038408], [103.13563, -4.039077], [103.135851, -4.039974], [103.136662, -4.041872], [103.136531, -4.042092], [103.136517, -4.042049], [103.109433, -4.071203], [103.109425, -4.074265], [103.110613, -4.076664], [103.110469, -4.081589], [103.109529, -4.086645], [103.109919, -4.089974], [103.107654, -4.094628], [103.110032, -4.098228], [103.110427, -4.099427], [103.109488, -4.104085], [103.107889, -4.107276], [103.107484, -4.10884], [103.106819, -4.1114], [103.104556, -4.115255], [103.104169, -4.115642], [103.102696, -4.117115], [103.100926, -4.118324], [103.100173, -4.118839], [103.098844, -4.119901], [103.098843, -4.120433], [103.099504, -4.121367], [103.099694, -4.121449], [103.101358, -4.12217], [103.103345, -4.12284], [103.105068, -4.122978], [103.108118, -4.122719], [103.109843, -4.12219], [103.111435, -4.121662], [103.112498, -4.120999], [103.113029, -4.120467], [103.113295, -4.120069], [103.114887, -4.119806], [103.116345, -4.119676], [103.117407, -4.119413], [103.118867, -4.118751], [103.119129, -4.119949], [103.120455, -4.119952], [103.121382, -4.120221], [103.121712, -4.120887], [103.120585, -4.120885], [103.119789, -4.121149], [103.118593, -4.122344], [103.117661, -4.124073], [103.116332, -4.125268], [103.115424, -4.125848], [103.113013, -4.12739], [103.111687, -4.127387], [103.110227, -4.127916], [103.107146, -4.128152], [103.105915, -4.129266], [103.104002, -4.130996], [103.103021, -4.13124], [103.10155, -4.131272], [103.100464, -4.131551], [103.100253, -4.131831], [103.099517, -4.131935], [103.099237, -4.131934], [103.098502, -4.131792], [103.098362, -4.131897], [103.098222, -4.131897], [103.097942, -4.131896], [103.097486, -4.131965], [103.097206, -4.132105], [103.096399, -4.132385], [103.095558, -4.132734], [103.09454, -4.133646], [103.09374, -4.134206], [103.093488, -4.134382], [103.092402, -4.134591], [103.091001, -4.134587], [103.090861, -4.134622], [103.08676, -4.135913], [103.084901, -4.137069], [103.083323, -4.13798], [103.082443, -4.138335], [103.082132, -4.138334], [103.080139, -4.138496], [103.078644, -4.138548], [103.07726, -4.138433], [103.076098, -4.138375], [103.074806, -4.138335], [103.07416, -4.138315], [103.073607, -4.138146], [103.073553, -4.137757], [103.072612, -4.137755], [103.072169, -4.137587], [103.071895, -4.136753], [103.071676, -4.135585], [103.071324, -4.133976], [103.071238, -4.133583], [103.07113, -4.132527], [103.071132, -4.131693], [103.070913, -4.130636], [103.070529, -4.129134], [103.070254, -4.1283], [103.070146, -4.127466], [103.070147, -4.126688], [103.07015, -4.125687], [103.070152, -4.124909], [103.06971, -4.124408], [103.067806, -4.123778], [103.067839, -4.123723], [103.068302, -4.122959], [103.067756, -4.122409], [103.067067, -4.121991], [103.066378, -4.121296], [103.065689, -4.120601], [103.065138, -4.120183], [103.064311, -4.119349], [103.064452, -4.118101], [103.065283, -4.117132], [103.0657, -4.115885], [103.065702, -4.115053], [103.065704, -4.114498], [103.065947, -4.114157], [103.066397, -4.113529], [103.066583, -4.112617], [103.066585, -4.112005], [103.066266, -4.110617], [103.066543, -4.110201], [103.066543, -4.110062], [103.066544, -4.109785], [103.067787, -4.109788], [103.070633, -4.109125], [103.071187, -4.10857], [103.071935, -4.107718], [103.072905, -4.106611], [103.074011, -4.106059], [103.075531, -4.106062], [103.076083, -4.105925], [103.077329, -4.104957], [103.077607, -4.104126], [103.078159, -4.104127], [103.078435, -4.104266], [103.078712, -4.104267], [103.080924, -4.103024], [103.082052, -4.102316], [103.082719, -4.101317], [103.083551, -4.100466], [103.083555, -4.100395], [103.084995, -4.09871], [103.085994, -4.097322], [103.086467, -4.095687], [103.086471, -4.093745], [103.086336, -4.092497], [103.086064, -4.090832], [103.085655, -4.088473], [103.085105, -4.08764], [103.085935, -4.086948], [103.085939, -4.085006], [103.085812, -4.080429], [103.08626, -4.078703], [103.086762, -4.076981], [103.087206, -4.075301], [103.08721, -4.07336], [103.087164, -4.071034], [103.086527, -4.070029], [103.085951, -4.068919], [103.086174, -4.068253], [103.086453, -4.067197], [103.087119, -4.066254], [103.087782, -4.065178], [103.087349, -4.06303], [103.087383, -4.058659], [103.086973, -4.056716], [103.087232, -4.055879], [103.087255, -4.055804], [103.08792, -4.055361], [103.088087, -4.054917], [103.087537, -4.053415], [103.087401, -4.051031], [103.087406, -4.048951], [103.087002, -4.045688], [103.086949, -4.044409], [103.086039, -4.042706], [103.085213, -4.041595], [103.084526, -4.040068], [103.084252, -4.039235], [103.084418, -4.038344], [103.084809, -4.036678], [103.08495, -4.035908], [103.083987, -4.03438], [103.084268, -4.032439], [103.084137, -4.029388], [103.083449, -4.028415], [103.083007, -4.026168], [103.083068, -4.023889], [103.083069, -4.023222], [103.082851, -4.021665], [103.082777, -4.020231], [103.081537, -4.01898], [103.080989, -4.017453], [103.080991, -4.016343], [103.080579, -4.015233], [103.080166, -4.014816], [103.080168, -4.013845], [103.080172, -4.012319], [103.080175, -4.010933], [103.080181, -4.010927], [103.080452, -4.010656], [103.081145, -4.009548], [103.081211, -4.009472], [103.085796, -4.007617], [103.086536, -4.007619], [103.087088, -4.007759], [103.089194, -4.007673], [103.093315, -4.008361], [103.09675, -4.009553], [103.097578, -4.010141], [103.098819, -4.010838], [103.099703, -4.010977], [103.101083, -4.012481], [103.104054, -4.016675], [103.10502, -4.017325], [103.109424, -4.021575], [103.10978, -4.02161], [103.109843, -4.021681], [103.110521, -4.021683], [103.114122, -4.022036], [103.116099, -4.01952], [103.11651, -4.01941], [103.11784, -4.018301], [103.119106, -4.017542], [103.119252, -4.017249], [103.121295, -4.015986], [103.121379, -4.015725]]]}}, {"type": "Feature", "properties": {"iddesa": "1604040006", "kecamatan": "Kota Agung", "kabupaten": "Lahat"}, "geometry": {"type": "Polygon", "coordinates": [[[103.389434, -4.09066], [103.385617, -4.099216], [103.381333, -4.108818], [103.381261, -4.108978], [103.381218, -4.109076], [103.377319, -4.108902], [103.375449, -4.108819], [103.362346, -4.108235], [103.361326, -4.10819], [103.361292, -4.108188], [103.361266, -4.108117], [103.361252, -4.108079], [103.361165, -4.107847], [103.361104, -4.106685], [103.361622, -4.104878], [103.361497, -4.10307], [103.361113, -4.101907], [103.360536, -4.101325], [103.359315, -4.101065], [103.359186, -4.101], [103.359059, -4.100225], [103.359318, -4.099644], [103.359383, -4.099063], [103.359321, -4.098095], [103.359643, -4.097579], [103.360178, -4.09758], [103.360167, -4.097429], [103.36039, -4.09725], [103.360746, -4.097117], [103.361142, -4.097582], [103.362175, -4.097584], [103.362303, -4.097478], [103.362571, -4.09721], [103.362793, -4.097121], [103.363327, -4.09748], [103.363686, -4.097553], [103.364916, -4.097203], [103.367172, -4.094238], [103.368909, -4.093596], [103.370311, -4.093286], [103.370646, -4.093212], [103.371936, -4.090955], [103.372645, -4.090311], [103.372969, -4.090253], [103.373401, -4.090037], [103.373532, -4.089983], [103.373932, -4.089539], [103.374772, -4.08741], [103.375291, -4.085152], [103.375873, -4.083539], [103.376132, -4.082636], [103.376198, -4.081732], [103.37652, -4.081346], [103.377228, -4.081024], [103.378129, -4.080703], [103.378838, -4.079944], [103.378906, -4.07987], [103.379207, -4.080134], [103.382945, -4.083424], [103.382172, -4.084198], [103.381912, -4.085424], [103.382385, -4.085743], [103.382425, -4.08577], [103.389488, -4.090539], [103.389434, -4.09066]]]}}, {"type": "Feature", "properties": {"iddesa": "1604052005", "kecamatan": "Gumay Ulu", "kabupaten": "Lahat"}, "geometry": {"type": "Polygon", "coordinates": [[[103.386769, -3.895333], [103.391232, -3.894805], [103.395272, -3.891114], [103.401063, -3.888132], [103.404048, -3.886024], [103.406501, -3.886734], [103.407321, -3.887353], [103.407901, -3.887793], [103.408124, -3.887992], [103.409261, -3.889012], [103.411052, -3.890616], [103.412277, -3.892027], [103.414204, -3.892911], [103.415956, -3.893091], [103.417871, -3.893094], [103.421503, -3.908557], [103.431218, -3.91706], [103.43776, -3.926639], [103.437875, -3.926808], [103.438042, -3.927598], [103.439191, -3.933044], [103.439389, -3.933981], [103.440596, -3.939699], [103.437601, -3.940667], [103.435803, -3.938302], [103.432841, -3.938802], [103.432848, -3.938817], [103.431105, -3.937022], [103.429217, -3.93789], [103.428081, -3.940426], [103.42586, -3.938187], [103.424686, -3.940609], [103.422612, -3.940605], [103.421146, -3.937723], [103.419256, -3.94003], [103.418908, -3.944613], [103.417587, -3.945368], [103.416532, -3.944836], [103.414871, -3.945249], [103.414678, -3.948052], [103.41181, -3.948539], [103.410035, -3.949634], [103.41169, -3.951985], [103.4117, -3.952032], [103.411652, -3.95195], [103.410812, -3.953836], [103.411283, -3.955821], [103.410711, -3.95704], [103.410569, -3.957032], [103.407787, -3.956863], [103.402539, -3.949101], [103.40186, -3.948098], [103.392714, -3.93452], [103.379516, -3.914946], [103.367964, -3.908859], [103.351309, -3.900111], [103.350892, -3.899957], [103.342994, -3.889739], [103.33627, -3.881048], [103.333692, -3.877745], [103.336337, -3.876865], [103.34103, -3.876425], [103.346172, -3.875089], [103.350423, -3.872404], [103.355117, -3.871515], [103.359358, -3.873768], [103.364267, -3.877368], [103.369397, -3.881867], [103.375873, -3.884573], [103.378993, -3.888619], [103.383005, -3.894013], [103.385014, -3.895363], [103.386745, -3.895483], [103.386769, -3.895333]]]}}, {"type": "Feature", "properties": {"iddesa": "1604113010", "kecamatan": "Kikim Selatan", "kabupaten": "Lahat"}, "geometry": {"type": "Polygon", "coordinates": [[[103.27271, -3.738436], [103.272651, -3.738565], [103.272641, -3.743455], [103.27273, -3.74427], [103.259481, -3.745087], [103.25908, -3.745086], [103.258827, -3.745109], [103.258803, -3.745111], [103.258698, -3.745132], [103.258502, -3.744984], [103.258251, -3.744933], [103.258101, -3.744958], [103.258025, -3.744958], [103.2579, -3.744857], [103.25775, -3.744755], [103.257666, -3.744671], [103.257624, -3.744629], [103.257423, -3.744578], [103.257223, -3.744578], [103.256997, -3.744602], [103.25677, -3.744728], [103.256544, -3.744778], [103.256393, -3.744828], [103.256167, -3.744828], [103.255891, -3.744777], [103.255666, -3.7446], [103.254284, -3.744576], [103.247279, -3.744457], [103.246752, -3.744506], [103.246451, -3.744228], [103.245974, -3.744227], [103.245723, -3.744353], [103.24522, -3.744503], [103.245237, -3.743745], [103.243244, -3.743704], [103.240337, -3.743847], [103.237628, -3.743792], [103.234229, -3.743241], [103.231471, -3.742938], [103.228122, -3.742436], [103.226004, -3.742185], [103.224379, -3.741884], [103.224034, -3.741806], [103.224039, -3.739162], [103.224182, -3.73721], [103.225886, -3.737539], [103.2275, -3.737003], [103.229317, -3.737212], [103.231134, -3.737344], [103.232977, -3.737245], [103.234385, -3.737145], [103.235742, -3.736865], [103.237278, -3.736739], [103.237944, -3.736612], [103.238507, -3.736742], [103.238986, -3.737108], [103.239563, -3.736768], [103.240743, -3.73781], [103.241186, -3.738108], [103.24158, -3.738207], [103.242812, -3.73821], [103.243748, -3.738212], [103.244142, -3.738212], [103.244649, -3.738103], [103.244698, -3.7384], [103.244979, -3.738426], [103.24585, -3.738325], [103.246618, -3.738018], [103.24731, -3.737737], [103.249818, -3.737819], [103.250275, -3.737897], [103.25271, -3.738313], [103.254911, -3.738369], [103.2566, -3.738372], [103.257906, -3.738478], [103.258622, -3.738454], [103.259672, -3.738379], [103.260329, -3.738427], [103.260389, -3.738431], [103.261489, -3.738459], [103.262129, -3.738538], [103.262389, -3.738619], [103.262462, -3.738641], [103.263076, -3.73872], [103.263434, -3.73872], [103.264023, -3.738876], [103.264371, -3.738898], [103.264842, -3.738929], [103.265661, -3.738879], [103.266377, -3.739009], [103.267094, -3.738882], [103.267607, -3.738651], [103.268144, -3.738524], [103.268733, -3.738628], [103.269347, -3.738706], [103.2716, -3.738659], [103.27271, -3.738436]]]}}, {"type": "Feature", "properties": {"iddesa": "1604052001", "kecamatan": "Gumay Ulu", "kabupaten": "Lahat"}, "geometry": {"type": "Polygon", "coordinates": [[[103.404021, -3.98711], [103.404004, -3.987122], [103.401371, -3.987127], [103.400158, -3.986786], [103.39905, -3.986453], [103.398828, -3.986306], [103.398364, -3.986223], [103.398303, -3.986227], [103.39699, -3.985832], [103.396184, -3.985901], [103.396152, -3.985889], [103.395724, -3.985888], [103.395672, -3.985944], [103.395439, -3.985964], [103.394827, -3.988198], [103.394806, -3.988197], [103.3946, -3.988099], [103.394282, -3.988071], [103.394088, -3.988164], [103.393276, -3.988127], [103.392871, -3.988533], [103.392666, -3.989887], [103.39226, -3.990496], [103.391813, -3.990495], [103.391316, -3.990494], [103.389834, -3.989543], [103.388823, -3.989541], [103.388667, -3.989836], [103.388652, -3.989842], [103.388497, -3.990052], [103.3884, -3.990343], [103.388146, -3.990826], [103.387471, -3.991164], [103.386527, -3.991026], [103.386274, -3.990944], [103.386023, -3.990829], [103.385428, -3.990823], [103.385181, -3.990831], [103.384639, -3.990752], [103.383483, -3.989697], [103.383364, -3.989457], [103.382847, -3.988761], [103.382646, -3.988697], [103.382292, -3.988459], [103.381971, -3.988318], [103.381812, -3.988173], [103.381309, -3.988154], [103.381191, -3.988136], [103.380718, -3.987852], [103.3802, -3.987696], [103.379753, -3.987841], [103.379324, -3.988407], [103.379078, -3.988672], [103.378658, -3.989183], [103.378349, -3.989516], [103.377986, -3.989748], [103.377547, -3.989656], [103.377301, -3.98961], [103.377055, -3.989454], [103.376874, -3.989234], [103.37672, -3.988978], [103.37651, -3.988886], [103.376155, -3.988885], [103.375471, -3.989679], [103.37547, -3.990072], [103.375278, -3.990547], [103.375186, -3.991059], [103.375171, -3.991543], [103.375061, -3.991613], [103.374114, -3.993191], [103.37377, -3.993369], [103.373206, -3.993615], [103.372686, -3.993833], [103.372417, -3.993955], [103.371277, -3.99441], [103.37101, -3.994461], [103.370826, -3.994512], [103.36909, -3.994465], [103.368925, -3.994438], [103.368325, -3.99441], [103.368191, -3.994434], [103.367978, -3.994647], [103.367522, -3.995021], [103.367506, -3.995049], [103.366691, -3.99566], [103.365611, -3.995997], [103.363857, -3.996332], [103.362025, -3.996512], [103.361775, -3.996481], [103.361439, -3.996307], [103.361202, -3.996297], [103.360911, -3.996324], [103.360619, -3.996461], [103.360336, -3.996707], [103.360218, -3.996972], [103.35998, -3.997255], [103.359839, -3.997373], [103.359538, -3.997542], [103.35893, -3.998083], [103.357, -3.99852], [103.357049, -3.99835], [103.357767, -3.997273], [103.358662, -3.996915], [103.358908, -3.996916], [103.365216, -3.981648], [103.365216, -3.981357], [103.366398, -3.977901], [103.368255, -3.972467], [103.368837, -3.971138], [103.369211, -3.970349], [103.369297, -3.969144], [103.36905, -3.968312], [103.369003, -3.968186], [103.36994, -3.967012], [103.372356, -3.964785], [103.374918, -3.9654], [103.375586, -3.963857], [103.376821, -3.963497], [103.377905, -3.962565], [103.379634, -3.962301], [103.380205, -3.961348], [103.380737, -3.96135], [103.382161, -3.961352], [103.382885, -3.96], [103.386947, -3.960961], [103.387938, -3.959189], [103.389534, -3.958926], [103.390771, -3.957784], [103.391829, -3.960284], [103.393727, -3.960631], [103.394794, -3.95905], [103.396182, -3.963287], [103.397871, -3.968439], [103.401364, -3.979069], [103.403894, -3.986741], [103.404021, -3.98711]]]}}, {"type": "Feature", "properties": {"iddesa": "1604121001", "kecamatan": "Gumay Talang", "kabupaten": "Lahat"}, "geometry": {"type": "Polygon", "coordinates": [[[103.444591, -3.758089], [103.444591, -3.758089], [103.446269, -3.759174], [103.446853, -3.759551], [103.447104, -3.759804], [103.44732, -3.759959], [103.44734, -3.760384], [103.447605, -3.760973], [103.447841, -3.761498], [103.447357, -3.761922], [103.446015, -3.762282], [103.44584, -3.76223], [103.444718, -3.761901], [103.443522, -3.761551], [103.442857, -3.761899], [103.442385, -3.762076], [103.442168, -3.762451], [103.442089, -3.762944], [103.441499, -3.763377], [103.43975, -3.762881], [103.439633, -3.762723], [103.43918, -3.763038], [103.43914, -3.763334], [103.438864, -3.763886], [103.438275, -3.763668], [103.438255, -3.763589], [103.437862, -3.76347], [103.437254, -3.763113], [103.436526, -3.763092], [103.434471, -3.76373], [103.427612, -3.765913], [103.42349, -3.767278], [103.423443, -3.767293], [103.422203, -3.767704], [103.422291, -3.768357], [103.423177, -3.769549], [103.423472, -3.770293], [103.423694, -3.770591], [103.423692, -3.771632], [103.423763, -3.773343], [103.423762, -3.773789], [103.423465, -3.774235], [103.423391, -3.774383], [103.423242, -3.77468], [103.42302, -3.774754], [103.422649, -3.774828], [103.422649, -3.775126], [103.422944, -3.775647], [103.423017, -3.776019], [103.423609, -3.77654], [103.424052, -3.776913], [103.424052, -3.777062], [103.424051, -3.777582], [103.424124, -3.778549], [103.424641, -3.778848], [103.424788, -3.779592], [103.424491, -3.779889], [103.424632, -3.780316], [103.425008, -3.780485], [103.425377, -3.781675], [103.424783, -3.782344], [103.424856, -3.783088], [103.424855, -3.783385], [103.424854, -3.784054], [103.425371, -3.78465], [103.425889, -3.7848], [103.427813, -3.785473], [103.428404, -3.786069], [103.428403, -3.786664], [103.427957, -3.787481], [103.427586, -3.787927], [103.427142, -3.788223], [103.426697, -3.788297], [103.425956, -3.788593], [103.425438, -3.788741], [103.424845, -3.789037], [103.424103, -3.789705], [103.423584, -3.790076], [103.423509, -3.790597], [103.42373, -3.791192], [103.424026, -3.791713], [103.425134, -3.792757], [103.425505, -3.792757], [103.427059, -3.793132], [103.427799, -3.793282], [103.428391, -3.793506], [103.429056, -3.793954], [103.42913, -3.794251], [103.429129, -3.794549], [103.429129, -3.794921], [103.429276, -3.795293], [103.430065, -3.795722], [103.430089, -3.796112], [103.430532, -3.796783], [103.430309, -3.797377], [103.430233, -3.798121], [103.430158, -3.799162], [103.429935, -3.799608], [103.42986, -3.799756], [103.42949, -3.799979], [103.429045, -3.80035], [103.428821, -3.801093], [103.428746, -3.801539], [103.427783, -3.801984], [103.42682, -3.802503], [103.426301, -3.802799], [103.42593, -3.803096], [103.425707, -3.803467], [103.425706, -3.804137], [103.426, -3.805178], [103.426444, -3.805328], [103.427407, -3.80533], [103.428073, -3.805629], [103.428294, -3.806001], [103.429108, -3.806225], [103.429107, -3.806746], [103.429107, -3.807043], [103.429105, -3.808233], [103.429104, -3.808754], [103.429102, -3.809423], [103.429102, -3.809795], [103.428508, -3.810389], [103.427692, -3.811206], [103.427322, -3.811503], [103.426506, -3.811873], [103.425913, -3.812541], [103.399316, -3.816197], [103.405794, -3.775329], [103.406791, -3.769446], [103.407473, -3.765426], [103.407025, -3.763936], [103.40667, -3.762753], [103.405838, -3.759985], [103.4057, -3.759525], [103.403637, -3.757495], [103.402792, -3.756714], [103.400818, -3.75586], [103.398917, -3.754298], [103.396874, -3.753019], [103.395986, -3.752414], [103.395644, -3.749024], [103.402283, -3.748591], [103.406267, -3.747709], [103.404506, -3.742372], [103.404511, -3.739705], [103.404518, -3.735704], [103.406977, -3.733946], [103.40762, -3.733487], [103.408955, -3.729489], [103.409157, -3.729471], [103.413823, -3.729053], [103.419683, -3.726987], [103.419826, -3.727552], [103.421061, -3.727023], [103.422294, -3.727379], [103.422292, -3.728442], [103.423349, -3.728444], [103.423526, -3.727913], [103.424759, -3.728269], [103.425111, -3.728624], [103.425109, -3.729509], [103.426872, -3.729512], [103.427225, -3.729159], [103.428282, -3.729161], [103.428987, -3.729339], [103.429162, -3.729693], [103.428991, -3.730036], [103.428748, -3.730018], [103.428537, -3.730263], [103.428222, -3.730684], [103.427906, -3.73107], [103.427906, -3.731281], [103.42801, -3.731492], [103.428045, -3.731633], [103.428255, -3.731738], [103.428465, -3.731739], [103.42871, -3.731599], [103.42885, -3.731564], [103.429025, -3.731529], [103.42913, -3.731494], [103.429549, -3.731635], [103.429514, -3.731741], [103.429619, -3.731917], [103.429618, -3.732022], [103.429653, -3.732127], [103.429758, -3.732198], [103.429828, -3.732409], [103.429967, -3.732655], [103.430072, -3.732796], [103.430351, -3.732902], [103.430421, -3.732972], [103.430456, -3.733113], [103.430456, -3.733183], [103.430491, -3.733288], [103.430875, -3.73357], [103.430735, -3.733746], [103.430734, -3.73395], [103.430876, -3.734061], [103.431254, -3.733951], [103.431475, -3.733588], [103.43124, -3.733082], [103.430926, -3.732734], [103.43077, -3.73207], [103.431022, -3.731802], [103.431399, -3.73185], [103.43176, -3.732135], [103.432373, -3.732326], [103.432546, -3.732579], [103.432702, -3.732958], [103.432891, -3.733132], [103.433048, -3.733196], [103.43418, -3.732898], [103.434778, -3.73252], [103.435251, -3.732031], [103.435645, -3.731589], [103.436132, -3.731559], [103.436604, -3.73186], [103.436745, -3.732128], [103.43643, -3.732365], [103.435848, -3.732458], [103.435391, -3.732931], [103.435217, -3.733658], [103.435294, -3.734242], [103.43564, -3.73448], [103.436238, -3.73426], [103.436662, -3.734403], [103.43674, -3.73475], [103.436771, -3.735129], [103.43699, -3.735541], [103.43732, -3.735794], [103.437807, -3.735984], [103.437995, -3.736364], [103.438104, -3.736711], [103.438419, -3.73668], [103.438513, -3.736602], [103.438891, -3.736634], [103.439016, -3.736887], [103.438905, -3.737424], [103.438904, -3.737787], [103.439077, -3.738198], [103.439076, -3.738498], [103.43917, -3.738647], [103.43898, -3.738785], [103.439154, -3.739593], [103.439153, -3.739804], [103.439153, -3.740121], [103.439152, -3.740577], [103.438907, -3.740858], [103.438592, -3.740893], [103.438452, -3.741033], [103.438346, -3.741243], [103.438381, -3.741454], [103.438345, -3.741946], [103.438345, -3.742087], [103.438344, -3.742403], [103.438379, -3.742649], [103.438378, -3.743071], [103.438378, -3.743352], [103.438376, -3.744054], [103.438235, -3.744616], [103.438095, -3.744827], [103.438059, -3.745213], [103.438094, -3.74553], [103.437988, -3.746197], [103.437917, -3.746548], [103.437672, -3.74697], [103.437566, -3.74711], [103.43767, -3.747602], [103.438019, -3.748341], [103.438019, -3.748411], [103.438094, -3.748697], [103.437948, -3.748762], [103.437598, -3.749007], [103.437597, -3.749394], [103.437597, -3.74957], [103.437597, -3.74971], [103.437597, -3.749816], [103.437736, -3.750097], [103.437841, -3.750273], [103.437875, -3.750554], [103.437875, -3.750659], [103.437875, -3.7508], [103.437909, -3.751011], [103.438014, -3.751187], [103.438433, -3.751679], [103.438468, -3.75175], [103.438642, -3.751926], [103.438852, -3.751996], [103.439097, -3.751821], [103.439202, -3.751646], [103.439622, -3.751471], [103.439973, -3.75126], [103.440008, -3.751155], [103.440672, -3.751262], [103.441161, -3.751438], [103.441406, -3.751509], [103.44172, -3.751826], [103.44179, -3.752002], [103.441965, -3.752213], [103.442139, -3.752318], [103.442209, -3.752389], [103.442244, -3.752635], [103.442033, -3.753162], [103.442067, -3.753548], [103.442102, -3.753794], [103.442101, -3.753935], [103.442136, -3.754216], [103.442205, -3.754497], [103.442205, -3.754813], [103.442449, -3.755095], [103.442589, -3.755236], [103.442763, -3.755517], [103.442938, -3.755728], [103.442951, -3.755748], [103.442945, -3.755769], [103.442693, -3.756132], [103.442142, -3.756541], [103.441685, -3.756841], [103.441652, -3.757551], [103.441997, -3.758042], [103.442987, -3.758691], [103.443662, -3.758961], [103.443993, -3.758882], [103.444356, -3.758251], [103.444487, -3.758022], [103.444591, -3.758089]]]}}, {"type": "Feature", "properties": {"iddesa": "1611010037", "kecamatan": "Muara Pinang", "kabupaten": "Empat Lawang"}, "geometry": {"type": "Polygon", "coordinates": [[[103.098544, -3.777101], [103.098334, -3.777257], [103.056605, -3.808474], [103.05414, -3.805374], [103.054101, -3.805402], [103.036158, -3.818201], [103.035716, -3.818516], [103.035007, -3.817485], [103.034359, -3.816544], [103.034301, -3.816459], [103.034285, -3.816471], [103.026099, -3.822476], [103.025618, -3.822829], [103.018849, -3.827796], [103.018849, -3.827796], [103.018608, -3.827446], [103.017736, -3.826177], [103.017438, -3.825743], [103.025508, -3.82025], [103.027488, -3.818903], [103.028631, -3.818125], [103.030312, -3.816882], [103.032106, -3.815515], [103.033735, -3.814344], [103.033969, -3.814176], [103.036455, -3.812421], [103.04525, -3.806513], [103.046613, -3.805597], [103.051643, -3.802218], [103.092671, -3.774654], [103.092701, -3.774634], [103.09293, -3.774806], [103.094075, -3.775477], [103.095074, -3.775701], [103.099183, -3.776622], [103.098542, -3.777099], [103.098543, -3.7771], [103.098543, -3.7771], [103.098544, -3.777101]]]}}, {"type": "Feature", "properties": {"iddesa": "1701051009", "kecamatan": "Air Nipis", "kabupaten": "Bengkulu Selatan"}, "geometry": {"type": "Polygon", "coordinates": [[[103.141852, -4.250569], [103.101913, -4.324353], [103.086233, -4.353314], [103.084073, -4.357539], [103.079802, -4.365895], [103.074302, -4.376652], [103.074225, -4.376726], [103.072318, -4.378556], [103.071817, -4.379037], [103.071764, -4.379087], [103.071198, -4.379362], [103.069875, -4.380005], [103.069848, -4.380145], [103.070266, -4.382322], [103.069666, -4.383965], [103.069812, -4.385162], [103.069818, -4.385211], [103.069768, -4.385229], [103.069612, -4.387771], [103.066408, -4.387626], [103.065463, -4.38637], [103.061243, -4.380756], [103.032632, -4.342696], [103.032635, -4.342696], [103.032303, -4.341687], [103.030074, -4.341346], [103.028628, -4.339663], [103.028635, -4.337235], [103.028635, -4.3372], [103.028531, -4.334289], [103.027309, -4.332271], [103.028075, -4.329815], [103.028321, -4.329027], [103.029887, -4.327463], [103.030895, -4.325899], [103.030453, -4.324218], [103.030901, -4.323212], [103.029901, -4.321978], [103.029905, -4.321971], [103.029975, -4.321849], [103.030797, -4.320413], [103.03247, -4.320305], [103.034254, -4.320422], [103.035485, -4.318746], [103.035498, -4.318754], [103.038046, -4.32032], [103.039496, -4.320435], [103.039613, -4.318421], [103.039745, -4.317123], [103.039841, -4.316182], [103.04174, -4.315068], [103.043136, -4.314978], [103.043413, -4.31496], [103.044972, -4.315748], [103.046311, -4.315751], [103.047317, -4.314858], [103.048991, -4.314191], [103.04928, -4.312854], [103.04933, -4.312624], [103.050558, -4.311956], [103.050785, -4.310613], [103.050229, -4.309828], [103.051571, -4.308488], [103.051576, -4.306473], [103.054024, -4.308382], [103.05469, -4.309951], [103.056027, -4.31029], [103.057142, -4.310293], [103.058483, -4.309177], [103.059157, -4.307388], [103.060607, -4.307391], [103.062387, -4.308851], [103.063011, -4.308665], [103.063504, -4.308518], [103.064509, -4.307737], [103.067967, -4.307298], [103.069415, -4.308198], [103.069856, -4.310102], [103.070745, -4.311448], [103.072526, -4.312907], [103.074533, -4.312913], [103.075979, -4.314596], [103.077651, -4.314936], [103.078211, -4.313929], [103.076875, -4.312919], [103.077547, -4.311913], [103.078328, -4.311691], [103.078666, -4.310348], [103.079333, -4.311133], [103.08, -4.311919], [103.080447, -4.311584], [103.079671, -4.309903], [103.080119, -4.309008], [103.08157, -4.308676], [103.080682, -4.307107], [103.081688, -4.30599], [103.082138, -4.304423], [103.082251, -4.303752], [103.080916, -4.302629], [103.077893, -4.300088], [103.079898, -4.2985], [103.080971, -4.297643], [103.080546, -4.296065], [103.081192, -4.294777], [103.081193, -4.294204], [103.082266, -4.29349], [103.085119, -4.294142], [103.085764, -4.293069], [103.085767, -4.291851], [103.087838, -4.291498], [103.088554, -4.290497], [103.090267, -4.290429], [103.091839, -4.290003], [103.093264, -4.290724], [103.09505, -4.290011], [103.09655, -4.289729], [103.09848, -4.288444], [103.099983, -4.286799], [103.101848, -4.282935], [103.104005, -4.276778], [103.105653, -4.274131], [103.110298, -4.271635], [103.112872, -4.26985], [103.116734, -4.266707], [103.118735, -4.26535], [103.118603, -4.260979], [103.116966, -4.259399], [103.114325, -4.259249], [103.111113, -4.259313], [103.108046, -4.258517], [103.103534, -4.255427], [103.102345, -4.254336], [103.102073, -4.254085], [103.102557, -4.254008], [103.102937, -4.254111], [103.104733, -4.254115], [103.107084, -4.253012], [103.107884, -4.252417], [103.108152, -4.252266], [103.108427, -4.252014], [103.10843, -4.252012], [103.110983, -4.249795], [103.112344, -4.248864], [103.114918, -4.247914], [103.116488, -4.247783], [103.116959, -4.247784], [103.117489, -4.247949], [103.120127, -4.249537], [103.121319, -4.25055], [103.12443, -4.252496], [103.126032, -4.253945], [103.127136, -4.254274], [103.127423, -4.254469], [103.128846, -4.254785], [103.131288, -4.255514], [103.134182, -4.255411], [103.134775, -4.255404], [103.135179, -4.255154], [103.135664, -4.255024], [103.136124, -4.25457], [103.138251, -4.253257], [103.141362, -4.250711], [103.141852, -4.250569]]]}}, {"type": "Feature", "properties": {"iddesa": "1604061020", "kecamatan": "Pajar Bulan", "kabupaten": "Lahat"}, "geometry": {"type": "Polygon", "coordinates": [[[103.282014, -3.887215], [103.281313, -3.900729], [103.282728, -3.912124], [103.284771, -3.928977], [103.281914, -3.93913], [103.28084, -3.942947], [103.280197, -3.945232], [103.280216, -3.945238], [103.280307, -3.945281], [103.281129, -3.945676], [103.281449, -3.946067], [103.281653, -3.946733], [103.28179, -3.947055], [103.281834, -3.947812], [103.281695, -3.948616], [103.281442, -3.949327], [103.281189, -3.949877], [103.280868, -3.950543], [103.280501, -3.951093], [103.280208, -3.951598], [103.279473, -3.950838], [103.279246, -3.949965], [103.279247, -3.949586], [103.278151, -3.948999], [103.277876, -3.948998], [103.277506, -3.948821], [103.276575, -3.948376], [103.276026, -3.948351], [103.275019, -3.948763], [103.2744, -3.94968], [103.273689, -3.950918], [103.272682, -3.951605], [103.272155, -3.951994], [103.272133, -3.952008], [103.27085, -3.952818], [103.270392, -3.953528], [103.270184, -3.954469], [103.270131, -3.955355], [103.268531, -3.956712], [103.268029, -3.957137], [103.267818, -3.957191], [103.267109, -3.953953], [103.266142, -3.952665], [103.265748, -3.952139], [103.265362, -3.949886], [103.266052, -3.947642], [103.267227, -3.943819], [103.264599, -3.941953], [103.264014, -3.941121], [103.265467, -3.937964], [103.266222, -3.93632], [103.266234, -3.930543], [103.265612, -3.92268], [103.260541, -3.902451], [103.257202, -3.894742], [103.257101, -3.892864], [103.257222, -3.892957], [103.259008, -3.892867], [103.259217, -3.892868], [103.259371, -3.892799], [103.259514, -3.892735], [103.273754, -3.886389], [103.282014, -3.887215]]]}}, {"type": "Feature", "properties": {"iddesa": "1604122001", "kecamatan": "Pseksu", "kabupaten": "Lahat"}, "geometry": {"type": "Polygon", "coordinates": [[[103.293567, -3.780215], [103.293784, -3.78033], [103.293569, -3.781114], [103.293087, -3.782876], [103.293312, -3.785887], [103.284162, -3.792382], [103.276449, -3.801834], [103.271297, -3.804042], [103.269279, -3.813167], [103.265803, -3.821961], [103.26528, -3.824432], [103.263941, -3.830758], [103.260002, -3.840476], [103.240087, -3.871176], [103.239902, -3.866078], [103.239641, -3.856185], [103.240517, -3.840925], [103.238007, -3.829898], [103.240008, -3.81464], [103.234677, -3.80728], [103.234968, -3.802194], [103.236663, -3.799088], [103.236668, -3.796262], [103.234704, -3.793997], [103.234713, -3.793937], [103.240475, -3.792455], [103.246738, -3.790844], [103.25522, -3.786218], [103.258452, -3.780738], [103.269099, -3.777938], [103.270035, -3.777692], [103.269987, -3.777746], [103.275126, -3.778364], [103.275487, -3.77785], [103.278918, -3.772969], [103.279087, -3.772973], [103.282615, -3.773061], [103.283098, -3.773359], [103.283962, -3.773891], [103.283962, -3.773891], [103.284147, -3.774005], [103.285637, -3.774924], [103.287169, -3.776822], [103.287342, -3.777036], [103.292259, -3.783125], [103.293567, -3.780215]]]}}, {"type": "Feature", "properties": {"iddesa": "1604063003", "kecamatan": "Sukamerindu", "kabupaten": "Lahat"}, "geometry": {"type": "Polygon", "coordinates": [[[103.230391, -3.961714], [103.23088, -3.9626], [103.230586, -3.962758], [103.23115, -3.966959], [103.231174, -3.967139], [103.228481, -3.967061], [103.227265, -3.967107], [103.225562, -3.967103], [103.222352, -3.967194], [103.220761, -3.967229], [103.220309, -3.967238], [103.220203, -3.967255], [103.21846, -3.967527], [103.217341, -3.967916], [103.216318, -3.968646], [103.215827, -3.969522], [103.215548, -3.969661], [103.215342, -3.969764], [103.214303, -3.97115], [103.21351, -3.969984], [103.213458, -3.969906], [103.213388, -3.969803], [103.21293, -3.969063], [103.212563, -3.968462], [103.212289, -3.967538], [103.212297, -3.967494], [103.212474, -3.96653], [103.211681, -3.966687], [103.210762, -3.96781], [103.210722, -3.96831], [103.210701, -3.968577], [103.210048, -3.968115], [103.209235, -3.967397], [103.209035, -3.965862], [103.209122, -3.965399], [103.209344, -3.964226], [103.210163, -3.962182], [103.210163, -3.962044], [103.21089, -3.961136], [103.212016, -3.958707], [103.212012, -3.958697], [103.211826, -3.958203], [103.212108, -3.957991], [103.213128, -3.957379], [103.215574, -3.956566], [103.216288, -3.956261], [103.216786, -3.956343], [103.219445, -3.956779], [103.220361, -3.956986], [103.221485, -3.957177], [103.221583, -3.957193], [103.222524, -3.957563], [103.223416, -3.957913], [103.225045, -3.958428], [103.226977, -3.959865], [103.227382, -3.960991], [103.230391, -3.961714]]]}}, {"type": "Feature", "properties": {"iddesa": "1604041002", "kecamatan": "Mulak Ulu", "kabupaten": "Lahat"}, "geometry": {"type": "Polygon", "coordinates": [[[103.473258, -4.067462], [103.468761, -4.062873], [103.468769, -4.06209], [103.468816, -4.057396], [103.468869, -4.052052], [103.471745, -4.051975], [103.471694, -4.050475], [103.471675, -4.049909], [103.471621, -4.048297], [103.471526, -4.045476], [103.475229, -4.046479], [103.475319, -4.046504], [103.476568, -4.045447], [103.478265, -4.04545], [103.478486, -4.04545], [103.479062, -4.045355], [103.479064, -4.045329], [103.479088, -4.045315], [103.479032, -4.045431], [103.479111, -4.047092], [103.478519, -4.048066], [103.475294, -4.053373], [103.475131, -4.053642], [103.477162, -4.061793], [103.47751, -4.063193], [103.477054, -4.064437], [103.476596, -4.065681], [103.473286, -4.067418], [103.473258, -4.067462]]]}}, {"type": "Feature", "properties": {"iddesa": "1604060004", "kecamatan": "Jarai", "kabupaten": "Lahat"}, "geometry": {"type": "Polygon", "coordinates": [[[103.197878, -3.963563], [103.197613, -3.963719], [103.197824, -3.964041], [103.1977, -3.964097], [103.196949, -3.964435], [103.195599, -3.964056], [103.19552, -3.964033], [103.195327, -3.963978], [103.193974, -3.963704], [103.192893, -3.963248], [103.191902, -3.962793], [103.190911, -3.96261], [103.189919, -3.962608], [103.189558, -3.962426], [103.188765, -3.961975], [103.188786, -3.961561], [103.189961, -3.960496], [103.192034, -3.958617], [103.194164, -3.956687], [103.194606, -3.956851], [103.195135, -3.957046], [103.195572, -3.957209], [103.195923, -3.958317], [103.196223, -3.959261], [103.196872, -3.959767], [103.196906, -3.960112], [103.196974, -3.960812], [103.197001, -3.961002], [103.197073, -3.961519], [103.197216, -3.962535], [103.197248, -3.962769], [103.197878, -3.963563]]]}}, {"type": "Feature", "properties": {"iddesa": "1604120036", "kecamatan": "Lahat", "kabupaten": "Lahat"}, "geometry": {"type": "MultiPolygon", "coordinates": [[[[103.525473, -3.800985], [103.525602, -3.801135], [103.525819, -3.801334], [103.525875, -3.801368], [103.525917, -3.801673], [103.525945, -3.80187], [103.527072, -3.802959], [103.530264, -3.806043], [103.530085, -3.806534], [103.530143, -3.806652], [103.530056, -3.806966], [103.529876, -3.807257], [103.529829, -3.807332], [103.529534, -3.807611], [103.52896, -3.807714], [103.528782, -3.807692], [103.528109, -3.807608], [103.527518, -3.807555], [103.527493, -3.807555], [103.526236, -3.806], [103.525802, -3.805475], [103.525594, -3.805021], [103.525472, -3.804662], [103.525411, -3.804482], [103.525404, -3.804463], [103.52504, -3.804026], [103.524839, -3.802404], [103.524835, -3.802367], [103.524661, -3.80228], [103.524661, -3.802123], [103.524401, -3.801739], [103.524263, -3.801538], [103.524124, -3.801337], [103.524105, -3.801331], [103.523829, -3.801249], [103.523586, -3.801179], [103.523343, -3.801056], [103.52303, -3.801091], [103.522922, -3.801307], [103.522908, -3.801335], [103.522682, -3.801421], [103.522421, -3.801578], [103.522378, -3.801578], [103.522126, -3.801578], [103.521935, -3.80156], [103.521674, -3.801437], [103.521512, -3.801202], [103.52149, -3.801171], [103.522873, -3.800079], [103.522903, -3.800056], [103.52314, -3.799869], [103.523304, -3.799739], [103.523662, -3.799456], [103.523722, -3.799409], [103.523972, -3.799208], [103.524022, -3.798959], [103.523973, -3.798785], [103.524023, -3.798636], [103.524423, -3.798436], [103.524551, -3.7985], [103.524648, -3.798705], [103.52465, -3.798709], [103.524669, -3.798898], [103.524436, -3.799092], [103.524327, -3.799211], [103.524386, -3.799351], [103.524485, -3.79948], [103.524425, -3.79957], [103.524435, -3.799649], [103.524499, -3.799803], [103.524514, -3.799839], [103.524603, -3.799978], [103.524741, -3.800048], [103.52485, -3.800068], [103.52484, -3.800158], [103.525473, -3.800985]]], [[[103.515281, -3.805382], [103.515203, -3.806991], [103.515184, -3.80739], [103.515043, -3.808698], [103.514527, -3.810845], [103.513782, -3.811685], [103.513413, -3.812054], [103.512539, -3.811851], [103.511607, -3.81021], [103.510948, -3.809449], [103.510829, -3.808162], [103.510754, -3.807343], [103.510741, -3.807204], [103.511151, -3.806232], [103.511234, -3.806262], [103.512443, -3.806311], [103.513652, -3.80608], [103.514816, -3.804961], [103.514864, -3.804895], [103.515212, -3.804416], [103.515281, -3.805382]]]]}}, {"type": "Feature", "properties": {"iddesa": "1604040017", "kecamatan": "Kota Agung", "kabupaten": "Lahat"}, "geometry": {"type": "Polygon", "coordinates": [[[103.440264, -4.062327], [103.440264, -4.062327], [103.441883, -4.062363], [103.441859, -4.062474], [103.441947, -4.062387], [103.444789, -4.062585], [103.444789, -4.062585], [103.444855, -4.062698], [103.445168, -4.067627], [103.445229, -4.068572], [103.445288, -4.069507], [103.448492, -4.073634], [103.446882, -4.075512], [103.464132, -4.096111], [103.467079, -4.09963], [103.466901, -4.09974], [103.465885, -4.10036], [103.465143, -4.102213], [103.46472, -4.102875], [103.46458, -4.103093], [103.462382, -4.100373], [103.441373, -4.074378], [103.439609, -4.072195], [103.439527, -4.072094], [103.43842, -4.070724], [103.438901, -4.068423], [103.439211, -4.066939], [103.440176, -4.062326], [103.440264, -4.062327], [103.440264, -4.062327]]]}}, {"type": "Feature", "properties": {"iddesa": "1604063008", "kecamatan": "Sukamerindu", "kabupaten": "Lahat"}, "geometry": {"type": "Polygon", "coordinates": [[[103.236462, -3.939953], [103.235766, -3.940243], [103.235092, -3.940641], [103.234418, -3.941008], [103.233622, -3.941283], [103.233576, -3.941304], [103.232949, -3.941588], [103.232428, -3.94211], [103.231968, -3.942569], [103.231477, -3.943275], [103.231022, -3.943848], [103.230772, -3.944164], [103.229606, -3.945821], [103.22937, -3.946011], [103.228319, -3.946862], [103.227553, -3.947567], [103.227397, -3.948765], [103.226937, -3.94944], [103.225925, -3.950912], [103.225732, -3.951351], [103.225341, -3.952244], [103.226153, -3.952677], [103.226722, -3.953366], [103.226947, -3.954685], [103.226945, -3.955773], [103.226943, -3.956748], [103.226998, -3.95755], [103.22783, -3.959346], [103.226539, -3.958867], [103.22597, -3.958293], [103.225628, -3.957948], [103.225002, -3.957145], [103.224376, -3.956398], [103.223865, -3.955423], [103.223809, -3.954735], [103.223811, -3.953876], [103.223653, -3.953493], [103.223527, -3.953187], [103.222901, -3.952269], [103.222729, -3.952115], [103.222993, -3.951345], [103.22308, -3.95109], [103.223136, -3.950903], [103.223156, -3.95084], [103.223487, -3.949756], [103.223727, -3.948972], [103.224066, -3.947529], [103.224558, -3.94624], [103.22459, -3.945564], [103.224837, -3.944551], [103.225206, -3.943784], [103.225421, -3.943139], [103.225633, -3.942673], [103.225729, -3.942464], [103.226036, -3.941881], [103.226128, -3.941574], [103.22613, -3.940683], [103.226131, -3.939946], [103.225918, -3.939484], [103.225858, -3.9393], [103.225858, -3.938901], [103.225763, -3.93855], [103.225616, -3.938009], [103.225375, -3.937741], [103.225701, -3.936944], [103.226325, -3.931216], [103.225517, -3.927633], [103.224607, -3.92446], [103.223191, -3.919955], [103.223092, -3.919756], [103.23061, -3.892509], [103.232007, -3.893168], [103.232007, -3.893475], [103.232003, -3.895112], [103.231383, -3.899408], [103.230458, -3.903294], [103.231261, -3.908922], [103.232682, -3.911586], [103.234713, -3.914659], [103.235215, -3.917832], [103.233884, -3.92141], [103.232857, -3.925091], [103.233361, -3.92765], [103.234431, -3.929233], [103.23359, -3.929872], [103.233427, -3.931563], [103.234601, -3.932843], [103.235012, -3.933642], [103.235773, -3.934537], [103.236185, -3.935528], [103.236342, -3.936103], [103.236531, -3.937252], [103.236746, -3.937743], [103.236597, -3.937848], [103.236596, -3.938371], [103.23656, -3.938657], [103.236409, -3.939875], [103.236462, -3.939953]]]}}, {"type": "Feature", "properties": {"iddesa": "1604040015", "kecamatan": "Kota Agung", "kabupaten": "Lahat"}, "geometry": {"type": "Polygon", "coordinates": [[[103.428327, -4.022815], [103.428482, -4.022852], [103.428518, -4.022911], [103.428536, -4.022916], [103.428534, -4.022937], [103.428531, -4.022968], [103.427947, -4.028789], [103.425891, -4.032313], [103.427019, -4.032415], [103.429775, -4.032663], [103.429815, -4.032649], [103.429882, -4.032626], [103.43905, -4.029455], [103.440772, -4.030853], [103.440744, -4.030968], [103.436306, -4.049064], [103.43479, -4.055247], [103.434224, -4.057553], [103.434161, -4.062009], [103.434158, -4.062011], [103.430356, -4.064378], [103.430081, -4.064549], [103.42961, -4.064403], [103.428221, -4.063972], [103.426039, -4.063295], [103.416057, -4.060197], [103.415939, -4.06016], [103.409867, -4.058276], [103.396288, -4.054062], [103.396366, -4.053634], [103.396394, -4.053031], [103.396559, -4.052583], [103.396568, -4.052437], [103.396705, -4.052273], [103.396997, -4.052072], [103.397271, -4.051908], [103.397444, -4.051872], [103.397762, -4.051873], [103.39799, -4.051855], [103.398129, -4.051821], [103.3984, -4.0516], [103.39891, -4.051381], [103.399339, -4.051044], [103.399376, -4.050678], [103.399614, -4.050148], [103.399806, -4.0495], [103.400573, -4.048578], [103.401121, -4.047784], [103.401167, -4.047509], [103.401191, -4.047395], [103.401167, -4.047135], [103.401141, -4.046604], [103.400969, -4.046266], [103.400769, -4.046028], [103.400624, -4.045671], [103.400625, -4.045204], [103.400862, -4.044839], [103.401063, -4.044629], [103.401346, -4.044282], [103.401456, -4.044008], [103.401456, -4.043743], [103.401178, -4.04336], [103.400965, -4.043276], [103.400657, -4.042937], [103.400193, -4.042598], [103.40003, -4.042424], [103.400021, -4.042095], [103.400168, -4.041693], [103.400305, -4.041135], [103.400625, -4.040734], [103.400926, -4.040314], [103.40109, -4.039958], [103.401009, -4.039528], [103.40081, -4.039116], [103.400537, -4.03875], [103.400219, -4.03842], [103.400185, -4.038332], [103.400147, -4.038328], [103.399738, -4.037953], [103.399629, -4.037916], [103.39942, -4.037705], [103.39932, -4.037504], [103.39933, -4.037248], [103.399403, -4.036946], [103.399895, -4.036518], [103.400761, -4.03587], [103.400907, -4.03577], [103.401008, -4.035706], [103.401108, -4.035615], [103.401245, -4.035542], [103.401363, -4.035433], [103.401445, -4.035341], [103.401537, -4.035204], [103.401664, -4.035058], [103.401728, -4.034967], [103.401865, -4.034721], [103.40192, -4.034538], [103.40193, -4.034273], [103.401931, -4.033962], [103.401886, -4.033688], [103.40164, -4.033431], [103.401287, -4.033105], [103.400876, -4.033155], [103.400539, -4.033082], [103.400385, -4.032926], [103.400204, -4.032477], [103.400132, -4.032011], [103.400051, -4.031554], [103.400325, -4.031134], [103.400799, -4.030476], [103.400991, -4.030102], [103.401256, -4.02992], [103.401447, -4.029728], [103.401912, -4.029656], [103.402449, -4.02952], [103.402714, -4.029564], [103.402923, -4.029448], [103.40315, -4.029347], [103.403406, -4.028973], [103.403425, -4.028662], [103.403198, -4.028397], [103.40298, -4.028131], [103.402953, -4.027793], [103.403018, -4.027345], [103.40308, -4.027255], [103.404182, -4.027452], [103.405191, -4.027454], [103.405279, -4.027322], [103.40544, -4.027322], [103.405831, -4.02725], [103.40605, -4.027159], [103.40625, -4.027031], [103.406433, -4.026821], [103.406451, -4.026593], [103.406279, -4.026145], [103.40627, -4.026135], [103.406189, -4.02566], [103.406035, -4.025202], [103.405809, -4.024727], [103.40601, -4.024188], [103.406465, -4.023828], [103.406667, -4.023771], [103.406667, -4.023752], [103.406976, -4.023696], [103.407295, -4.023495], [103.407395, -4.023422], [103.407486, -4.023377], [103.407578, -4.023304], [103.407669, -4.023213], [103.407669, -4.023121], [103.407669, -4.023002], [103.407478, -4.02281], [103.407269, -4.022618], [103.40696, -4.022416], [103.406761, -4.022105], [103.406561, -4.021857], [103.406561, -4.021629], [103.406595, -4.021559], [103.406763, -4.021559], [103.407498, -4.021284], [103.407523, -4.021255], [103.40801, -4.021083], [103.408393, -4.020846], [103.408757, -4.02049], [103.408886, -4.020152], [103.409005, -4.019869], [103.408987, -4.019439], [103.40877, -4.018973], [103.408434, -4.018414], [103.40817, -4.018039], [103.408047, -4.017869], [103.419677, -4.020733], [103.420816, -4.021008], [103.424506, -4.021895], [103.428327, -4.022815]]]}}, {"type": "Feature", "properties": {"iddesa": "1604121014", "kecamatan": "Gumay Talang", "kabupaten": "Lahat"}, "geometry": {"type": "Polygon", "coordinates": [[[103.483964, -3.691042], [103.484975, -3.695826], [103.490458, -3.703935], [103.492996, -3.70759], [103.468646, -3.751225], [103.464942, -3.75786], [103.46559, -3.759052], [103.467969, -3.763436], [103.463109, -3.764478], [103.462135, -3.764686], [103.46102, -3.764925], [103.460841, -3.764956], [103.459894, -3.765118], [103.459888, -3.765107], [103.459347, -3.764207], [103.459373, -3.76419], [103.459896, -3.763855], [103.459994, -3.763681], [103.460196, -3.763318], [103.460231, -3.763156], [103.460244, -3.763097], [103.460245, -3.762592], [103.459648, -3.762196], [103.459443, -3.762274], [103.459066, -3.762226], [103.45895, -3.762274], [103.45795, -3.761135], [103.457947, -3.761131], [103.457947, -3.761131], [103.457936, -3.761118], [103.457628, -3.760974], [103.457375, -3.760777], [103.459582, -3.74871], [103.463057, -3.72971], [103.44402, -3.728415], [103.443091, -3.720596], [103.4457, -3.71933], [103.451026, -3.710449], [103.456347, -3.704235], [103.457141, -3.702845], [103.461673, -3.694909], [103.466185, -3.689639], [103.466994, -3.688694], [103.471245, -3.680189], [103.471465, -3.680513], [103.474508, -3.684976], [103.476524, -3.689043], [103.476633, -3.689264], [103.479475, -3.690697], [103.483964, -3.691042], [103.483964, -3.691042]], [[103.463089, -3.763336], [103.46327, -3.763007], [103.463048, -3.762756], [103.462855, -3.762365], [103.462689, -3.762235], [103.462654, -3.762208], [103.462605, -3.76217], [103.462245, -3.762225], [103.461994, -3.762559], [103.461661, -3.762837], [103.461466, -3.763115], [103.461338, -3.763229], [103.461327, -3.763239], [103.461327, -3.763239], [103.46141, -3.76345], [103.461632, -3.763617], [103.461826, -3.763534], [103.461937, -3.763534], [103.46202, -3.763646], [103.462346, -3.763794], [103.46265, -3.763715], [103.462781, -3.763682], [103.463089, -3.763336]]]}}, {"type": "Feature", "properties": {"iddesa": "1701051010", "kecamatan": "Air Nipis", "kabupaten": "Bengkulu Selatan"}, "geometry": {"type": "Polygon", "coordinates": [[[103.223672, -4.242047], [103.223205, -4.243374], [103.222432, -4.245613], [103.219479, -4.250126], [103.219277, -4.250457], [103.216343, -4.257954], [103.213768, -4.259238], [103.212103, -4.264397], [103.209707, -4.268264], [103.209413, -4.268391], [103.209257, -4.268867], [103.209222, -4.268961], [103.209055, -4.269464], [103.208941, -4.269808], [103.208823, -4.270156], [103.208774, -4.270302], [103.20867, -4.270614], [103.208571, -4.270916], [103.208519, -4.27107], [103.208332, -4.271614], [103.208127, -4.27223], [103.207864, -4.273017], [103.20767, -4.27313], [103.207625, -4.273156], [103.206274, -4.273945], [103.205529, -4.27438], [103.204834, -4.274785], [103.204076, -4.275228], [103.204075, -4.275228], [103.202256, -4.275368], [103.202176, -4.275374], [103.198944, -4.275623], [103.19865, -4.275646], [103.19865, -4.275646], [103.197282, -4.276079], [103.196795, -4.276233], [103.195507, -4.276641], [103.19535, -4.276691], [103.194995, -4.276804], [103.193981, -4.277125], [103.193679, -4.277203], [103.191923, -4.277655], [103.188318, -4.278585], [103.187865, -4.278701], [103.187679, -4.278748], [103.187361, -4.278828], [103.185647, -4.279259], [103.183686, -4.279752], [103.182268, -4.280108], [103.181652, -4.280263], [103.181296, -4.280436], [103.179646, -4.281238], [103.178943, -4.28158], [103.177612, -4.282227], [103.173291, -4.284327], [103.173291, -4.284328], [103.173274, -4.284364], [103.172657, -4.285677], [103.172215, -4.286618], [103.17221, -4.28662], [103.170722, -4.287416], [103.170214, -4.287688], [103.169928, -4.287917], [103.168482, -4.289072], [103.168069, -4.289402], [103.166689, -4.290321], [103.166626, -4.290362], [103.165924, -4.29083], [103.165894, -4.29084], [103.164356, -4.291367], [103.163638, -4.291613], [103.163451, -4.291775], [103.163025, -4.292143], [103.162919, -4.292235], [103.161741, -4.293255], [103.161599, -4.293378], [103.161598, -4.293379], [103.161564, -4.293471], [103.161543, -4.293526], [103.161515, -4.2936], [103.161149, -4.294573], [103.160811, -4.29547], [103.160271, -4.296907], [103.160203, -4.297055], [103.159445, -4.29871], [103.158764, -4.300199], [103.157047, -4.301915], [103.155518, -4.302402], [103.155261, -4.302484], [103.155054, -4.3026], [103.154563, -4.302876], [103.154117, -4.303126], [103.153627, -4.303983], [103.153257, -4.304629], [103.15254, -4.306132], [103.152458, -4.306494], [103.152271, -4.307317], [103.151931, -4.308816], [103.15189, -4.308997], [103.151927, -4.309098], [103.152009, -4.309331], [103.15225, -4.310014], [103.152413, -4.310477], [103.152599, -4.311004], [103.152599, -4.311005], [103.15188, -4.313295], [103.151885, -4.313308], [103.15194, -4.313472], [103.152128, -4.31402], [103.152231, -4.314316], [103.152601, -4.315392], [103.153014, -4.316594], [103.153014, -4.316597], [103.153008, -4.316711], [103.152964, -4.317521], [103.152948, -4.31782], [103.15279, -4.320749], [103.152778, -4.320802], [103.152594, -4.321609], [103.152259, -4.323081], [103.152152, -4.323555], [103.152021, -4.324131], [103.15178, -4.325189], [103.151347, -4.325695], [103.151076, -4.326013], [103.150115, -4.327138], [103.149766, -4.327546], [103.149429, -4.32794], [103.149394, -4.327982], [103.149274, -4.328121], [103.148361, -4.329294], [103.147771, -4.330052], [103.147771, -4.330052], [103.145129, -4.330475], [103.144695, -4.330545], [103.143931, -4.330667], [103.142467, -4.330902], [103.139452, -4.331385], [103.139316, -4.331407], [103.138345, -4.331749], [103.136627, -4.333679], [103.136479, -4.3359], [103.135055, -4.336641], [103.134834, -4.336755], [103.134786, -4.336986], [103.134689, -4.337448], [103.134581, -4.33796], [103.134548, -4.338119], [103.134501, -4.338346], [103.134473, -4.338472], [103.134474, -4.338474], [103.134474, -4.338474], [103.13454, -4.338625], [103.134695, -4.338978], [103.134906, -4.339452], [103.135039, -4.339752], [103.135449, -4.340678], [103.13568, -4.3412], [103.134821, -4.342433], [103.134535, -4.34284], [103.134535, -4.342845], [103.134534, -4.342845], [103.134531, -4.344211], [103.134527, -4.345783], [103.134527, -4.345786], [103.134167, -4.347876], [103.133974, -4.348994], [103.133948, -4.349149], [103.133948, -4.349151], [103.133995, -4.349791], [103.134086, -4.351012], [103.133398, -4.35219], [103.133284, -4.352385], [103.133082, -4.35273], [103.133055, -4.352884], [103.132923, -4.353642], [103.132807, -4.35431], [103.132759, -4.354582], [103.13272, -4.354806], [103.13272, -4.354807], [103.132306, -4.355309], [103.131892, -4.355811], [103.131824, -4.355892], [103.131716, -4.356023], [103.131715, -4.35613], [103.131703, -4.356502], [103.131683, -4.357131], [103.131649, -4.358203], [103.131641, -4.358458], [103.130701, -4.360608], [103.130488, -4.361093], [103.13042, -4.36125], [103.129997, -4.361473], [103.129436, -4.36177], [103.129204, -4.361892], [103.129239, -4.361969], [103.129597, -4.362782], [103.129773, -4.363183], [103.129773, -4.363183], [103.129256, -4.363652], [103.128536, -4.364306], [103.128199, -4.364612], [103.128007, -4.365714], [103.12791, -4.366267], [103.127837, -4.366686], [103.127837, -4.366689], [103.126693, -4.367331], [103.126689, -4.368979], [103.126587, -4.369085], [103.125593, -4.370121], [103.125565, -4.370151], [103.125044, -4.370693], [103.125043, -4.370694], [103.125043, -4.370694], [103.125035, -4.370727], [103.124966, -4.371019], [103.124754, -4.371912], [103.124534, -4.374491], [103.123337, -4.376178], [103.123319, -4.376204], [103.123319, -4.376204], [103.123316, -4.376207], [103.123244, -4.376403], [103.12319, -4.376549], [103.122526, -4.378354], [103.122526, -4.378355], [103.122331, -4.37849], [103.122144, -4.378622], [103.121606, -4.378999], [103.121341, -4.379184], [103.121154, -4.379314], [103.120111, -4.379157], [103.119118, -4.379007], [103.118968, -4.378984], [103.118528, -4.378916], [103.118181, -4.379423], [103.118083, -4.379566], [103.117595, -4.380277], [103.117594, -4.380279], [103.116949, -4.381852], [103.114951, -4.38156], [103.114951, -4.38156], [103.115227, -4.381174], [103.115309, -4.381059], [103.114453, -4.380699], [103.114346, -4.380777], [103.114345, -4.380777], [103.11288, -4.381841], [103.111525, -4.381408], [103.110738, -4.381908], [103.109239, -4.382262], [103.108167, -4.382546], [103.108735, -4.383694], [103.108662, -4.384482], [103.107021, -4.384263], [103.107018, -4.385481], [103.105872, -4.386982], [103.105583, -4.3882], [103.105081, -4.389343], [103.10508, -4.389345], [103.106947, -4.391472], [103.106856, -4.392101], [103.108426, -4.393151], [103.109492, -4.394873], [103.110414, -4.397455], [103.111623, -4.399321], [103.111689, -4.401184], [103.112686, -4.402118], [103.113612, -4.403124], [103.114251, -4.40463], [103.11425, -4.404631], [103.113604, -4.406276], [103.112462, -4.40613], [103.111035, -4.405768], [103.110104, -4.407056], [103.109744, -4.408129], [103.107618, -4.409224], [103.107529, -4.40927], [103.105743, -4.409624], [103.105739, -4.411129], [103.105451, -4.412059], [103.105431, -4.412059], [103.104095, -4.412056], [103.103668, -4.411625], [103.102955, -4.411265], [103.101667, -4.412265], [103.101607, -4.412225], [103.100242, -4.411329], [103.097548, -4.41097], [103.097013, -4.410898], [103.095173, -4.411603], [103.094838, -4.411916], [103.094835, -4.411846], [103.093923, -4.389745], [103.093736, -4.385214], [103.093733, -4.38513], [103.093731, -4.385098], [103.093665, -4.383499], [103.091132, -4.381408], [103.093878, -4.379812], [103.094026, -4.379724], [103.095122, -4.37909], [103.095494, -4.378874], [103.095842, -4.378671], [103.097003, -4.377994], [103.097004, -4.377994], [103.097118, -4.377803], [103.098005, -4.376316], [103.099403, -4.373992], [103.099448, -4.373916], [103.100017, -4.372971], [103.100295, -4.372508], [103.122782, -4.335022], [103.126192, -4.329323], [103.128677, -4.325195], [103.148223, -4.292617], [103.149658, -4.290223], [103.151476, -4.287195], [103.156843, -4.278258], [103.157558, -4.277057], [103.168098, -4.259489], [103.168378, -4.259023], [103.168506, -4.258809], [103.169277, -4.257521], [103.170153, -4.256062], [103.170935, -4.254757], [103.171613, -4.253631], [103.171929, -4.253096], [103.174339, -4.249059], [103.176197, -4.24594], [103.180582, -4.238659], [103.181697, -4.2367], [103.18258, -4.237438], [103.18431, -4.238171], [103.185372, -4.238118], [103.186712, -4.238514], [103.187137, -4.238432], [103.188386, -4.239625], [103.189388, -4.23999], [103.189712, -4.240215], [103.190694, -4.24087], [103.191106, -4.241315], [103.192244, -4.241889], [103.19349, -4.242698], [103.194035, -4.243145], [103.194922, -4.243656], [103.197922, -4.245719], [103.199528, -4.246418], [103.200103, -4.246735], [103.200799, -4.247578], [103.202615, -4.247722], [103.203454, -4.247444], [103.204082, -4.247515], [103.205133, -4.24664], [103.205652, -4.246451], [103.206393, -4.245904], [103.2073, -4.245419], [103.208904, -4.244051], [103.209299, -4.24376], [103.21094, -4.242697], [103.211707, -4.242274], [103.213735, -4.241087], [103.21413, -4.240798], [103.21545, -4.240335], [103.217262, -4.240383], [103.217783, -4.240514], [103.218209, -4.240621], [103.219253, -4.2411], [103.219923, -4.241056], [103.220332, -4.241162], [103.220627, -4.241238], [103.220858, -4.241384], [103.221719, -4.241519], [103.221782, -4.241535], [103.222243, -4.241654], [103.222558, -4.241735], [103.223279, -4.24192], [103.223396, -4.24195], [103.223459, -4.241966], [103.223672, -4.242047]]]}}, {"type": "Feature", "properties": {"iddesa": "1604052004", "kecamatan": "Gumay Ulu", "kabupaten": "Lahat"}, "geometry": {"type": "Polygon", "coordinates": [[[103.432848, -3.938817], [103.434694, -3.943318], [103.44183, -3.960711], [103.442486, -3.962309], [103.431959, -3.963956], [103.43193, -3.963969], [103.430168, -3.964252], [103.419848, -3.965907], [103.41627, -3.959797], [103.416069, -3.959456], [103.4117, -3.952032], [103.41169, -3.951985], [103.410035, -3.949634], [103.41181, -3.948539], [103.414678, -3.948052], [103.414871, -3.945249], [103.416532, -3.944836], [103.417587, -3.945368], [103.418908, -3.944613], [103.419256, -3.94003], [103.421146, -3.937723], [103.422612, -3.940605], [103.424686, -3.940609], [103.42586, -3.938187], [103.428081, -3.940426], [103.429217, -3.93789], [103.431105, -3.937022], [103.432848, -3.938817]]]}}, {"type": "Feature", "properties": {"iddesa": "1604061016", "kecamatan": "Pajar Bulan", "kabupaten": "Lahat"}, "geometry": {"type": "Polygon", "coordinates": [[[103.258875, -3.961801], [103.259049, -3.962112], [103.259287, -3.962885], [103.259291, -3.962896], [103.259775, -3.964219], [103.260091, -3.964406], [103.261187, -3.965054], [103.262308, -3.965399], [103.263965, -3.965599], [103.265816, -3.966092], [103.268301, -3.966587], [103.269567, -3.967569], [103.271563, -3.968895], [103.272343, -3.968847], [103.272972, -3.969137], [103.274047, -3.969634], [103.27546, -3.970078], [103.277593, -3.9732], [103.277472, -3.973864], [103.277798, -3.975519], [103.278539, -3.975521], [103.279444, -3.975853], [103.280398, -3.97529], [103.281587, -3.975292], [103.28222, -3.97533], [103.282326, -3.97619], [103.282321, -3.978175], [103.281741, -3.980076], [103.280748, -3.982555], [103.280219, -3.983786], [103.279511, -3.983214], [103.277127, -3.981142], [103.275482, -3.97998], [103.274001, -3.979564], [103.272848, -3.979561], [103.272437, -3.979602], [103.271862, -3.978236], [103.270219, -3.976496], [103.26915, -3.975749], [103.26841, -3.975003], [103.266809, -3.971702], [103.266347, -3.971432], [103.265285, -3.970896], [103.263573, -3.970448], [103.259711, -3.969711], [103.259647, -3.969698], [103.259532, -3.968066], [103.258879, -3.967384], [103.258707, -3.967205], [103.258634, -3.967164], [103.258383, -3.967026], [103.257586, -3.966846], [103.2567, -3.966578], [103.254279, -3.966394], [103.254032, -3.966393], [103.254264, -3.965431], [103.254412, -3.964942], [103.254657, -3.964355], [103.254767, -3.963998], [103.254853, -3.963719], [103.254903, -3.96323], [103.254904, -3.962446], [103.254956, -3.960929], [103.25522, -3.960489], [103.25525, -3.96044], [103.255885, -3.959854], [103.256421, -3.959855], [103.256908, -3.960149], [103.257394, -3.960591], [103.258418, -3.960838], [103.258611, -3.961328], [103.258875, -3.961801]]]}}, {"type": "Feature", "properties": {"iddesa": "1603012012", "kecamatan": "Semendo Darat Tengah", "kabupaten": "Muara Enim"}, "geometry": {"type": "Polygon", "coordinates": [[[103.477681, -4.195956], [103.475208, -4.19705], [103.470035, -4.201753], [103.465023, -4.204571], [103.451868, -4.210357], [103.447171, -4.211605], [103.443884, -4.212069], [103.430783, -4.21061], [103.360762, -4.289032], [103.361006, -4.28921], [103.352994, -4.299021], [103.351467, -4.298333], [103.348001, -4.296952], [103.342529, -4.295017], [103.340248, -4.294371], [103.335229, -4.293627], [103.33076, -4.292871], [103.33064, -4.292851], [103.328451, -4.292159], [103.326674, -4.290873], [103.324033, -4.287937], [103.321348, -4.284405], [103.319983, -4.282433], [103.318119, -4.279132], [103.318119, -4.279132], [103.316486, -4.274504], [103.316251, -4.273886], [103.313115, -4.265676], [103.31121, -4.260498], [103.310619, -4.259443], [103.309436, -4.257838], [103.307705, -4.256003], [103.30684, -4.25536], [103.305112, -4.254536], [103.305067, -4.254525], [103.306739, -4.253641], [103.307391, -4.252719], [103.308475, -4.25196], [103.30941, -4.251321], [103.30917, -4.251876], [103.313521, -4.249494], [103.358094, -4.225094], [103.362827, -4.222502], [103.423804, -4.181262], [103.438904, -4.170534], [103.438955, -4.169281], [103.43911, -4.165508], [103.439241, -4.16352], [103.439363, -4.161665], [103.439466, -4.159102], [103.439611, -4.156476], [103.441348, -4.151134], [103.454124, -4.111842], [103.454345, -4.111804], [103.456312, -4.11019], [103.459753, -4.108715], [103.461304, -4.10749], [103.461384, -4.107427], [103.463176, -4.105094], [103.469424, -4.138563], [103.470971, -4.149513], [103.477681, -4.195956]]]}}, {"type": "Feature", "properties": {"iddesa": "1604061012", "kecamatan": "Pajar Bulan", "kabupaten": "Lahat"}, "geometry": {"type": "Polygon", "coordinates": [[[103.280219, -3.983786], [103.281155, -3.984541], [103.283293, -3.986365], [103.284881, -3.988671], [103.285345, -3.989347], [103.286743, -3.990425], [103.288387, -3.992165], [103.290359, -3.994154], [103.290743, -3.994288], [103.292993, -3.99507], [103.294309, -3.995817], [103.294883, -3.996728], [103.295622, -3.998218], [103.295666, -3.999151], [103.2957, -3.999872], [103.295699, -4.000782], [103.295613, -4.002105], [103.294308, -4.003979], [103.293305, -4.003507], [103.291658, -4.00342], [103.291498, -4.003357], [103.289765, -4.002672], [103.28906, -4.001994], [103.287957, -4.000931], [103.287547, -4.000409], [103.286396, -3.998943], [103.285411, -3.99737], [103.284179, -3.995878], [103.281299, -3.994632], [103.281242, -3.99464], [103.281301, -3.993805], [103.281304, -3.992151], [103.280976, -3.991323], [103.279908, -3.99008], [103.27884, -3.989003], [103.278217, -3.988904], [103.278267, -3.987264], [103.277364, -3.986105], [103.275969, -3.983786], [103.274077, -3.982624], [103.273256, -3.981547], [103.272437, -3.979602], [103.272848, -3.979561], [103.274001, -3.979564], [103.275482, -3.97998], [103.277127, -3.981142], [103.279511, -3.983214], [103.280219, -3.983786]]]}}, {"type": "Feature", "properties": {"iddesa": "1611010020", "kecamatan": "Muara Pinang", "kabupaten": "Empat Lawang"}, "geometry": {"type": "Polygon", "coordinates": [[[103.125188, -3.798954], [103.12487, -3.799127], [103.119604, -3.801977], [103.044926, -3.844235], [103.041224, -3.84633], [103.041017, -3.846447], [103.040488, -3.846746], [103.040378, -3.846809], [103.039948, -3.847052], [103.039873, -3.846851], [103.039599, -3.846112], [103.039387, -3.845538], [103.038587, -3.843383], [103.039433, -3.844033], [103.039433, -3.844034], [103.039867, -3.844368], [103.040068, -3.844234], [103.041727, -3.843139], [103.044386, -3.841382], [103.112722, -3.796239], [103.112998, -3.795269], [103.11449, -3.795983], [103.11449, -3.795983], [103.117205, -3.797286], [103.117767, -3.797556], [103.118451, -3.796976], [103.120385, -3.79534], [103.120417, -3.795366], [103.120417, -3.795366], [103.123002, -3.79752], [103.123002, -3.79752], [103.123827, -3.798208], [103.125188, -3.798954]]]}}, {"type": "Feature", "properties": {"iddesa": "1611010012", "kecamatan": "Muara Pinang", "kabupaten": "Empat Lawang"}, "geometry": {"type": "Polygon", "coordinates": [[[103.142122, -3.853051], [103.141502, -3.853216], [103.138457, -3.854027], [103.132967, -3.855488], [103.115895, -3.860033], [103.092342, -3.866304], [103.088126, -3.867427], [103.087332, -3.867638], [103.085463, -3.868136], [103.084274, -3.868452], [103.083108, -3.868763], [103.082688, -3.868875], [103.079396, -3.869751], [103.079951, -3.87146], [103.080814, -3.874124], [103.080814, -3.874125], [103.081878, -3.877411], [103.058009, -3.888306], [103.056372, -3.886373], [103.056157, -3.886118], [103.051505, -3.88062], [103.051025, -3.880053], [103.050672, -3.879635], [103.050671, -3.879634], [103.051176, -3.877858], [103.077076, -3.867904], [103.077806, -3.867235], [103.079265, -3.866809], [103.079568, -3.866961], [103.079994, -3.867174], [103.080702, -3.866953], [103.081652, -3.866657], [103.083001, -3.866236], [103.088346, -3.864726], [103.116898, -3.856663], [103.132974, -3.852122], [103.138308, -3.850616], [103.142591, -3.849407], [103.143453, -3.849163], [103.142364, -3.852346], [103.142132, -3.853024], [103.142122, -3.853051]]]}}, {"type": "Feature", "properties": {"iddesa": "1604043007", "kecamatan": "Mulak Sebingkai", "kabupaten": "Lahat"}, "geometry": {"type": "Polygon", "coordinates": [[[103.5165, -3.998834], [103.516398, -3.999096], [103.516303, -3.999124], [103.505498, -4.0023], [103.505325, -3.997898], [103.505324, -3.997874], [103.505007, -3.989861], [103.493655, -3.982139], [103.493396, -3.981963], [103.487653, -3.978057], [103.480976, -3.973515], [103.484718, -3.965003], [103.484845, -3.964891], [103.485893, -3.965641], [103.499994, -3.975647], [103.500851, -3.976255], [103.502574, -3.977477], [103.509032, -3.98206], [103.510231, -3.98291], [103.514525, -3.993817], [103.515547, -3.996413], [103.51635, -3.998453], [103.5165, -3.998834]]]}}, {"type": "Feature", "properties": {"iddesa": "1604042012", "kecamatan": "Tanjung Tebat", "kabupaten": "Lahat"}, "geometry": {"type": "Polygon", "coordinates": [[[103.451172, -3.962377], [103.452086, -3.96927], [103.452265, -3.970619], [103.452656, -3.973566], [103.452607, -3.973742], [103.452224, -3.973587], [103.449889, -3.97577], [103.448933, -3.97429], [103.447628, -3.97227], [103.446881, -3.971372], [103.446148, -3.97049], [103.444189, -3.968135], [103.444264, -3.968107], [103.445491, -3.967263], [103.446644, -3.965572], [103.447412, -3.964891], [103.448343, -3.964457], [103.449406, -3.963961], [103.450789, -3.962347], [103.451172, -3.962377]]]}}, {"type": "Feature", "properties": {"iddesa": "1604061014", "kecamatan": "Pajar Bulan", "kabupaten": "Lahat"}, "geometry": {"type": "Polygon", "coordinates": [[[103.278217, -3.988904], [103.27884, -3.989003], [103.279908, -3.99008], [103.280976, -3.991323], [103.281304, -3.992151], [103.281301, -3.993805], [103.281242, -3.99464], [103.281131, -3.996203], [103.280643, -3.997112], [103.280068, -3.998187], [103.279891, -3.998516], [103.277908, -4.001572], [103.277054, -4.002606], [103.276339, -4.003471], [103.276074, -4.004205], [103.275225, -4.003684], [103.274621, -4.003589], [103.274062, -4.003775], [103.273132, -4.003913], [103.272714, -4.003772], [103.272109, -4.003771], [103.271736, -4.004097], [103.271132, -4.004142], [103.270249, -4.003767], [103.269227, -4.002924], [103.268205, -4.002221], [103.267183, -4.001799], [103.266544, -4.001454], [103.266544, -4.001373], [103.266544, -4.000804], [103.266302, -3.998735], [103.264164, -3.997242], [103.262603, -3.995088], [103.262539, -3.994875], [103.261704, -3.992109], [103.26081, -3.990404], [103.260884, -3.990371], [103.264346, -3.988641], [103.267643, -3.987325], [103.270279, -3.987248], [103.272172, -3.987748], [103.272779, -3.987863], [103.274395, -3.988166], [103.2767, -3.988667], [103.278217, -3.988904]]]}}, {"type": "Feature", "properties": {"iddesa": "1604061010", "kecamatan": "Pajar Bulan", "kabupaten": "Lahat"}, "geometry": {"type": "Polygon", "coordinates": [[[103.369003, -3.968186], [103.36905, -3.968312], [103.369297, -3.969144], [103.369211, -3.970349], [103.368837, -3.971138], [103.368255, -3.972467], [103.366398, -3.977901], [103.365216, -3.981357], [103.365216, -3.981648], [103.358908, -3.996916], [103.358662, -3.996915], [103.357767, -3.997273], [103.357049, -3.99835], [103.357, -3.99852], [103.356688, -3.999607], [103.35663, -3.999955], [103.356552, -4.000045], [103.356133, -4.000346], [103.35575, -4.000665], [103.35523, -4.000856], [103.354938, -4.001121], [103.354592, -4.001376], [103.354164, -4.001613], [103.353626, -4.001895], [103.353444, -4.002105], [103.35341, -4.002143], [103.352028, -4.003372], [103.351302, -4.008403], [103.351474, -4.011459], [103.35082, -4.012004], [103.350583, -4.012019], [103.35021, -4.012274], [103.350045, -4.012566], [103.350011, -4.012647], [103.348965, -4.013431], [103.348413, -4.014121], [103.34753, -4.015225], [103.347168, -4.017202], [103.347342, -4.019538], [103.346652, -4.020917], [103.346633, -4.020933], [103.346341, -4.021125], [103.346131, -4.021371], [103.345912, -4.021736], [103.345875, -4.021873], [103.345839, -4.022001], [103.345811, -4.022184], [103.345811, -4.022312], [103.34581, -4.022449], [103.345832, -4.022549], [103.344108, -4.025822], [103.342845, -4.030852], [103.343374, -4.034807], [103.343547, -4.037683], [103.342472, -4.040188], [103.342378, -4.040314], [103.341386, -4.04037], [103.340978, -4.040311], [103.34022, -4.039841], [103.339462, -4.039429], [103.338646, -4.039017], [103.337887, -4.039426], [103.337186, -4.0396], [103.336426, -4.040243], [103.336016, -4.041063], [103.334907, -4.041529], [103.333271, -4.042287], [103.331869, -4.042929], [103.330876, -4.043513], [103.329534, -4.043803], [103.328366, -4.043977], [103.327374, -4.043857], [103.326266, -4.043738], [103.325741, -4.043561], [103.324691, -4.043559], [103.322882, -4.043555], [103.321891, -4.043319], [103.320024, -4.042729], [103.318216, -4.042725], [103.316466, -4.04237], [103.315765, -4.042544], [103.314714, -4.043128], [103.313139, -4.042773], [103.31168, -4.042887], [103.310163, -4.043001], [103.309929, -4.043059], [103.308646, -4.042529], [103.307654, -4.042527], [103.30672, -4.04276], [103.305728, -4.042758], [103.304558, -4.042699], [103.304251, -4.042549], [103.301736, -4.041927], [103.29879, -4.041859], [103.295445, -4.042284], [103.292959, -4.04234], [103.291485, -4.042892], [103.290809, -4.042983], [103.288597, -4.044057], [103.285561, -4.043465], [103.282861, -4.042812], [103.280076, -4.039354], [103.279346, -4.038884], [103.279272, -4.038836], [103.279293, -4.038628], [103.278653, -4.037767], [103.278585, -4.037698], [103.278036, -4.037513], [103.277814, -4.037539], [103.277707, -4.037481], [103.277344, -4.037213], [103.277199, -4.037067], [103.277152, -4.036775], [103.277273, -4.036532], [103.277443, -4.036387], [103.277806, -4.036314], [103.278048, -4.036145], [103.278097, -4.035926], [103.278315, -4.035805], [103.278391, -4.035859], [103.278404, -4.03575], [103.27919, -4.035527], [103.279139, -4.035394], [103.27902, -4.034689], [103.278996, -4.034178], [103.27907, -4.033959], [103.279288, -4.033644], [103.279602, -4.033718], [103.279941, -4.033718], [103.279974, -4.033718], [103.280199, -4.033418], [103.280438, -4.033179], [103.280306, -4.032941], [103.279968, -4.032479], [103.279751, -4.032211], [103.279679, -4.031919], [103.279679, -4.0317], [103.279825, -4.031555], [103.280043, -4.031531], [103.280357, -4.031532], [103.280648, -4.031314], [103.280771, -4.031208], [103.280749, -4.030982], [103.280746, -4.030974], [103.280602, -4.030949], [103.279649, -4.031266], [103.279559, -4.031336], [103.279515, -4.03131], [103.279292, -4.031384], [103.279098, -4.031675], [103.278734, -4.032209], [103.278396, -4.032111], [103.278299, -4.031965], [103.278252, -4.031309], [103.278471, -4.030823], [103.278379, -4.030813], [103.278617, -4.030629], [103.278568, -4.030604], [103.27869, -4.030483], [103.278835, -4.03024], [103.279054, -4.029998], [103.27903, -4.029706], [103.279007, -4.029366], [103.279297, -4.029269], [103.279516, -4.029002], [103.27954, -4.028662], [103.27959, -4.027982], [103.279664, -4.027496], [103.279761, -4.027301], [103.279931, -4.027326], [103.280359, -4.027503], [103.280848, -4.027259], [103.280899, -4.027182], [103.2809, -4.026915], [103.280779, -4.026647], [103.280417, -4.026233], [103.280224, -4.02582], [103.280394, -4.025504], [103.280878, -4.025651], [103.281386, -4.025847], [103.281532, -4.025938], [103.282668, -4.026035], [103.283105, -4.025437], [103.283638, -4.025049], [103.283808, -4.025098], [103.284098, -4.025318], [103.284678, -4.025538], [103.285114, -4.025393], [103.285236, -4.025126], [103.285405, -4.025029], [103.285552, -4.024861], [103.285565, -4.024769], [103.285534, -4.024557], [103.285123, -4.024039], [103.284899, -4.024055], [103.284609, -4.02403], [103.284536, -4.02386], [103.284585, -4.023739], [103.284786, -4.023525], [103.284566, -4.023026], [103.28432, -4.022936], [103.284103, -4.022936], [103.28357, -4.022837], [103.283449, -4.022788], [103.28345, -4.022643], [103.28345, -4.022521], [103.283934, -4.022328], [103.284153, -4.022207], [103.284162, -4.022108], [103.28416, -4.022104], [103.284163, -4.022103], [103.284202, -4.021696], [103.284251, -4.02138], [103.284663, -4.021017], [103.284929, -4.021309], [103.285316, -4.021601], [103.285534, -4.021432], [103.28597, -4.021238], [103.285849, -4.020922], [103.285584, -4.020703], [103.285608, -4.020435], [103.285513, -4.019828], [103.285658, -4.019706], [103.285617, -4.019694], [103.285707, -4.019658], [103.286094, -4.019707], [103.286844, -4.019928], [103.287013, -4.019928], [103.287619, -4.019783], [103.288055, -4.019541], [103.288442, -4.019761], [103.288877, -4.020053], [103.289071, -4.019908], [103.289144, -4.019471], [103.288903, -4.019154], [103.288492, -4.018643], [103.288489, -4.018637], [103.288102, -4.018283], [103.288492, -4.017737], [103.289625, -4.017644], [103.289826, -4.017455], [103.289948, -4.017066], [103.290287, -4.016921], [103.290578, -4.016703], [103.29069, -4.016618], [103.291015, -4.016099], [103.290895, -4.01561], [103.290581, -4.015099], [103.290243, -4.014806], [103.290086, -4.014793], [103.290086, -4.014645], [103.289716, -4.01385], [103.289716, -4.013727], [103.289717, -4.013383], [103.289718, -4.012729], [103.289254, -4.012261], [103.288696, -4.01226], [103.288545, -4.01226], [103.288504, -4.012114], [103.289049, -4.011568], [103.289214, -4.011363], [103.289905, -4.011414], [103.29045, -4.011259], [103.290607, -4.0104], [103.290609, -4.009697], [103.290921, -4.008917], [103.29271, -4.00892], [103.293644, -4.00861], [103.294267, -4.007908], [103.295358, -4.007052], [103.296241, -4.006463], [103.296526, -4.006273], [103.297693, -4.006119], [103.299249, -4.006044], [103.299951, -4.004953], [103.299876, -4.003547], [103.300732, -4.003236], [103.301975, -4.003629], [103.30252, -4.003318], [103.301744, -4.002535], [103.300502, -4.001595], [103.300737, -4.000581], [103.301439, -3.999879], [103.301051, -3.999332], [103.301753, -3.998318], [103.300977, -3.997535], [103.300513, -3.996441], [103.301758, -3.995741], [103.30207, -3.995273], [103.301295, -3.993943], [103.301377, -3.992069], [103.30176, -3.991577], [103.301923, -3.991367], [103.301381, -3.990273], [103.301071, -3.989569], [103.30216, -3.989337], [103.30246, -3.989067], [103.302939, -3.988636], [103.303485, -3.988247], [103.304651, -3.988093], [103.306052, -3.987549], [103.306908, -3.987551], [103.308074, -3.987553], [103.308932, -3.986696], [103.309787, -3.986463], [103.310181, -3.98475], [103.310617, -3.984488], [103.312357, -3.983744], [103.312731, -3.98283], [103.313188, -3.982208], [103.312942, -3.981168], [103.312695, -3.980378], [103.31336, -3.979215], [103.313404, -3.977844], [103.313406, -3.976804], [103.313781, -3.975517], [103.314485, -3.975227], [103.315519, -3.97577], [103.31585, -3.975562], [103.315149, -3.974439], [103.315852, -3.974523], [103.316516, -3.973943], [103.316969, -3.975066], [103.317506, -3.975441], [103.318167, -3.9759], [103.318996, -3.975735], [103.319699, -3.975778], [103.32065, -3.976029], [103.32152, -3.975616], [103.321723, -3.975621], [103.323424, -3.975661], [103.325081, -3.974833], [103.326946, -3.973673], [103.328558, -3.97484], [103.328971, -3.975548], [103.329881, -3.975882], [103.331165, -3.975261], [103.332737, -3.975722], [103.334019, -3.97614], [103.335262, -3.975436], [103.336259, -3.973775], [103.337544, -3.972448], [103.338622, -3.971494], [103.339612, -3.971586], [103.339988, -3.971621], [103.342389, -3.971543], [103.342471, -3.972], [103.34247, -3.972026], [103.342926, -3.972001], [103.343505, -3.972044], [103.344333, -3.971879], [103.34479, -3.971381], [103.345659, -3.9713], [103.346197, -3.971384], [103.346943, -3.970762], [103.346944, -3.97018], [103.346945, -3.969598], [103.347236, -3.969266], [103.347981, -3.969226], [103.348642, -3.969602], [103.349345, -3.97006], [103.350214, -3.970021], [103.351457, -3.969524], [103.352327, -3.96911], [103.35274, -3.969485], [103.352655, -3.970732], [103.354268, -3.971484], [103.356256, -3.970531], [103.358244, -3.969912], [103.359445, -3.969623], [103.360811, -3.969709], [103.362342, -3.96992], [103.362703, -3.969966], [103.363997, -3.970131], [103.365487, -3.970093], [103.366439, -3.970011], [103.36735, -3.969764], [103.36818, -3.968851], [103.368889, -3.967931], [103.368926, -3.967979], [103.369003, -3.968186]]]}}, {"type": "Feature", "properties": {"iddesa": "1604061011", "kecamatan": "Pajar Bulan", "kabupaten": "Lahat"}, "geometry": {"type": "Polygon", "coordinates": [[[103.339612, -3.971586], [103.338622, -3.971494], [103.337544, -3.972448], [103.336259, -3.973775], [103.335262, -3.975436], [103.334019, -3.97614], [103.332737, -3.975722], [103.331165, -3.975261], [103.329881, -3.975882], [103.328971, -3.975548], [103.328558, -3.97484], [103.326946, -3.973673], [103.325081, -3.974833], [103.323424, -3.975661], [103.321723, -3.975621], [103.32152, -3.975616], [103.32065, -3.976029], [103.319699, -3.975778], [103.318996, -3.975735], [103.318167, -3.9759], [103.317506, -3.975441], [103.316969, -3.975066], [103.316516, -3.973943], [103.315852, -3.974523], [103.315149, -3.974439], [103.31585, -3.975562], [103.315519, -3.97577], [103.314485, -3.975227], [103.313781, -3.975517], [103.313406, -3.976804], [103.313404, -3.977844], [103.31336, -3.979215], [103.312695, -3.980378], [103.312942, -3.981168], [103.313188, -3.982208], [103.312731, -3.98283], [103.312357, -3.983744], [103.310617, -3.984488], [103.310181, -3.98475], [103.309787, -3.986463], [103.308932, -3.986696], [103.308074, -3.987553], [103.306908, -3.987551], [103.306052, -3.987549], [103.304651, -3.988093], [103.303485, -3.988247], [103.302939, -3.988636], [103.30246, -3.989067], [103.30216, -3.989337], [103.301071, -3.989569], [103.301381, -3.990273], [103.301923, -3.991367], [103.30176, -3.991577], [103.301377, -3.992069], [103.301295, -3.993943], [103.30207, -3.995273], [103.301758, -3.995741], [103.300513, -3.996441], [103.300977, -3.997535], [103.301753, -3.998318], [103.301051, -3.999332], [103.301439, -3.999879], [103.300737, -4.000581], [103.300502, -4.001595], [103.301744, -4.002535], [103.30252, -4.003318], [103.301975, -4.003629], [103.300732, -4.003236], [103.299876, -4.003547], [103.299951, -4.004953], [103.299249, -4.006044], [103.297693, -4.006119], [103.296526, -4.006273], [103.296241, -4.006463], [103.295523, -4.005992], [103.294539, -4.004088], [103.294308, -4.003979], [103.295613, -4.002105], [103.295699, -4.000782], [103.2957, -3.999872], [103.295666, -3.999151], [103.295622, -3.998218], [103.294883, -3.996728], [103.294309, -3.995817], [103.292993, -3.99507], [103.290743, -3.994288], [103.290359, -3.994154], [103.288387, -3.992165], [103.286743, -3.990425], [103.285345, -3.989347], [103.284881, -3.988671], [103.283293, -3.986365], [103.281155, -3.984541], [103.280219, -3.983786], [103.280748, -3.982555], [103.281741, -3.980076], [103.282321, -3.978175], [103.282326, -3.97619], [103.28222, -3.97533], [103.284651, -3.97547], [103.288142, -3.975392], [103.291123, -3.974799], [103.293423, -3.973949], [103.29632, -3.972844], [103.29794, -3.971479], [103.302969, -3.968326], [103.304929, -3.967475], [103.308252, -3.96637], [103.310551, -3.966033], [103.310471, -3.963553], [103.315678, -3.961713], [103.3157, -3.961713], [103.320097, -3.963103], [103.324768, -3.964769], [103.327792, -3.964776], [103.32999, -3.965885], [103.332464, -3.96589], [103.33439, -3.965341], [103.336311, -3.967278], [103.337406, -3.969766], [103.339612, -3.971586]]]}}, {"type": "Feature", "properties": {"iddesa": "1604061013", "kecamatan": "Pajar Bulan", "kabupaten": "Lahat"}, "geometry": {"type": "Polygon", "coordinates": [[[103.294308, -4.003979], [103.294539, -4.004088], [103.295523, -4.005992], [103.296241, -4.006463], [103.295358, -4.007052], [103.294267, -4.007908], [103.293644, -4.00861], [103.29271, -4.00892], [103.290921, -4.008917], [103.290609, -4.009697], [103.290607, -4.0104], [103.29045, -4.011259], [103.289905, -4.011414], [103.289214, -4.011363], [103.289673, -4.010788], [103.289441, -4.010398], [103.288819, -4.009928], [103.28847, -4.009962], [103.288422, -4.009784], [103.28833, -4.00927], [103.287726, -4.008988], [103.2874, -4.008988], [103.287136, -4.009385], [103.286722, -4.008908], [103.286195, -4.008583], [103.286192, -4.008565], [103.286519, -4.007958], [103.286659, -4.007491], [103.286428, -4.00693], [103.285963, -4.006696], [103.285358, -4.006975], [103.284799, -4.007394], [103.284055, -4.007206], [103.283498, -4.006878], [103.283219, -4.006457], [103.283128, -4.005943], [103.282803, -4.005568], [103.282105, -4.005567], [103.281314, -4.005705], [103.280989, -4.005611], [103.280431, -4.005376], [103.279873, -4.005329], [103.279593, -4.005608], [103.279036, -4.005467], [103.278478, -4.005186], [103.277873, -4.005184], [103.277677, -4.005156], [103.277493, -4.005093], [103.27713, -4.004809], [103.276994, -4.004925], [103.276804, -4.005089], [103.276762, -4.005021], [103.275919, -4.005605], [103.275579, -4.005666], [103.275594, -4.005537], [103.275641, -4.005404], [103.276074, -4.004205], [103.276339, -4.003471], [103.277054, -4.002606], [103.277908, -4.001572], [103.279891, -3.998516], [103.280068, -3.998187], [103.280643, -3.997112], [103.281131, -3.996203], [103.281242, -3.99464], [103.281299, -3.994632], [103.284179, -3.995878], [103.285411, -3.99737], [103.286396, -3.998943], [103.287547, -4.000409], [103.287957, -4.000931], [103.28906, -4.001994], [103.289765, -4.002672], [103.291498, -4.003357], [103.291658, -4.00342], [103.293305, -4.003507], [103.294308, -4.003979]]]}}, {"type": "Feature", "properties": {"iddesa": "1604062003", "kecamatan": "Muara Payang", "kabupaten": "Lahat"}, "geometry": {"type": "Polygon", "coordinates": [[[103.147064, -3.873187], [103.147063, -3.87388], [103.146597, -3.87665], [103.146361, -3.879652], [103.14842, -3.884045], [103.150252, -3.887744], [103.153224, -3.895371], [103.152989, -3.897911], [103.152524, -3.899988], [103.14988, -3.902467], [103.149264, -3.903045], [103.148838, -3.903444], [103.148331, -3.905336], [103.14791, -3.906906], [103.147848, -3.907463], [103.147441, -3.911062], [103.146975, -3.914063], [103.146491, -3.915191], [103.146282, -3.915678], [103.144668, -3.917522], [103.143055, -3.919135], [103.141076, -3.920664], [103.140974, -3.920743], [103.137988, -3.92305], [103.136372, -3.925587], [103.134988, -3.927662], [103.131768, -3.928348], [103.129464, -3.93019], [103.125785, -3.930413], [103.124109, -3.924917], [103.124449, -3.925194], [103.12681, -3.928172], [103.129434, -3.926155], [103.131451, -3.924945], [103.133469, -3.923331], [103.13428, -3.921107], [103.134714, -3.920629], [103.1363, -3.918885], [103.138521, -3.916867], [103.139052, -3.913516], [103.139278, -3.913056], [103.140439, -3.91069], [103.143553, -3.907396], [103.144297, -3.905754], [103.14494, -3.904334], [103.144975, -3.904172], [103.145289, -3.902685], [103.145819, -3.902109], [103.147019, -3.900802], [103.147329, -3.90008], [103.149448, -3.895149], [103.147382, -3.892551], [103.145664, -3.889011], [103.145673, -3.885239], [103.144656, -3.876514], [103.144314, -3.875098], [103.14363, -3.872268], [103.141911, -3.868963], [103.139208, -3.861602], [103.139118, -3.861356], [103.138845, -3.860614], [103.138653, -3.85914], [103.138449, -3.857578], [103.13845, -3.857297], [103.138453, -3.85563], [103.138454, -3.855352], [103.138457, -3.854027], [103.141502, -3.853216], [103.142122, -3.853051], [103.141466, -3.854815], [103.141395, -3.85501], [103.14134, -3.855175], [103.141118, -3.858625], [103.143635, -3.864404], [103.144547, -3.867639], [103.147068, -3.87134], [103.147064, -3.873187]]]}}, {"type": "Feature", "properties": {"iddesa": "1604122004", "kecamatan": "Pseksu", "kabupaten": "Lahat"}, "geometry": {"type": "Polygon", "coordinates": [[[103.28521, -3.765468], [103.285388, -3.766122], [103.287839, -3.769493], [103.289226, -3.769774], [103.289486, -3.769827], [103.28951, -3.770711], [103.290973, -3.771676], [103.291692, -3.77215], [103.294207, -3.775616], [103.294116, -3.778992], [103.293567, -3.780215], [103.293567, -3.780215], [103.292259, -3.783125], [103.287342, -3.777036], [103.287169, -3.776822], [103.285637, -3.774924], [103.284147, -3.774005], [103.283962, -3.773891], [103.283962, -3.773891], [103.283098, -3.773359], [103.282615, -3.773061], [103.279087, -3.772973], [103.278918, -3.772969], [103.275487, -3.77785], [103.275126, -3.778364], [103.269987, -3.777746], [103.270035, -3.777692], [103.272612, -3.774729], [103.272451, -3.771015], [103.275343, -3.765449], [103.276142, -3.765451], [103.280025, -3.765459], [103.281106, -3.765461], [103.281824, -3.765462], [103.282605, -3.765464], [103.283901, -3.765466], [103.28521, -3.765468]]]}}, {"type": "Feature", "properties": {"iddesa": "1604121011", "kecamatan": "Gumay Talang", "kabupaten": "Lahat"}, "geometry": {"type": "Polygon", "coordinates": [[[103.498048, -3.751343], [103.497749, -3.751399], [103.496844, -3.751713], [103.496707, -3.751761], [103.496705, -3.752762], [103.497519, -3.753491], [103.497926, -3.754083], [103.497925, -3.754401], [103.497426, -3.755037], [103.497108, -3.755446], [103.496699, -3.756446], [103.496426, -3.757446], [103.496243, -3.758401], [103.49597, -3.75881], [103.495878, -3.759674], [103.496194, -3.760311], [103.49651, -3.760994], [103.496509, -3.761631], [103.496508, -3.762086], [103.495951, -3.762776], [103.496016, -3.763174], [103.463295, -3.76648], [103.460844, -3.766727], [103.459577, -3.766855], [103.459482, -3.767281], [103.459401, -3.767245], [103.459265, -3.767183], [103.458853, -3.766996], [103.457549, -3.766837], [103.457549, -3.766837], [103.457845, -3.765766], [103.458354, -3.764799], [103.459283, -3.764248], [103.459343, -3.76421], [103.459373, -3.76419], [103.459347, -3.764207], [103.459888, -3.765107], [103.459894, -3.765118], [103.460841, -3.764956], [103.46102, -3.764925], [103.462135, -3.764686], [103.463109, -3.764478], [103.467969, -3.763436], [103.46559, -3.759052], [103.464942, -3.75786], [103.468646, -3.751225], [103.492996, -3.70759], [103.493017, -3.70762], [103.494479, -3.7102], [103.495934, -3.716461], [103.491869, -3.736333], [103.493925, -3.744877], [103.498048, -3.751343]]]}}, {"type": "Feature", "properties": {"iddesa": "1604063007", "kecamatan": "Sukamerindu", "kabupaten": "Lahat"}, "geometry": {"type": "Polygon", "coordinates": [[[103.230379, -3.955757], [103.229021, -3.956786], [103.229021, -3.957004], [103.229019, -3.957721], [103.229017, -3.958744], [103.229116, -3.959869], [103.229216, -3.96079], [103.230476, -3.961155], [103.230376, -3.961476], [103.228646, -3.961106], [103.22783, -3.959346], [103.226998, -3.95755], [103.226943, -3.956748], [103.226945, -3.955773], [103.226947, -3.954685], [103.226722, -3.953366], [103.226153, -3.952677], [103.225341, -3.952244], [103.225732, -3.951351], [103.225925, -3.950912], [103.226937, -3.94944], [103.227397, -3.948765], [103.227553, -3.947567], [103.228319, -3.946862], [103.22937, -3.946011], [103.229606, -3.945821], [103.230772, -3.944164], [103.231022, -3.943848], [103.231477, -3.943275], [103.231968, -3.942569], [103.232428, -3.94211], [103.232949, -3.941588], [103.233576, -3.941304], [103.233622, -3.941283], [103.234418, -3.941008], [103.235092, -3.940641], [103.235766, -3.940243], [103.236462, -3.939953], [103.236836, -3.940491], [103.237477, -3.94126], [103.237781, -3.942121], [103.237563, -3.943779], [103.237379, -3.944055], [103.236796, -3.944853], [103.236643, -3.945037], [103.236236, -3.945362], [103.236183, -3.945405], [103.235326, -3.94571], [103.234989, -3.945832], [103.234369, -3.946245], [103.234346, -3.946261], [103.233702, -3.94712], [103.232476, -3.948038], [103.232314, -3.948167], [103.231588, -3.948743], [103.231188, -3.949756], [103.230604, -3.951014], [103.230421, -3.952207], [103.230263, -3.953225], [103.230322, -3.954454], [103.230412, -3.955222], [103.230379, -3.955757]]]}}, {"type": "Feature", "properties": {"iddesa": "1604122003", "kecamatan": "Pseksu", "kabupaten": "Lahat"}, "geometry": {"type": "Polygon", "coordinates": [[[103.283954, -3.76086], [103.284824, -3.76405], [103.285101, -3.765065], [103.28521, -3.765468], [103.283901, -3.765466], [103.282605, -3.765464], [103.281824, -3.765462], [103.281106, -3.765461], [103.280025, -3.765459], [103.276142, -3.765451], [103.275343, -3.765449], [103.272451, -3.771015], [103.272612, -3.774729], [103.270035, -3.777692], [103.269099, -3.777938], [103.258452, -3.780738], [103.25522, -3.786218], [103.25522, -3.786218], [103.255237, -3.777777], [103.263946, -3.766334], [103.264645, -3.765416], [103.268739, -3.765234], [103.269197, -3.765214], [103.270032, -3.766372], [103.270056, -3.766371], [103.271195, -3.763668], [103.278194, -3.760849], [103.279583, -3.76029], [103.279988, -3.760127], [103.280655, -3.759758], [103.28094, -3.760045], [103.281342, -3.760122], [103.281365, -3.760131], [103.281769, -3.760299], [103.282195, -3.760679], [103.282516, -3.760793], [103.282622, -3.760831], [103.283284, -3.760728], [103.283577, -3.760682], [103.283882, -3.760595], [103.283954, -3.76086]]]}}, {"type": "Feature", "properties": {"iddesa": "1604113011", "kecamatan": "Kikim Selatan", "kabupaten": "Lahat"}, "geometry": {"type": "Polygon", "coordinates": [[[103.28505, -3.723496], [103.280636, -3.727913], [103.277085, -3.731466], [103.274873, -3.73368], [103.27271, -3.738436], [103.2716, -3.738659], [103.269347, -3.738706], [103.268733, -3.738628], [103.268144, -3.738524], [103.267607, -3.738651], [103.267094, -3.738882], [103.266377, -3.739009], [103.265661, -3.738879], [103.264842, -3.738929], [103.264371, -3.738898], [103.264023, -3.738876], [103.263434, -3.73872], [103.263076, -3.73872], [103.262462, -3.738641], [103.262389, -3.738619], [103.262129, -3.738538], [103.261489, -3.738459], [103.260389, -3.738431], [103.260329, -3.738427], [103.259672, -3.738379], [103.258622, -3.738454], [103.257906, -3.738478], [103.2566, -3.738372], [103.254911, -3.738369], [103.25271, -3.738313], [103.250275, -3.737897], [103.249818, -3.737819], [103.24731, -3.737737], [103.246618, -3.738018], [103.24585, -3.738325], [103.244979, -3.738426], [103.244698, -3.7384], [103.244649, -3.738103], [103.244142, -3.738212], [103.243748, -3.738212], [103.242812, -3.73821], [103.24158, -3.738207], [103.241186, -3.738108], [103.240743, -3.73781], [103.239563, -3.736768], [103.238986, -3.737108], [103.238507, -3.736742], [103.237944, -3.736612], [103.237278, -3.736739], [103.235742, -3.736865], [103.234385, -3.737145], [103.232977, -3.737245], [103.231134, -3.737344], [103.229317, -3.737212], [103.2275, -3.737003], [103.225886, -3.737539], [103.224182, -3.73721], [103.22004, -3.736408], [103.220104, -3.736135], [103.219415, -3.735836], [103.218824, -3.735934], [103.21838, -3.735983], [103.217838, -3.735982], [103.217494, -3.735783], [103.2171, -3.735535], [103.217003, -3.734941], [103.217054, -3.73405], [103.217057, -3.732565], [103.217059, -3.731674], [103.217061, -3.730487], [103.217063, -3.729447], [103.217067, -3.727616], [103.217069, -3.726775], [103.217169, -3.725983], [103.217169, -3.725629], [103.219458, -3.725577], [103.219671, -3.725578], [103.219768, -3.72521], [103.221868, -3.724597], [103.223786, -3.72509], [103.227165, -3.725045], [103.232192, -3.724186], [103.232209, -3.724207], [103.232516, -3.724644], [103.232822, -3.724902], [103.233618, -3.72403], [103.235334, -3.723442], [103.235667, -3.723288], [103.236997, -3.723856], [103.243165, -3.724023], [103.244829, -3.723975], [103.247542, -3.723955], [103.25079, -3.723908], [103.252303, -3.723887], [103.253825, -3.723587], [103.254525, -3.723449], [103.254607, -3.723712], [103.254658, -3.723712], [103.255273, -3.723559], [103.256374, -3.723149], [103.25768, -3.723101], [103.259472, -3.722898], [103.260701, -3.722901], [103.26109, -3.722902], [103.2612, -3.722902], [103.262083, -3.722904], [103.263337, -3.722932], [103.264258, -3.723242], [103.2661, -3.723606], [103.269223, -3.723766], [103.28505, -3.723496]]]}}, {"type": "Feature", "properties": {"iddesa": "1604052007", "kecamatan": "Gumay Ulu", "kabupaten": "Lahat"}, "geometry": {"type": "Polygon", "coordinates": [[[103.446129, -3.888352], [103.448192, -3.9215], [103.448197, -3.921572], [103.448328, -3.923683], [103.448843, -3.925149], [103.449406, -3.926754], [103.454556, -3.941422], [103.454574, -3.941479], [103.453597, -3.941074], [103.453342, -3.93958], [103.452595, -3.938792], [103.452413, -3.938761], [103.451191, -3.938554], [103.449939, -3.938775], [103.448627, -3.939431], [103.446695, -3.939721], [103.446016, -3.940237], [103.444874, -3.939977], [103.444866, -3.939965], [103.442298, -3.932071], [103.442166, -3.931664], [103.440193, -3.926426], [103.440171, -3.926366], [103.437099, -3.918207], [103.437631, -3.915822], [103.437105, -3.915215], [103.430594, -3.907475], [103.430196, -3.898649], [103.427657, -3.891352], [103.42981, -3.891356], [103.430688, -3.890829], [103.432797, -3.888368], [103.433157, -3.882909], [103.433335, -3.881853], [103.434563, -3.881327], [103.437716, -3.882918], [103.440693, -3.884861], [103.442265, -3.887857], [103.443492, -3.888035], [103.446129, -3.888352]]]}}, {"type": "Feature", "properties": {"iddesa": "1604042003", "kecamatan": "Tanjung Tebat", "kabupaten": "Lahat"}, "geometry": {"type": "Polygon", "coordinates": [[[103.430929, -3.985783], [103.431347, -3.98613], [103.432696, -3.987249], [103.433784, -3.988152], [103.436537, -3.990437], [103.435939, -3.990693], [103.435293, -3.99115], [103.433942, -3.996026], [103.433519, -4.003897], [103.432843, -4.008018], [103.432518, -4.009997], [103.432435, -4.010504], [103.435086, -4.010929], [103.440065, -4.011729], [103.439966, -4.011816], [103.438243, -4.015034], [103.433837, -4.016374], [103.433137, -4.016736], [103.431701, -4.017478], [103.430848, -4.018704], [103.430846, -4.018707], [103.430521, -4.019175], [103.428327, -4.022815], [103.424506, -4.021895], [103.420816, -4.021008], [103.419677, -4.020733], [103.408047, -4.017869], [103.407726, -4.017426], [103.407394, -4.016965], [103.407673, -4.016539], [103.408038, -4.016055], [103.408413, -4.015224], [103.408851, -4.014484], [103.409088, -4.014238], [103.409271, -4.013936], [103.409508, -4.013544], [103.409755, -4.013114], [103.409874, -4.012685], [103.409897, -4.01237], [103.40982, -4.012319], [103.409575, -4.012017], [103.409466, -4.011669], [103.409485, -4.011295], [103.409608, -4.011151], [103.409762, -4.011042], [103.410001, -4.010842], [103.410124, -4.010775], [103.410634, -4.010456], [103.411017, -4.010155], [103.411272, -4.009982], [103.411555, -4.009644], [103.411667, -4.009537], [103.411738, -4.009352], [103.411784, -4.009105], [103.411784, -4.008812], [103.411676, -4.008501], [103.411612, -4.008327], [103.411467, -4.008208], [103.411303, -4.008217], [103.410848, -4.008362], [103.410785, -4.008362], [103.410593, -4.007975], [103.410515, -4.007802], [103.410549, -4.007548], [103.410713, -4.007128], [103.410878, -4.00668], [103.41107, -4.006333], [103.411298, -4.006032], [103.4118, -4.005585], [103.412265, -4.005083], [103.412279, -4.00503], [103.412338, -4.00501], [103.412612, -4.0047], [103.41284, -4.00438], [103.412968, -4.003933], [103.413169, -4.003549], [103.413061, -4.002799], [103.413062, -4.002315], [103.413109, -4.001876], [103.413247, -4.001117], [103.413293, -4.00055], [103.413259, -4.000162], [103.413012, -3.999828], [103.412841, -3.999288], [103.412696, -3.998895], [103.412687, -3.998819], [103.420825, -4.001388], [103.420847, -4.001411], [103.420886, -4.001346], [103.420899, -4.001337], [103.420897, -4.001328], [103.42222, -3.999123], [103.422908, -3.997482], [103.423595, -3.995994], [103.4239, -3.995384], [103.424663, -3.994011], [103.42592, -3.992906], [103.426334, -3.992599], [103.4271, -3.99203], [103.427938, -3.991421], [103.428701, -3.990048], [103.428703, -3.989017], [103.428287, -3.987756], [103.428251, -3.986725], [103.428367, -3.985809], [103.428521, -3.985007], [103.429056, -3.984229], [103.430929, -3.985783]]]}}, {"type": "Feature", "properties": {"iddesa": "1604121007", "kecamatan": "Gumay Talang", "kabupaten": "Lahat"}, "geometry": {"type": "Polygon", "coordinates": [[[103.457375, -3.760777], [103.457628, -3.760974], [103.457936, -3.761118], [103.457947, -3.761131], [103.457947, -3.761131], [103.457848, -3.761333], [103.457482, -3.762078], [103.457464, -3.762116], [103.457144, -3.762767], [103.456605, -3.763864], [103.455176, -3.766775], [103.455165, -3.766799], [103.456658, -3.766887], [103.408124, -3.887992], [103.407901, -3.887793], [103.407321, -3.887353], [103.450842, -3.770226], [103.451828, -3.768332], [103.452713, -3.767879], [103.452829, -3.767896], [103.453529, -3.766731], [103.453536, -3.76672], [103.453536, -3.766719], [103.456378, -3.761987], [103.456533, -3.76173], [103.45706, -3.760852], [103.457177, -3.760657], [103.457375, -3.760777]]]}}, {"type": "Feature", "properties": {"iddesa": "1604042002", "kecamatan": "Tanjung Tebat", "kabupaten": "Lahat"}, "geometry": {"type": "Polygon", "coordinates": [[[103.429056, -3.984229], [103.428521, -3.985007], [103.428367, -3.985809], [103.428251, -3.986725], [103.428287, -3.987756], [103.428703, -3.989017], [103.428701, -3.990048], [103.427938, -3.991421], [103.4271, -3.99203], [103.426334, -3.992599], [103.42592, -3.992906], [103.424663, -3.994011], [103.4239, -3.995384], [103.423595, -3.995994], [103.422908, -3.997482], [103.42222, -3.999123], [103.420897, -4.001328], [103.419522, -3.994478], [103.41921, -3.992922], [103.418999, -3.99187], [103.4187, -3.990381], [103.417111, -3.98246], [103.417014, -3.982782], [103.417, -3.982118], [103.417783, -3.982082], [103.418848, -3.981841], [103.418959, -3.981647], [103.419948, -3.979529], [103.420943, -3.978534], [103.421467, -3.977981], [103.421502, -3.97798], [103.421514, -3.977972], [103.421524, -3.977979], [103.422251, -3.978583], [103.428563, -3.98382], [103.428661, -3.983902], [103.429056, -3.984229]]]}}, {"type": "Feature", "properties": {"iddesa": "1604040037", "kecamatan": "Kota Agung", "kabupaten": "Lahat"}, "geometry": {"type": "Polygon", "coordinates": [[[103.465418, -4.019216], [103.465458, -4.019223], [103.470471, -4.020072], [103.470903, -4.025], [103.471265, -4.027673], [103.470628, -4.030754], [103.469875, -4.034398], [103.467604, -4.037004], [103.466105, -4.038722], [103.461039, -4.04263], [103.459674, -4.043683], [103.456719, -4.045962], [103.456511, -4.046123], [103.455726, -4.044665], [103.451703, -4.037192], [103.451725, -4.037017], [103.451793, -4.036483], [103.452349, -4.033536], [103.45749, -4.032439], [103.457483, -4.032418], [103.45603, -4.027921], [103.457417, -4.022302], [103.457457, -4.022287], [103.465373, -4.019209], [103.465418, -4.019216]]]}}, {"type": "Feature", "properties": {"iddesa": "1604113007", "kecamatan": "Kikim Selatan", "kabupaten": "Lahat"}, "geometry": {"type": "Polygon", "coordinates": [[[103.27273, -3.74427], [103.273076, -3.747456], [103.276609, -3.751019], [103.278773, -3.752474], [103.277805, -3.752513], [103.276776, -3.752511], [103.275687, -3.752509], [103.274839, -3.752446], [103.273931, -3.752444], [103.273144, -3.752565], [103.272114, -3.752927], [103.271266, -3.753047], [103.270479, -3.75335], [103.269921, -3.754171], [103.26967, -3.754142], [103.268841, -3.754065], [103.268238, -3.754417], [103.267961, -3.754669], [103.267533, -3.755198], [103.26738, -3.755319], [103.267267, -3.755168], [103.267025, -3.754863], [103.266783, -3.75468], [103.265756, -3.75407], [103.264848, -3.753582], [103.264063, -3.752729], [103.263278, -3.752058], [103.262793, -3.751936], [103.26225, -3.751023], [103.26213, -3.750657], [103.261465, -3.750352], [103.26092, -3.750169], [103.260497, -3.750107], [103.259952, -3.749984], [103.259165, -3.749922], [103.25856, -3.74986], [103.257713, -3.749858], [103.257592, -3.749736], [103.257047, -3.749735], [103.25626, -3.74949], [103.255837, -3.749307], [103.255595, -3.749063], [103.255442, -3.748805], [103.255414, -3.748759], [103.255233, -3.748454], [103.255052, -3.748089], [103.254811, -3.747906], [103.254688, -3.747881], [103.254508, -3.747845], [103.253903, -3.747722], [103.253721, -3.748026], [103.253478, -3.748268], [103.253372, -3.748215], [103.253356, -3.748207], [103.253115, -3.748085], [103.252511, -3.74778], [103.252472, -3.747764], [103.251906, -3.747536], [103.251726, -3.747535], [103.251693, -3.747535], [103.251421, -3.747535], [103.250937, -3.747534], [103.249484, -3.747592], [103.248455, -3.747711], [103.247062, -3.747769], [103.246457, -3.747829], [103.245427, -3.748131], [103.24355, -3.748492], [103.242944, -3.748612], [103.231567, -3.74713], [103.229933, -3.746701], [103.227512, -3.746331], [103.226121, -3.746085], [103.225515, -3.745962], [103.224184, -3.745959], [103.223864, -3.745919], [103.224029, -3.74416], [103.224034, -3.741806], [103.224379, -3.741884], [103.226004, -3.742185], [103.228122, -3.742436], [103.231471, -3.742938], [103.234229, -3.743241], [103.237628, -3.743792], [103.240337, -3.743847], [103.243244, -3.743704], [103.245237, -3.743745], [103.24522, -3.744503], [103.245723, -3.744353], [103.245974, -3.744227], [103.246451, -3.744228], [103.246752, -3.744506], [103.247279, -3.744457], [103.254284, -3.744576], [103.255666, -3.7446], [103.255891, -3.744777], [103.256167, -3.744828], [103.256393, -3.744828], [103.256544, -3.744778], [103.25677, -3.744728], [103.256997, -3.744602], [103.257223, -3.744578], [103.257423, -3.744578], [103.257624, -3.744629], [103.257666, -3.744671], [103.25775, -3.744755], [103.2579, -3.744857], [103.258025, -3.744958], [103.258101, -3.744958], [103.258251, -3.744933], [103.258502, -3.744984], [103.258698, -3.745132], [103.258803, -3.745111], [103.258827, -3.745109], [103.25908, -3.745086], [103.259481, -3.745087], [103.27273, -3.74427]]]}}, {"type": "Feature", "properties": {"iddesa": "1604121012", "kecamatan": "Gumay Talang", "kabupaten": "Lahat"}, "geometry": {"type": "Polygon", "coordinates": [[[103.459265, -3.767183], [103.458721, -3.769269], [103.458597, -3.769744], [103.458879, -3.769981], [103.459397, -3.770468], [103.461952, -3.772866], [103.464874, -3.774705], [103.502202, -3.86708], [103.500098, -3.87471], [103.498743, -3.877108], [103.498695, -3.877193], [103.497962, -3.878143], [103.495784, -3.880969], [103.493306, -3.882909], [103.493314, -3.882974], [103.493309, -3.882973], [103.492767, -3.883299], [103.490931, -3.884216], [103.489441, -3.884712], [103.487946, -3.887549], [103.485993, -3.889886], [103.483698, -3.89111], [103.479827, -3.892602], [103.479252, -3.892151], [103.476972, -3.892323], [103.475744, -3.892849], [103.472236, -3.893547], [103.468902, -3.895302], [103.46714, -3.900054], [103.462077, -3.901738], [103.461877, -3.901805], [103.460825, -3.901803], [103.457671, -3.900741], [103.456089, -3.900267], [103.452939, -3.899323], [103.45154, -3.897383], [103.449269, -3.892977], [103.447521, -3.890156], [103.446821, -3.889098], [103.446472, -3.888393], [103.446129, -3.888352], [103.443492, -3.888035], [103.442265, -3.887857], [103.440693, -3.884861], [103.437716, -3.882918], [103.434563, -3.881327], [103.433335, -3.881853], [103.433157, -3.882909], [103.432797, -3.888368], [103.430688, -3.890829], [103.42981, -3.891356], [103.427657, -3.891352], [103.427005, -3.891351], [103.425953, -3.891349], [103.42192, -3.891517], [103.421043, -3.89222], [103.41806, -3.893095], [103.417871, -3.893094], [103.415956, -3.893091], [103.414204, -3.892911], [103.412277, -3.892027], [103.411052, -3.890616], [103.409261, -3.889012], [103.456568, -3.769319], [103.457546, -3.766843], [103.457547, -3.766841], [103.457549, -3.766837], [103.457549, -3.766837], [103.458853, -3.766996], [103.459265, -3.767183]]]}}, {"type": "Feature", "properties": {"iddesa": "1604011003", "kecamatan": "Tanjung Sakti Pumi", "kabupaten": "Lahat"}, "geometry": {"type": "Polygon", "coordinates": [[[103.181077, -4.156679], [103.180828, -4.157369], [103.180431, -4.156703], [103.177511, -4.158027], [103.174992, -4.158155], [103.173796, -4.159084], [103.172868, -4.159082], [103.168361, -4.158539], [103.164909, -4.160794], [103.160265, -4.161848], [103.157613, -4.162241], [103.151382, -4.16196], [103.14767, -4.161552], [103.144224, -4.161011], [103.141574, -4.160073], [103.132551, -4.162981], [103.130293, -4.164706], [103.125251, -4.166291], [103.119546, -4.167875], [103.113577, -4.168793], [103.110794, -4.168387], [103.108673, -4.168115], [103.104166, -4.167971], [103.102309, -4.167967], [103.100453, -4.167962], [103.099922, -4.168361], [103.099257, -4.169291], [103.098327, -4.170087], [103.097263, -4.17115], [103.095408, -4.170879], [103.095141, -4.171411], [103.09293, -4.169762], [103.080746, -4.171457], [103.080442, -4.171499], [103.075215, -4.172227], [103.073743, -4.169407], [103.072895, -4.167783], [103.072285, -4.166615], [103.072158, -4.166372], [103.074809, -4.16522], [103.075348, -4.164753], [103.075923, -4.164358], [103.076504, -4.164455], [103.077044, -4.16424], [103.077781, -4.164136], [103.077799, -4.164133], [103.07834, -4.163593], [103.078879, -4.163594], [103.079528, -4.163054], [103.081255, -4.162734], [103.082011, -4.162627], [103.082551, -4.162303], [103.083954, -4.161874], [103.085358, -4.161444], [103.086005, -4.161445], [103.086976, -4.161339], [103.089243, -4.160911], [103.090539, -4.16059], [103.091941, -4.160593], [103.093776, -4.160381], [103.09572, -4.159519], [103.096799, -4.159522], [103.097447, -4.159198], [103.102735, -4.158669], [103.163885, -4.14455], [103.178542, -4.142445], [103.179164, -4.143844], [103.179825, -4.14518], [103.180872, -4.147572], [103.181098, -4.148752], [103.18153, -4.150075], [103.18192, -4.151805], [103.182243, -4.153245], [103.181853, -4.154301], [103.181461, -4.156134], [103.181077, -4.156679]]]}}, {"type": "Feature", "properties": {"iddesa": "1604040020", "kecamatan": "Kota Agung", "kabupaten": "Lahat"}, "geometry": {"type": "Polygon", "coordinates": [[[103.458623, -4.049742], [103.461665, -4.050072], [103.46667, -4.050616], [103.467931, -4.050752], [103.468881, -4.050856], [103.468869, -4.052052], [103.468816, -4.057396], [103.468769, -4.06209], [103.468761, -4.062873], [103.473258, -4.067462], [103.48005, -4.074393], [103.511333, -4.106315], [103.512401, -4.107405], [103.512394, -4.107411], [103.51113, -4.108561], [103.51057, -4.10907], [103.508375, -4.109877], [103.506173, -4.11451], [103.505364, -4.115204], [103.50545, -4.115994], [103.505704, -4.118335], [103.499461, -4.123308], [103.499224, -4.126553], [103.496101, -4.129213], [103.496056, -4.129267], [103.49546, -4.128606], [103.478944, -4.110295], [103.478805, -4.110141], [103.481706, -4.109942], [103.484869, -4.103622], [103.48611, -4.101141], [103.458803, -4.067302], [103.457948, -4.066285], [103.457957, -4.066066], [103.458168, -4.060578], [103.45839, -4.054819], [103.45839, -4.054819], [103.458586, -4.049738], [103.458623, -4.049742]]]}}, {"type": "Feature", "properties": {"iddesa": "1604121010", "kecamatan": "Gumay Talang", "kabupaten": "Lahat"}, "geometry": {"type": "Polygon", "coordinates": [[[103.463089, -3.763336], [103.462781, -3.763682], [103.46265, -3.763715], [103.462346, -3.763794], [103.46202, -3.763646], [103.461937, -3.763534], [103.461826, -3.763534], [103.461632, -3.763617], [103.46141, -3.76345], [103.461327, -3.763239], [103.461327, -3.763239], [103.461338, -3.763229], [103.461466, -3.763115], [103.461661, -3.762837], [103.461994, -3.762559], [103.462245, -3.762225], [103.462605, -3.76217], [103.462654, -3.762208], [103.462689, -3.762235], [103.462855, -3.762365], [103.463048, -3.762756], [103.46327, -3.763007], [103.463089, -3.763336]]]}}, {"type": "Feature", "properties": {"iddesa": "1604121003", "kecamatan": "Gumay Talang", "kabupaten": "Lahat"}, "geometry": {"type": "Polygon", "coordinates": [[[103.443091, -3.720596], [103.44402, -3.728415], [103.44402, -3.728415], [103.445116, -3.737648], [103.447408, -3.756961], [103.447476, -3.757099], [103.448066, -3.758305], [103.448143, -3.758405], [103.448506, -3.758875], [103.451098, -3.760667], [103.450478, -3.762601], [103.448041, -3.762484], [103.448328, -3.761733], [103.44825, -3.760959], [103.447859, -3.760121], [103.447576, -3.759726], [103.445898, -3.75746], [103.445888, -3.757447], [103.44464, -3.75773], [103.444591, -3.758089], [103.444487, -3.758022], [103.444356, -3.758251], [103.443993, -3.758882], [103.443662, -3.758961], [103.442987, -3.758691], [103.441997, -3.758042], [103.441652, -3.757551], [103.441685, -3.756841], [103.442142, -3.756541], [103.442693, -3.756132], [103.442945, -3.755769], [103.442951, -3.755748], [103.442938, -3.755728], [103.442763, -3.755517], [103.442589, -3.755236], [103.442449, -3.755095], [103.442205, -3.754813], [103.442205, -3.754497], [103.442136, -3.754216], [103.442101, -3.753935], [103.442102, -3.753794], [103.442067, -3.753548], [103.442033, -3.753162], [103.442244, -3.752635], [103.442209, -3.752389], [103.442139, -3.752318], [103.441965, -3.752213], [103.44179, -3.752002], [103.44172, -3.751826], [103.441406, -3.751509], [103.441161, -3.751438], [103.440672, -3.751262], [103.440008, -3.751155], [103.439973, -3.75126], [103.439622, -3.751471], [103.439202, -3.751646], [103.439097, -3.751821], [103.438852, -3.751996], [103.438642, -3.751926], [103.438468, -3.75175], [103.438433, -3.751679], [103.438014, -3.751187], [103.437909, -3.751011], [103.437875, -3.7508], [103.437875, -3.750659], [103.437875, -3.750554], [103.437841, -3.750273], [103.437736, -3.750097], [103.437597, -3.749816], [103.437597, -3.74971], [103.437597, -3.74957], [103.437597, -3.749394], [103.437598, -3.749007], [103.437948, -3.748762], [103.438094, -3.748697], [103.438019, -3.748411], [103.438019, -3.748341], [103.43767, -3.747602], [103.437566, -3.74711], [103.437672, -3.74697], [103.437917, -3.746548], [103.437988, -3.746197], [103.438094, -3.74553], [103.438059, -3.745213], [103.438095, -3.744827], [103.438235, -3.744616], [103.438376, -3.744054], [103.438378, -3.743352], [103.438378, -3.743071], [103.438379, -3.742649], [103.438344, -3.742403], [103.438345, -3.742087], [103.438345, -3.741946], [103.438381, -3.741454], [103.438346, -3.741243], [103.438452, -3.741033], [103.438592, -3.740893], [103.438907, -3.740858], [103.439152, -3.740577], [103.439153, -3.740121], [103.439153, -3.739804], [103.439154, -3.739593], [103.43898, -3.738785], [103.43917, -3.738647], [103.439076, -3.738498], [103.439077, -3.738198], [103.438904, -3.737787], [103.438905, -3.737424], [103.439016, -3.736887], [103.438891, -3.736634], [103.438513, -3.736602], [103.438419, -3.73668], [103.438104, -3.736711], [103.437995, -3.736364], [103.437807, -3.735984], [103.43732, -3.735794], [103.43699, -3.735541], [103.436771, -3.735129], [103.43674, -3.73475], [103.436662, -3.734403], [103.436238, -3.73426], [103.43564, -3.73448], [103.435294, -3.734242], [103.435217, -3.733658], [103.435391, -3.732931], [103.435848, -3.732458], [103.43643, -3.732365], [103.436745, -3.732128], [103.436604, -3.73186], [103.436132, -3.731559], [103.435645, -3.731589], [103.435251, -3.732031], [103.434778, -3.73252], [103.43418, -3.732898], [103.433048, -3.733196], [103.432891, -3.733132], [103.432702, -3.732958], [103.432546, -3.732579], [103.432373, -3.732326], [103.43176, -3.732135], [103.431399, -3.73185], [103.431022, -3.731802], [103.43077, -3.73207], [103.430926, -3.732734], [103.43124, -3.733082], [103.431475, -3.733588], [103.431254, -3.733951], [103.430876, -3.734061], [103.430734, -3.73395], [103.430735, -3.733746], [103.430875, -3.73357], [103.430491, -3.733288], [103.430456, -3.733183], [103.430456, -3.733113], [103.430421, -3.732972], [103.430351, -3.732902], [103.430072, -3.732796], [103.429967, -3.732655], [103.429828, -3.732409], [103.429758, -3.732198], [103.429653, -3.732127], [103.429618, -3.732022], [103.429619, -3.731917], [103.429514, -3.731741], [103.429549, -3.731635], [103.42913, -3.731494], [103.429025, -3.731529], [103.42885, -3.731564], [103.42871, -3.731599], [103.428465, -3.731739], [103.428255, -3.731738], [103.428045, -3.731633], [103.42801, -3.731492], [103.427906, -3.731281], [103.427906, -3.73107], [103.428222, -3.730684], [103.428537, -3.730263], [103.428748, -3.730018], [103.428991, -3.730036], [103.429162, -3.729693], [103.428987, -3.729339], [103.428282, -3.729161], [103.427225, -3.729159], [103.426872, -3.729512], [103.425109, -3.729509], [103.425111, -3.728624], [103.424759, -3.728269], [103.423526, -3.727913], [103.423349, -3.728444], [103.422292, -3.728442], [103.422294, -3.727379], [103.421061, -3.727023], [103.419826, -3.727552], [103.419683, -3.726987], [103.42135, -3.726399], [103.431085, -3.726417], [103.441922, -3.721162], [103.443091, -3.720595], [103.443091, -3.720596]]]}}, {"type": "Feature", "properties": {"iddesa": "1604113004", "kecamatan": "Kikim Selatan", "kabupaten": "Lahat"}, "geometry": {"type": "Polygon", "coordinates": [[[103.201289, -3.736134], [103.201332, -3.736987], [103.201332, -3.737433], [103.200788, -3.738174], [103.200194, -3.739806], [103.199988, -3.740012], [103.199502, -3.740497], [103.198859, -3.74203], [103.198511, -3.743366], [103.197965, -3.745394], [103.196691, -3.747415], [103.196532, -3.747667], [103.197709, -3.749996], [103.197857, -3.750293], [103.198249, -3.751135], [103.198134, -3.751366], [103.197655, -3.752322], [103.197468, -3.753292], [103.197212, -3.753292], [103.192971, -3.758101], [103.191267, -3.763481], [103.191257, -3.768582], [103.191239, -3.777083], [103.191787, -3.785303], [103.191771, -3.792954], [103.192331, -3.794655], [103.189779, -3.801168], [103.188917, -3.808534], [103.189476, -3.811085], [103.190233, -3.811721], [103.189188, -3.813635], [103.189181, -3.817035], [103.190019, -3.821005], [103.191992, -3.822142], [103.194231, -3.830648], [103.195071, -3.833767], [103.19534, -3.839719], [103.195326, -3.84652], [103.19503, -3.85332], [103.193607, -3.858985], [103.193589, -3.867486], [103.18935, -3.870878], [103.185111, -3.873986], [103.184922, -3.874928], [103.183975, -3.875124], [103.183009, -3.875108], [103.182951, -3.874774], [103.182542, -3.872436], [103.181543, -3.869821], [103.177009, -3.868245], [103.175873, -3.86785], [103.175146, -3.86735], [103.170607, -3.864232], [103.170147, -3.864572], [103.16779, -3.861005], [103.16425, -3.858267], [103.162014, -3.85467], [103.159536, -3.850684], [103.158596, -3.849172], [103.153245, -3.847232], [103.152336, -3.846902], [103.150033, -3.84507], [103.147989, -3.843443], [103.14707, -3.842712], [103.147025, -3.842676], [103.147213, -3.842424], [103.147222, -3.842413], [103.15722, -3.829044], [103.158135, -3.826959], [103.158947, -3.825705], [103.159, -3.825723], [103.168731, -3.810578], [103.16945, -3.809467], [103.169573, -3.809071], [103.170448, -3.806454], [103.171047, -3.804102], [103.171443, -3.802632], [103.171443, -3.80255], [103.171461, -3.802478], [103.171643, -3.800401], [103.171451, -3.798752], [103.171451, -3.798715], [103.171442, -3.798676], [103.171352, -3.797907], [103.170569, -3.797597], [103.169999, -3.797309], [103.169535, -3.796548], [103.169268, -3.795875], [103.168944, -3.794013], [103.170451, -3.791869], [103.17321, -3.786506], [103.178387, -3.769468], [103.176453, -3.769335], [103.17615, -3.768184], [103.177449, -3.767343], [103.176917, -3.766498], [103.17669, -3.765347], [103.176846, -3.763967], [103.178301, -3.76144], [103.179068, -3.759831], [103.178618, -3.755919], [103.178544, -3.754998], [103.178547, -3.753541], [103.17916, -3.752469], [103.179697, -3.751166], [103.179698, -3.750476], [103.1797, -3.749862], [103.179702, -3.748942], [103.180535, -3.746898], [103.180546, -3.746873], [103.180546, -3.746566], [103.180777, -3.745723], [103.180779, -3.744573], [103.180704, -3.744036], [103.180552, -3.743652], [103.180103, -3.743408], [103.180095, -3.743403], [103.18009, -3.743401], [103.179561, -3.743113], [103.178493, -3.742804], [103.178266, -3.741884], [103.178191, -3.740963], [103.178805, -3.739584], [103.179267, -3.737668], [103.179042, -3.73575], [103.179121, -3.734293], [103.179124, -3.732989], [103.179509, -3.731303], [103.180274, -3.730614], [103.180417, -3.729387], [103.181083, -3.729562], [103.182559, -3.73011], [103.183838, -3.730607], [103.184674, -3.731004], [103.186199, -3.7317], [103.188069, -3.732397], [103.188244, -3.732461], [103.189545, -3.732944], [103.190874, -3.733441], [103.191263, -3.733606], [103.192399, -3.734087], [103.193433, -3.73409], [103.193778, -3.734288], [103.194412, -3.734682], [103.194417, -3.734685], [103.195056, -3.735082], [103.195893, -3.735579], [103.19663, -3.735926], [103.196924, -3.736011], [103.197319, -3.736126], [103.198156, -3.736325], [103.199486, -3.736279], [103.200816, -3.736133], [103.201289, -3.736134]]]}}, {"type": "Feature", "properties": {"iddesa": "1611010035", "kecamatan": "Muara Pinang", "kabupaten": "Empat Lawang"}, "geometry": {"type": "Polygon", "coordinates": [[[103.098644, -3.777158], [103.099271, -3.777517], [103.101762, -3.778947], [103.10238, -3.779517], [103.10265, -3.779686], [103.103215, -3.780288], [103.104359, -3.781345], [103.104459, -3.781514], [103.104459, -3.781514], [103.104407, -3.78156], [103.083378, -3.799903], [103.041229, -3.828517], [103.037911, -3.83111], [103.037199, -3.831666], [103.034607, -3.833692], [103.034515, -3.833764], [103.033651, -3.834439], [103.033625, -3.834459], [103.03223, -3.83555], [103.030042, -3.837259], [103.02965, -3.837565], [103.028536, -3.838436], [103.02851, -3.838456], [103.025856, -3.84053], [103.025499, -3.839656], [103.023323, -3.834313], [103.022621, -3.833283], [103.029793, -3.828221], [103.030407, -3.827788], [103.031367, -3.827111], [103.032847, -3.826067], [103.033653, -3.825498], [103.037108, -3.82306], [103.056605, -3.808474], [103.098334, -3.777257], [103.098544, -3.777101], [103.098644, -3.777158]]]}}, {"type": "Feature", "properties": {"iddesa": "1604042005", "kecamatan": "Tanjung Tebat", "kabupaten": "Lahat"}, "geometry": {"type": "Polygon", "coordinates": [[[103.461174, -3.995173], [103.465825, -3.995722], [103.464903, -3.997258], [103.466141, -3.998256], [103.462905, -4.005057], [103.463623, -4.01506], [103.463631, -4.015178], [103.463631, -4.015181], [103.463683, -4.015297], [103.465396, -4.019133], [103.465418, -4.019216], [103.465373, -4.019209], [103.457457, -4.022287], [103.456505, -4.017802], [103.442179, -4.015713], [103.442161, -4.01571], [103.438191, -4.015131], [103.438243, -4.015034], [103.439966, -4.011816], [103.440065, -4.011729], [103.445186, -4.007208], [103.445188, -4.007203], [103.448843, -3.994749], [103.450114, -3.995133], [103.460844, -3.995154], [103.461174, -3.995173]]]}}, {"type": "Feature", "properties": {"iddesa": "1604042004", "kecamatan": "Tanjung Tebat", "kabupaten": "Lahat"}, "geometry": {"type": "Polygon", "coordinates": [[[103.457457, -4.022287], [103.457417, -4.022302], [103.45603, -4.027921], [103.457483, -4.032418], [103.45749, -4.032439], [103.452349, -4.033536], [103.451793, -4.036483], [103.451725, -4.037017], [103.441981, -4.032058], [103.440744, -4.030968], [103.440772, -4.030853], [103.43905, -4.029455], [103.429882, -4.032626], [103.429815, -4.032649], [103.429775, -4.032663], [103.427019, -4.032415], [103.425891, -4.032313], [103.427947, -4.028789], [103.428531, -4.022968], [103.428534, -4.022937], [103.428536, -4.022916], [103.428518, -4.022911], [103.428482, -4.022852], [103.428327, -4.022815], [103.430521, -4.019175], [103.430846, -4.018707], [103.430848, -4.018704], [103.431701, -4.017478], [103.433137, -4.016736], [103.433837, -4.016374], [103.438243, -4.015034], [103.438191, -4.015131], [103.442161, -4.01571], [103.442179, -4.015713], [103.456505, -4.017802], [103.457457, -4.022287]]]}}, {"type": "Feature", "properties": {"iddesa": "1604042014", "kecamatan": "Tanjung Tebat", "kabupaten": "Lahat"}, "geometry": {"type": "Polygon", "coordinates": [[[103.514557, -3.948339], [103.514559, -3.948341], [103.514438, -3.948325], [103.515222, -3.949331], [103.51429, -3.951052], [103.511501, -3.952482], [103.511461, -3.952572], [103.5115, -3.952626], [103.511547, -3.952699], [103.510941, -3.953761], [103.51024, -3.953987], [103.508129, -3.954669], [103.506789, -3.955631], [103.504657, -3.954828], [103.503167, -3.955905], [103.503413, -3.957067], [103.497381, -3.956309], [103.490265, -3.960281], [103.490282, -3.960345], [103.485613, -3.962842], [103.484743, -3.964819], [103.484845, -3.964891], [103.484718, -3.965003], [103.480976, -3.973515], [103.479037, -3.977926], [103.478447, -3.979267], [103.47841, -3.979352], [103.475006, -3.98773], [103.47218, -3.995694], [103.465898, -3.995599], [103.465825, -3.995722], [103.461174, -3.995173], [103.462151, -3.992924], [103.462308, -3.990692], [103.465076, -3.986157], [103.46539, -3.98177], [103.466314, -3.97954], [103.466487, -3.97914], [103.468623, -3.974204], [103.468638, -3.974167], [103.471471, -3.96762], [103.472007, -3.967621], [103.471984, -3.967505], [103.472099, -3.967481], [103.472786, -3.965674], [103.475241, -3.959219], [103.475683, -3.958058], [103.476159, -3.957945], [103.484815, -3.955893], [103.496023, -3.942398], [103.496079, -3.942434], [103.496719, -3.943593], [103.49749, -3.944989], [103.500738, -3.946535], [103.514484, -3.948239], [103.514557, -3.948339]]]}}, {"type": "Feature", "properties": {"iddesa": "1604060005", "kecamatan": "Jarai", "kabupaten": "Lahat"}, "geometry": {"type": "Polygon", "coordinates": [[[103.19305, -3.951453], [103.193499, -3.951457], [103.193499, -3.95174], [103.193499, -3.951855], [103.193497, -3.952247], [103.193496, -3.953477], [103.193495, -3.953983], [103.193489, -3.95603], [103.192388, -3.956028], [103.191875, -3.956025], [103.191637, -3.956026], [103.191416, -3.956025], [103.190964, -3.955596], [103.189398, -3.954109], [103.189391, -3.954103], [103.189311, -3.954027], [103.188961, -3.953694], [103.188573, -3.953929], [103.188288, -3.954101], [103.186775, -3.955017], [103.185372, -3.955867], [103.184276, -3.95653], [103.17641, -3.958195], [103.177315, -3.95712], [103.179058, -3.955053], [103.181988, -3.951575], [103.182147, -3.951386], [103.182631, -3.951388], [103.182784, -3.951187], [103.186783, -3.951289], [103.191924, -3.951419], [103.191957, -3.951468], [103.191977, -3.951449], [103.192045, -3.951449], [103.19305, -3.951453]]]}}, {"type": "Feature", "properties": {"iddesa": "1604042001", "kecamatan": "Tanjung Tebat", "kabupaten": "Lahat"}, "geometry": {"type": "Polygon", "coordinates": [[[103.420897, -4.001328], [103.420899, -4.001337], [103.420886, -4.001346], [103.420847, -4.001411], [103.420825, -4.001388], [103.412687, -3.998819], [103.412633, -3.998373], [103.41257, -3.997861], [103.41258, -3.997276], [103.412411, -3.996618], [103.412436, -3.996544], [103.412492, -3.995996], [103.412703, -3.995311], [103.412785, -3.994872], [103.41315, -3.994562], [103.413151, -3.993904], [103.413363, -3.992935], [103.413475, -3.992389], [103.413382, -3.99224], [103.413439, -3.991299], [103.413486, -3.990421], [103.413505, -3.989909], [103.413569, -3.989498], [103.413907, -3.988977], [103.414327, -3.988448], [103.414333, -3.988282], [103.414364, -3.988256], [103.414601, -3.9879], [103.414739, -3.987297], [103.414767, -3.986968], [103.414795, -3.98652], [103.414814, -3.986246], [103.414878, -3.985843], [103.414886, -3.985818], [103.415407, -3.984777], [103.415465, -3.984663], [103.415946, -3.984829], [103.415953, -3.984832], [103.416721, -3.983756], [103.417014, -3.982782], [103.417111, -3.98246], [103.4187, -3.990381], [103.418999, -3.99187], [103.41921, -3.992922], [103.419522, -3.994478], [103.420897, -4.001328]]]}}, {"type": "Feature", "properties": {"iddesa": "1604121002", "kecamatan": "Gumay Talang", "kabupaten": "Lahat"}, "geometry": {"type": "Polygon", "coordinates": [[[103.448041, -3.762484], [103.445617, -3.768829], [103.421259, -3.832583], [103.39644, -3.834341], [103.399316, -3.816197], [103.425913, -3.812541], [103.426506, -3.811873], [103.427322, -3.811503], [103.427692, -3.811206], [103.428508, -3.810389], [103.429102, -3.809795], [103.429102, -3.809423], [103.429104, -3.808754], [103.429105, -3.808233], [103.429107, -3.807043], [103.429107, -3.806746], [103.429108, -3.806225], [103.428294, -3.806001], [103.428073, -3.805629], [103.427407, -3.80533], [103.426444, -3.805328], [103.426, -3.805178], [103.425706, -3.804137], [103.425707, -3.803467], [103.42593, -3.803096], [103.426301, -3.802799], [103.42682, -3.802503], [103.427783, -3.801984], [103.428746, -3.801539], [103.428821, -3.801093], [103.429045, -3.80035], [103.42949, -3.799979], [103.42986, -3.799756], [103.429935, -3.799608], [103.430158, -3.799162], [103.430233, -3.798121], [103.430309, -3.797377], [103.430532, -3.796783], [103.430089, -3.796112], [103.430065, -3.795722], [103.429276, -3.795293], [103.429129, -3.794921], [103.429129, -3.794549], [103.42913, -3.794251], [103.429056, -3.793954], [103.428391, -3.793506], [103.427799, -3.793282], [103.427059, -3.793132], [103.425505, -3.792757], [103.425134, -3.792757], [103.424026, -3.791713], [103.42373, -3.791192], [103.423509, -3.790597], [103.423584, -3.790076], [103.424103, -3.789705], [103.424845, -3.789037], [103.425438, -3.788741], [103.425956, -3.788593], [103.426697, -3.788297], [103.427142, -3.788223], [103.427586, -3.787927], [103.427957, -3.787481], [103.428403, -3.786664], [103.428404, -3.786069], [103.427813, -3.785473], [103.425889, -3.7848], [103.425371, -3.78465], [103.424854, -3.784054], [103.424855, -3.783385], [103.424856, -3.783088], [103.424783, -3.782344], [103.425377, -3.781675], [103.425008, -3.780485], [103.424632, -3.780316], [103.424491, -3.779889], [103.424788, -3.779592], [103.424641, -3.778848], [103.424124, -3.778549], [103.424051, -3.777582], [103.424052, -3.777062], [103.424052, -3.776913], [103.423609, -3.77654], [103.423017, -3.776019], [103.422944, -3.775647], [103.422649, -3.775126], [103.422649, -3.774828], [103.42302, -3.774754], [103.423242, -3.77468], [103.423391, -3.774383], [103.423465, -3.774235], [103.423762, -3.773789], [103.423763, -3.773343], [103.423692, -3.771632], [103.423694, -3.770591], [103.423472, -3.770293], [103.423177, -3.769549], [103.422291, -3.768357], [103.422203, -3.767704], [103.423443, -3.767293], [103.42349, -3.767278], [103.427612, -3.765913], [103.434471, -3.76373], [103.436526, -3.763092], [103.437254, -3.763113], [103.437862, -3.76347], [103.438255, -3.763589], [103.438275, -3.763668], [103.438864, -3.763886], [103.43914, -3.763334], [103.43918, -3.763038], [103.439633, -3.762723], [103.43975, -3.762881], [103.441499, -3.763377], [103.442089, -3.762944], [103.442168, -3.762451], [103.442385, -3.762076], [103.442857, -3.761899], [103.443522, -3.761551], [103.444718, -3.761901], [103.44584, -3.76223], [103.446015, -3.762282], [103.447357, -3.761922], [103.447841, -3.761498], [103.447605, -3.760973], [103.44734, -3.760384], [103.44732, -3.759959], [103.447104, -3.759804], [103.446853, -3.759551], [103.446269, -3.759174], [103.444591, -3.758089], [103.444591, -3.758089], [103.44464, -3.75773], [103.445888, -3.757447], [103.445898, -3.75746], [103.447576, -3.759726], [103.447859, -3.760121], [103.44825, -3.760959], [103.448328, -3.761733], [103.448041, -3.762484]]]}}, {"type": "Feature", "properties": {"iddesa": "1604052008", "kecamatan": "Gumay Ulu", "kabupaten": "Lahat"}, "geometry": {"type": "Polygon", "coordinates": [[[103.462077, -3.901738], [103.464564, -3.910248], [103.465146, -3.912238], [103.466976, -3.9185], [103.467108, -3.918949], [103.468079, -3.922272], [103.471467, -3.933863], [103.469534, -3.935438], [103.466527, -3.935433], [103.46506, -3.937874], [103.464192, -3.938578], [103.463544, -3.938436], [103.463538, -3.938409], [103.461823, -3.927572], [103.457152, -3.923008], [103.454819, -3.920729], [103.452072, -3.918046], [103.452149, -3.917707], [103.452194, -3.917508], [103.455099, -3.904649], [103.456089, -3.900267], [103.457671, -3.900741], [103.460825, -3.901803], [103.461877, -3.901805], [103.462077, -3.901738]]]}}, {"type": "Feature", "properties": {"iddesa": "1604040004", "kecamatan": "Kota Agung", "kabupaten": "Lahat"}, "geometry": {"type": "Polygon", "coordinates": [[[103.407765, -4.082346], [103.407007, -4.091028], [103.406926, -4.091016], [103.40593, -4.100639], [103.405873, -4.100738], [103.388679, -4.099446], [103.385617, -4.099216], [103.389434, -4.09066], [103.389569, -4.090583], [103.392594, -4.087894], [103.393591, -4.087008], [103.395753, -4.085086], [103.39572, -4.084863], [103.395956, -4.085133], [103.395956, -4.084871], [103.395957, -4.084457], [103.396068, -4.083318], [103.396146, -4.08251], [103.396789, -4.08173], [103.39903, -4.081822], [103.398846, -4.081262], [103.399361, -4.081736], [103.407765, -4.082346]]]}}, {"type": "Feature", "properties": {"iddesa": "1604042013", "kecamatan": "Tanjung Tebat", "kabupaten": "Lahat"}, "geometry": {"type": "Polygon", "coordinates": [[[103.495464, -3.927993], [103.495524, -3.928298], [103.49556, -3.928572], [103.495629, -3.929321], [103.495657, -3.930183], [103.495619, -3.93082], [103.495505, -3.931694], [103.495305, -3.932305], [103.495121, -3.932747], [103.494432, -3.934002], [103.494232, -3.934488], [103.494057, -3.935], [103.494414, -3.936861], [103.494686, -3.93811], [103.495178, -3.940633], [103.496044, -3.942372], [103.496023, -3.942398], [103.484815, -3.955893], [103.476159, -3.957945], [103.475683, -3.958058], [103.475241, -3.959219], [103.472786, -3.965674], [103.472099, -3.967481], [103.471984, -3.967505], [103.458389, -3.970323], [103.457235, -3.970562], [103.456241, -3.970768], [103.455771, -3.970866], [103.455992, -3.973598], [103.455949, -3.973602], [103.452705, -3.973933], [103.452656, -3.973566], [103.452265, -3.970619], [103.452086, -3.96927], [103.451172, -3.962377], [103.451155, -3.962255], [103.451652, -3.962034], [103.454805, -3.960689], [103.455966, -3.960203], [103.456477, -3.959989], [103.456923, -3.95975], [103.457178, -3.959575], [103.457465, -3.95932], [103.457696, -3.95904], [103.457928, -3.958729], [103.458757, -3.957556], [103.459356, -3.956734], [103.459914, -3.956072], [103.46044, -3.955546], [103.460918, -3.955187], [103.461348, -3.954948], [103.461786, -3.954757], [103.46224, -3.954622], [103.463561, -3.954313], [103.464031, -3.95417], [103.46427, -3.954035], [103.464373, -3.953851], [103.464422, -3.953611], [103.464414, -3.953396], [103.464263, -3.953132], [103.463811, -3.952539], [103.463628, -3.952243], [103.463565, -3.951996], [103.463573, -3.951924], [103.463583, -3.951887], [103.463645, -3.951692], [103.463725, -3.951604], [103.463972, -3.951413], [103.464211, -3.951302], [103.464498, -3.95119], [103.46484, -3.951047], [103.465095, -3.950928], [103.46531, -3.950776], [103.465477, -3.950561], [103.465645, -3.950289], [103.465789, -3.949994], [103.466125, -3.94914], [103.466412, -3.948413], [103.466708, -3.947694], [103.466852, -3.947295], [103.466924, -3.946968], [103.466972, -3.946736], [103.46698, -3.946568], [103.466965, -3.946448], [103.466862, -3.946192], [103.466592, -3.945952], [103.46621, -3.945672], [103.465662, -3.945239], [103.465551, -3.945063], [103.465528, -3.944895], [103.46556, -3.944616], [103.465567, -3.944599], [103.465608, -3.944496], [103.465664, -3.944432], [103.465704, -3.944368], [103.466006, -3.944225], [103.467121, -3.94386], [103.467638, -3.943605], [103.468619, -3.942976], [103.469574, -3.942362], [103.470705, -3.941653], [103.473373, -3.940068], [103.474146, -3.939645], [103.474552, -3.93951], [103.474982, -3.939431], [103.475785, -3.939353], [103.476294, -3.93934], [103.477942, -3.939269], [103.478125, -3.939229], [103.478451, -3.939086], [103.478587, -3.938966], [103.478746, -3.938751], [103.478842, -3.938376], [103.478907, -3.93801], [103.479003, -3.937473], [103.479083, -3.937209], [103.479155, -3.93709], [103.479251, -3.93697], [103.47949, -3.936819], [103.479896, -3.936707], [103.480986, -3.93655], [103.481495, -3.936447], [103.481917, -3.936264], [103.48226, -3.936033], [103.482816, -3.935598], [103.482953, -3.93549], [103.48312, -3.935395], [103.483279, -3.935322], [103.48363, -3.935204], [103.483909, -3.935157], [103.484513, -3.935206], [103.485165, -3.93532], [103.485372, -3.935335], [103.485539, -3.935311], [103.485651, -3.935264], [103.485755, -3.935165], [103.48593, -3.934921], [103.48656, -3.933835], [103.486768, -3.933652], [103.487182, -3.933493], [103.487436, -3.933413], [103.488813, -3.933032], [103.489586, -3.932682], [103.490143, -3.932387], [103.491291, -3.931686], [103.491863, -3.931312], [103.492386, -3.930876], [103.492748, -3.93044], [103.492785, -3.930141], [103.492786, -3.929966], [103.492712, -3.929716], [103.492526, -3.929204], [103.492341, -3.928542], [103.492329, -3.928292], [103.492342, -3.927992], [103.492404, -3.927805], [103.492479, -3.92768], [103.492802, -3.927593], [103.493138, -3.927594], [103.493385, -3.927623], [103.495462, -3.927985], [103.495464, -3.927993]]]}}, {"type": "Feature", "properties": {"iddesa": "1604063009", "kecamatan": "Sukamerindu", "kabupaten": "Lahat"}, "geometry": {"type": "Polygon", "coordinates": [[[103.223487, -3.949756], [103.22323, -3.949625], [103.220482, -3.94829], [103.218244, -3.946648], [103.217523, -3.946384], [103.217753, -3.945848], [103.217616, -3.945157], [103.217367, -3.943888], [103.216762, -3.940815], [103.216462, -3.939294], [103.212753, -3.939769], [103.212545, -3.939787], [103.21272, -3.936999], [103.21453, -3.935509], [103.215505, -3.934586], [103.216047, -3.933427], [103.215188, -3.933317], [103.215188, -3.933316], [103.21699, -3.930465], [103.221081, -3.927044], [103.223092, -3.919756], [103.223191, -3.919955], [103.224607, -3.92446], [103.225517, -3.927633], [103.226325, -3.931216], [103.225701, -3.936944], [103.225375, -3.937741], [103.225616, -3.938009], [103.225763, -3.93855], [103.225858, -3.938901], [103.225858, -3.9393], [103.225918, -3.939484], [103.226131, -3.939946], [103.22613, -3.940683], [103.226128, -3.941574], [103.226036, -3.941881], [103.225729, -3.942464], [103.225633, -3.942673], [103.225421, -3.943139], [103.225206, -3.943784], [103.224837, -3.944551], [103.22459, -3.945564], [103.224558, -3.94624], [103.224066, -3.947529], [103.223727, -3.948972], [103.223487, -3.949756]]]}}, {"type": "Feature", "properties": {"iddesa": "1604122006", "kecamatan": "Pseksu", "kabupaten": "Lahat"}, "geometry": {"type": "Polygon", "coordinates": [[[103.36641, -3.764523], [103.366347, -3.764689], [103.365789, -3.766153], [103.365708, -3.767063], [103.365273, -3.767893], [103.364523, -3.768802], [103.364282, -3.769078], [103.363694, -3.76975], [103.36184, -3.77125], [103.365585, -3.771925], [103.368364, -3.772426], [103.370347, -3.772784], [103.344834, -3.786213], [103.343521, -3.785305], [103.343502, -3.78529], [103.34182, -3.783953], [103.341513, -3.782761], [103.341824, -3.781932], [103.342807, -3.780845], [103.343943, -3.780225], [103.344049, -3.778618], [103.344, -3.777581], [103.342917, -3.777112], [103.341422, -3.776073], [103.341321, -3.775087], [103.342095, -3.77483], [103.343334, -3.775143], [103.34411, -3.774056], [103.345042, -3.772502], [103.344219, -3.770738], [103.343397, -3.769129], [103.342426, -3.768726], [103.341643, -3.7684], [103.340562, -3.767154], [103.339738, -3.766219], [103.340043, -3.765413], [103.342712, -3.758379], [103.343628, -3.758284], [103.346472, -3.759069], [103.347368, -3.759316], [103.350417, -3.760157], [103.35473, -3.761334], [103.359453, -3.762623], [103.36641, -3.764523]]]}}, {"type": "Feature", "properties": {"iddesa": "1604011001", "kecamatan": "Tanjung Sakti Pumi", "kabupaten": "Lahat"}, "geometry": {"type": "Polygon", "coordinates": [[[103.184302, -4.174783], [103.184066, -4.174841], [103.184211, -4.175465], [103.183936, -4.176081], [103.183957, -4.176736], [103.183894, -4.176916], [103.183981, -4.177491], [103.184065, -4.180104], [103.184063, -4.180936], [103.184315, -4.182562], [103.184436, -4.183873], [103.18471, -4.186566], [103.184618, -4.188204], [103.184487, -4.188715], [103.18432, -4.18942], [103.183806, -4.190883], [103.183989, -4.192273], [103.183899, -4.192309], [103.184197, -4.194273], [103.184303, -4.194677], [103.184574, -4.196775], [103.184605, -4.198455], [103.184592, -4.199544], [103.184343, -4.20014], [103.184575, -4.200938], [103.184568, -4.201464], [103.184537, -4.203987], [103.184333, -4.204347], [103.18444, -4.206591], [103.184658, -4.208891], [103.184764, -4.211192], [103.185129, -4.212299], [103.185186, -4.213304], [103.185148, -4.214614], [103.185424, -4.215737], [103.185086, -4.21725], [103.18514, -4.217755], [103.184747, -4.218596], [103.184187, -4.219436], [103.183626, -4.220388], [103.183448, -4.22062], [103.182528, -4.221395], [103.182511, -4.221417], [103.182059, -4.221506], [103.181219, -4.22229], [103.180882, -4.22285], [103.180601, -4.223578], [103.180154, -4.22369], [103.179872, -4.224586], [103.179312, -4.225483], [103.1794, -4.225662], [103.178154, -4.227247], [103.177735, -4.229188], [103.177731, -4.230713], [103.177966, -4.231368], [103.178289, -4.232604], [103.179291, -4.234289], [103.180628, -4.235807], [103.180773, -4.235928], [103.180896, -4.236031], [103.180896, -4.23613], [103.17895, -4.23634], [103.17661, -4.237368], [103.174672, -4.239167], [103.173722, -4.239224], [103.171872, -4.240007], [103.171076, -4.240961], [103.1693, -4.240724], [103.167516, -4.240624], [103.167328, -4.240645], [103.165887, -4.240918], [103.164682, -4.241351], [103.163717, -4.241082], [103.16251, -4.24108], [103.16161, -4.240523], [103.160024, -4.241074], [103.158686, -4.24107], [103.158424, -4.241153], [103.155719, -4.241063], [103.155188, -4.241062], [103.154669, -4.241358], [103.152998, -4.243938], [103.152697, -4.244196], [103.151862, -4.245492], [103.150063, -4.246875], [103.148304, -4.247995], [103.146973, -4.248826], [103.14542, -4.250101], [103.144589, -4.250099], [103.14454, -4.250131], [103.143335, -4.250139], [103.141852, -4.250569], [103.141362, -4.250711], [103.138251, -4.253257], [103.136124, -4.25457], [103.135664, -4.255024], [103.135179, -4.255154], [103.134775, -4.255404], [103.134182, -4.255411], [103.131288, -4.255514], [103.128846, -4.254785], [103.127423, -4.254469], [103.127136, -4.254274], [103.126032, -4.253945], [103.12443, -4.252496], [103.121319, -4.25055], [103.120127, -4.249537], [103.117489, -4.247949], [103.116959, -4.247784], [103.116488, -4.247783], [103.114918, -4.247914], [103.112344, -4.248864], [103.110983, -4.249795], [103.10843, -4.252012], [103.108427, -4.252014], [103.108152, -4.252266], [103.107884, -4.252417], [103.107084, -4.253012], [103.104733, -4.254115], [103.102937, -4.254111], [103.102557, -4.254008], [103.100866, -4.253551], [103.099761, -4.253271], [103.098106, -4.252296], [103.096864, -4.251738], [103.096402, -4.251737], [103.096256, -4.251667], [103.095959, -4.251797], [103.094238, -4.252287], [103.093858, -4.252724], [103.093625, -4.252826], [103.093151, -4.253538], [103.092868, -4.253863], [103.091051, -4.256301], [103.089933, -4.257981], [103.087714, -4.260745], [103.084005, -4.26395], [103.083873, -4.263957], [103.083507, -4.26425], [103.080633, -4.263914], [103.075794, -4.262492], [103.075569, -4.262371], [103.072898, -4.260501], [103.071681, -4.259274], [103.070468, -4.258049], [103.069653, -4.256755], [103.069449, -4.256031], [103.068489, -4.252623], [103.067459, -4.250423], [103.067987, -4.248689], [103.068131, -4.246878], [103.068281, -4.246536], [103.068285, -4.244927], [103.068427, -4.243133], [103.067881, -4.241696], [103.067804, -4.241149], [103.067743, -4.240709], [103.067192, -4.239876], [103.067186, -4.23987], [103.067158, -4.239795], [103.065356, -4.237977], [103.064712, -4.237235], [103.063608, -4.236816], [103.061906, -4.236555], [103.059745, -4.235003], [103.05878, -4.234307], [103.058602, -4.234168], [103.057791, -4.232116], [103.057684, -4.23056], [103.057524, -4.23002], [103.057463, -4.22912], [103.056694, -4.226275], [103.055274, -4.223862], [103.052385, -4.22146], [103.051539, -4.219235], [103.052733, -4.218554], [103.054368, -4.217515], [103.054677, -4.217516], [103.055286, -4.217151], [103.057336, -4.216514], [103.058617, -4.215991], [103.059023, -4.215871], [103.059426, -4.215661], [103.061087, -4.214984], [103.061685, -4.214377], [103.062239, -4.214045], [103.063113, -4.213515], [103.063806, -4.212685], [103.064223, -4.211715], [103.063812, -4.210466], [103.06371, -4.210019], [103.063655, -4.209689], [103.063421, -4.208433], [103.063472, -4.207823], [103.06311, -4.206766], [103.062911, -4.205702], [103.061707, -4.202745], [103.062314, -4.201863], [103.062317, -4.200664], [103.062514, -4.200106], [103.062321, -4.198763], [103.062322, -4.198257], [103.061361, -4.196036], [103.061266, -4.196023], [103.061245, -4.195976], [103.059483, -4.195708], [103.058462, -4.195197], [103.058049, -4.194918], [103.057084, -4.194084], [103.056857, -4.193901], [103.056592, -4.19358], [103.056424, -4.193552], [103.056394, -4.193527], [103.055843, -4.193249], [103.055233, -4.193349], [103.054853, -4.193285], [103.053711, -4.192569], [103.052661, -4.192366], [103.051527, -4.191825], [103.048861, -4.191778], [103.047874, -4.190892], [103.046517, -4.189025], [103.046506, -4.189006], [103.045319, -4.186071], [103.045364, -4.185179], [103.045504, -4.184763], [103.045509, -4.182683], [103.045325, -4.182559], [103.045328, -4.182283], [103.043733, -4.180891], [103.04358, -4.180736], [103.043551, -4.180732], [103.043471, -4.180662], [103.04131, -4.180312], [103.040405, -4.179896], [103.040197, -4.179756], [103.039183, -4.178634], [103.038468, -4.17783], [103.038339, -4.177395], [103.03826, -4.177368], [103.064429, -4.173727], [103.06488, -4.173665], [103.067146, -4.173349], [103.068237, -4.173198], [103.071695, -4.172716], [103.072081, -4.172663], [103.075215, -4.172227], [103.080442, -4.171499], [103.080746, -4.171457], [103.09293, -4.169762], [103.095141, -4.171411], [103.095408, -4.170879], [103.097263, -4.17115], [103.098327, -4.170087], [103.099257, -4.169291], [103.099922, -4.168361], [103.100453, -4.167962], [103.102309, -4.167967], [103.104166, -4.167971], [103.108673, -4.168115], [103.110794, -4.168387], [103.113577, -4.168793], [103.119546, -4.167875], [103.125251, -4.166291], [103.130293, -4.164706], [103.132551, -4.162981], [103.141574, -4.160073], [103.144224, -4.161011], [103.14767, -4.161552], [103.151382, -4.16196], [103.157613, -4.162241], [103.160265, -4.161848], [103.164909, -4.160794], [103.168361, -4.158539], [103.172868, -4.159082], [103.173796, -4.159084], [103.174992, -4.158155], [103.177511, -4.158027], [103.180431, -4.156703], [103.180828, -4.157369], [103.181077, -4.156679], [103.181127, -4.1568], [103.18094, -4.157489], [103.180522, -4.159014], [103.181762, -4.160404], [103.182528, -4.160983], [103.182547, -4.161007], [103.183753, -4.162121], [103.18425, -4.162272], [103.184833, -4.162684], [103.185257, -4.164145], [103.184745, -4.168287], [103.184542, -4.168994], [103.183733, -4.170609], [103.184302, -4.174783]]]}}, {"type": "Feature", "properties": {"iddesa": "1604050034", "kecamatan": "Pulau Pinang", "kabupaten": "Lahat"}, "geometry": {"type": "Polygon", "coordinates": [[[103.527891, -3.878936], [103.527843, -3.879081], [103.526382, -3.882885], [103.526434, -3.884805], [103.525679, -3.886316], [103.524026, -3.887867], [103.52186, -3.887523], [103.521769, -3.887508], [103.517335, -3.886803], [103.514282, -3.886318], [103.505828, -3.884973], [103.493379, -3.882993], [103.493314, -3.882974], [103.493306, -3.882909], [103.495784, -3.880969], [103.497962, -3.878143], [103.498695, -3.877193], [103.498743, -3.877108], [103.523205, -3.878642], [103.527891, -3.878936]]]}}, {"type": "Feature", "properties": {"iddesa": "1611010017", "kecamatan": "Muara Pinang", "kabupaten": "Empat Lawang"}, "geometry": {"type": "Polygon", "coordinates": [[[103.134789, -3.822874], [103.092029, -3.84294], [103.071197, -3.854037], [103.069792, -3.854786], [103.065734, -3.856948], [103.063632, -3.858727], [103.060719, -3.861191], [103.048129, -3.871844], [103.044991, -3.866521], [103.043652, -3.86425], [103.049285, -3.859292], [103.053997, -3.855145], [103.055155, -3.854125], [103.060058, -3.851465], [103.062678, -3.850044], [103.135455, -3.810558], [103.135747, -3.810399], [103.137515, -3.814782], [103.137835, -3.815575], [103.137833, -3.815607], [103.137833, -3.815608], [103.137663, -3.818486], [103.134834, -3.822805], [103.134789, -3.822874]]]}}, {"type": "Feature", "properties": {"iddesa": "1604042009", "kecamatan": "Tanjung Tebat", "kabupaten": "Lahat"}, "geometry": {"type": "Polygon", "coordinates": [[[103.449889, -3.97577], [103.448883, -3.976712], [103.448806, -3.976783], [103.447434, -3.975409], [103.446308, -3.974281], [103.444629, -3.972599], [103.444143, -3.972113], [103.441979, -3.969945], [103.442116, -3.969335], [103.443037, -3.968567], [103.444189, -3.968135], [103.446148, -3.97049], [103.446881, -3.971372], [103.447628, -3.97227], [103.448933, -3.97429], [103.449889, -3.97577]]]}}, {"type": "Feature", "properties": {"iddesa": "1604040002", "kecamatan": "Kota Agung", "kabupaten": "Lahat"}, "geometry": {"type": "Polygon", "coordinates": [[[103.400634, -4.109267], [103.404518, -4.115358], [103.4052, -4.120359], [103.402576, -4.12435], [103.402009, -4.125213], [103.400136, -4.13055], [103.387012, -4.115578], [103.381387, -4.109162], [103.381365, -4.109023], [103.386319, -4.111133], [103.38825, -4.111956], [103.388316, -4.111984], [103.389611, -4.112536], [103.400634, -4.109267]]]}}, {"type": "Feature", "properties": {"iddesa": "1604041008", "kecamatan": "Mulak Ulu", "kabupaten": "Lahat"}, "geometry": {"type": "Polygon", "coordinates": [[[103.497416, -4.036198], [103.492683, -4.038376], [103.492271, -4.038566], [103.492258, -4.038561], [103.490481, -4.037898], [103.485735, -4.036126], [103.484671, -4.035729], [103.484663, -4.035713], [103.484738, -4.035735], [103.484685, -4.034233], [103.484647, -4.033134], [103.486187, -4.030248], [103.486073, -4.028539], [103.486, -4.027455], [103.487716, -4.027266], [103.490317, -4.026981], [103.49056, -4.026982], [103.493012, -4.026986], [103.495112, -4.02699], [103.495294, -4.026983], [103.49541, -4.026749], [103.498552, -4.035675], [103.497672, -4.03608], [103.497416, -4.036198]]]}}, {"type": "Feature", "properties": {"iddesa": "1604060049", "kecamatan": "Jarai", "kabupaten": "Lahat"}, "geometry": {"type": "Polygon", "coordinates": [[[103.188192, -3.936889], [103.19183, -3.939254], [103.194015, -3.940674], [103.192159, -3.940623], [103.191939, -3.940619], [103.190903, -3.940601], [103.190486, -3.941145], [103.188863, -3.943262], [103.187699, -3.944779], [103.186233, -3.946692], [103.186213, -3.946718], [103.182784, -3.951187], [103.182631, -3.951388], [103.182147, -3.951386], [103.181988, -3.951575], [103.179058, -3.955053], [103.177315, -3.95712], [103.175692, -3.958658], [103.175312, -3.959512], [103.175249, -3.959652], [103.175242, -3.959669], [103.174171, -3.962073], [103.17303, -3.96492], [103.1717, -3.967955], [103.171691, -3.967967], [103.16955, -3.970567], [103.168666, -3.97164], [103.16578, -3.9757], [103.165409, -3.976223], [103.163836, -3.980085], [103.16239, -3.98129], [103.161667, -3.982255], [103.160343, -3.982493], [103.157573, -3.984299], [103.156369, -3.984538], [103.155522, -3.984634], [103.154517, -3.985751], [103.150139, -3.986034], [103.142258, -3.986895], [103.13781, -3.985044], [103.137302, -3.984833], [103.137303, -3.983953], [103.139646, -3.980442], [103.141984, -3.978689], [103.142007, -3.978686], [103.142167, -3.978665], [103.146363, -3.978113], [103.147824, -3.977237], [103.15338, -3.972267], [103.15543, -3.968755], [103.159526, -3.964075], [103.160992, -3.960854], [103.164502, -3.957052], [103.168013, -3.952957], [103.16969, -3.95052], [103.173792, -3.950223], [103.177463, -3.948049], [103.177702, -3.947268], [103.177886, -3.945452], [103.177895, -3.945369], [103.179789, -3.944044], [103.180201, -3.94329], [103.180751, -3.942979], [103.183686, -3.942284], [103.183898, -3.94206], [103.186066, -3.939764], [103.18658, -3.938681], [103.18677, -3.93828], [103.187098, -3.937586], [103.187329, -3.937102], [103.187632, -3.936798], [103.187798, -3.936633], [103.188192, -3.936889]]]}}, {"type": "Feature", "properties": {"iddesa": "1604052009", "kecamatan": "Gumay Ulu", "kabupaten": "Lahat"}, "geometry": {"type": "Polygon", "coordinates": [[[103.456089, -3.900267], [103.455099, -3.904649], [103.452194, -3.917508], [103.452149, -3.917707], [103.452072, -3.918046], [103.454819, -3.920729], [103.457152, -3.923008], [103.461823, -3.927572], [103.463538, -3.938409], [103.463544, -3.938436], [103.463491, -3.938424], [103.462344, -3.938222], [103.462038, -3.940519], [103.462036, -3.940537], [103.459626, -3.940098], [103.457994, -3.942598], [103.456125, -3.941125], [103.455164, -3.941723], [103.454574, -3.941479], [103.454556, -3.941422], [103.449406, -3.926754], [103.448843, -3.925149], [103.448328, -3.923683], [103.448197, -3.921572], [103.448192, -3.9215], [103.446129, -3.888352], [103.446472, -3.888393], [103.446821, -3.889098], [103.447521, -3.890156], [103.449269, -3.892977], [103.45154, -3.897383], [103.452939, -3.899323], [103.456089, -3.900267]]]}}, {"type": "Feature", "properties": {"iddesa": "1604061024", "kecamatan": "Pajar Bulan", "kabupaten": "Lahat"}, "geometry": {"type": "Polygon", "coordinates": [[[103.240728, -3.950654], [103.243645, -3.951482], [103.245631, -3.953158], [103.246566, -3.954102], [103.247413, -3.954956], [103.247977, -3.956033], [103.247459, -3.956213], [103.246483, -3.956749], [103.245849, -3.956944], [103.244969, -3.95797], [103.244286, -3.958556], [103.243623, -3.958959], [103.243163, -3.959239], [103.242395, -3.959281], [103.241408, -3.959333], [103.241405, -3.959343], [103.241241, -3.959281], [103.240427, -3.958768], [103.238491, -3.958662], [103.237473, -3.958659], [103.23655, -3.958657], [103.236046, -3.958656], [103.234416, -3.958653], [103.233295, -3.958855], [103.232276, -3.959262], [103.231459, -3.959874], [103.230745, -3.960282], [103.230476, -3.961155], [103.229216, -3.96079], [103.229116, -3.959869], [103.229017, -3.958744], [103.229019, -3.957721], [103.229021, -3.957004], [103.229021, -3.956786], [103.230379, -3.955757], [103.231052, -3.955247], [103.235239, -3.952443], [103.236968, -3.951559], [103.238653, -3.950697], [103.239324, -3.950633], [103.240318, -3.950538], [103.240616, -3.950623], [103.240728, -3.950654]]]}}, {"type": "Feature", "properties": {"iddesa": "1604040003", "kecamatan": "Kota Agung", "kabupaten": "Lahat"}, "geometry": {"type": "Polygon", "coordinates": [[[103.439466, -4.159102], [103.439363, -4.161665], [103.439241, -4.16352], [103.43911, -4.165508], [103.438955, -4.169281], [103.438904, -4.170534], [103.423804, -4.181262], [103.362827, -4.222502], [103.358094, -4.225094], [103.313521, -4.249494], [103.30917, -4.251876], [103.30941, -4.251321], [103.31034, -4.249169], [103.312048, -4.246676], [103.314339, -4.24333], [103.316376, -4.237816], [103.316498, -4.237486], [103.31682, -4.230407], [103.315613, -4.22117], [103.317154, -4.217479], [103.323602, -4.212876], [103.323713, -4.212691], [103.323697, -4.212589], [103.323718, -4.21259], [103.32399, -4.212155], [103.324261, -4.211775], [103.324424, -4.211395], [103.324508, -4.211367], [103.325449, -4.209802], [103.325765, -4.205185], [103.325807, -4.20511], [103.325791, -4.204931], [103.326064, -4.204279], [103.326281, -4.203682], [103.326608, -4.20303], [103.326879, -4.202813], [103.327254, -4.202554], [103.327637, -4.201876], [103.327694, -4.201402], [103.327749, -4.20113], [103.328129, -4.200479], [103.328563, -4.199828], [103.328944, -4.198959], [103.329378, -4.198362], [103.329705, -4.197765], [103.329808, -4.197592], [103.330462, -4.189491], [103.330318, -4.189287], [103.330514, -4.188853], [103.33071, -4.186419], [103.331907, -4.186421], [103.332002, -4.186302], [103.332358, -4.186279], [103.333473, -4.184886], [103.335623, -4.183043], [103.336201, -4.182119], [103.33618, -4.182071], [103.335964, -4.18169], [103.336452, -4.181365], [103.336893, -4.181012], [103.337161, -4.180584], [103.337613, -4.180268], [103.337645, -4.180226], [103.337712, -4.180199], [103.339236, -4.179132], [103.339488, -4.178926], [103.339744, -4.178777], [103.340231, -4.178436], [103.340287, -4.178436], [103.340789, -4.178059], [103.341439, -4.17806], [103.342088, -4.178279], [103.342522, -4.178008], [103.343116, -4.178662], [103.343819, -4.179152], [103.344088, -4.179534], [103.344521, -4.179534], [103.344803, -4.179677], [103.345624, -4.179679], [103.345766, -4.179646], [103.346147, -4.178886], [103.346527, -4.178289], [103.346799, -4.177854], [103.346964, -4.177855], [103.347671, -4.176795], [103.347505, -4.176334], [103.347885, -4.175954], [103.348231, -4.175955], [103.348823, -4.175068], [103.349134, -4.172914], [103.349138, -4.171067], [103.351142, -4.171071], [103.351306, -4.170907], [103.352119, -4.170528], [103.352552, -4.170692], [103.352899, -4.170824], [103.353124, -4.170767], [103.352824, -4.167689], [103.353723, -4.166639], [103.35386, -4.166401], [103.354185, -4.166076], [103.35421, -4.166072], [103.354668, -4.165538], [103.355679, -4.164021], [103.355651, -4.163959], [103.355815, -4.163362], [103.355899, -4.163316], [103.355903, -4.161539], [103.35713, -4.160926], [103.357258, -4.160902], [103.357499, -4.160593], [103.358365, -4.160595], [103.359123, -4.160379], [103.359881, -4.160381], [103.359914, -4.160423], [103.360504, -4.160317], [103.362962, -4.157552], [103.362353, -4.155703], [103.362971, -4.153242], [103.363278, -4.152935], [103.363594, -4.148318], [103.363987, -4.144961], [103.364119, -4.14492], [103.364762, -4.144719], [103.364862, -4.14468], [103.381323, -4.138172], [103.38804, -4.135517], [103.400061, -4.130764], [103.400136, -4.13055], [103.402009, -4.125213], [103.402576, -4.12435], [103.4052, -4.120359], [103.404518, -4.115358], [103.400634, -4.109267], [103.400592, -4.109201], [103.402045, -4.107297], [103.405881, -4.100738], [103.405873, -4.100738], [103.40593, -4.100639], [103.406926, -4.091016], [103.407007, -4.091028], [103.407194, -4.091059], [103.413745, -4.091481], [103.423703, -4.092124], [103.42815, -4.092411], [103.44349, -4.0934], [103.443498, -4.093414], [103.45371, -4.110806], [103.454193, -4.111629], [103.454124, -4.111842], [103.441348, -4.151134], [103.439611, -4.156476], [103.439466, -4.159102]]]}}, {"type": "Feature", "properties": {"iddesa": "1604012010", "kecamatan": "Tanjung Sakti Pumu", "kabupaten": "Lahat"}, "geometry": {"type": "Polygon", "coordinates": [[[103.080181, -4.010927], [103.080175, -4.010933], [103.080172, -4.012319], [103.080168, -4.013845], [103.080166, -4.014816], [103.080579, -4.015233], [103.080991, -4.016343], [103.080989, -4.017453], [103.081537, -4.01898], [103.082777, -4.020231], [103.082851, -4.021665], [103.083069, -4.023222], [103.083068, -4.023889], [103.083007, -4.026168], [103.083449, -4.028415], [103.084137, -4.029388], [103.084268, -4.032439], [103.083987, -4.03438], [103.08495, -4.035908], [103.084809, -4.036678], [103.084418, -4.038344], [103.084252, -4.039235], [103.084526, -4.040068], [103.085213, -4.041595], [103.086039, -4.042706], [103.086949, -4.044409], [103.087002, -4.045688], [103.087406, -4.048951], [103.087401, -4.051031], [103.087537, -4.053415], [103.088087, -4.054917], [103.08792, -4.055361], [103.087255, -4.055804], [103.087232, -4.055879], [103.08723, -4.05588], [103.084452, -4.058025], [103.083383, -4.059212], [103.082549, -4.061114], [103.0816, -4.061944], [103.079107, -4.064198], [103.077801, -4.065147], [103.076615, -4.065858], [103.074956, -4.066329], [103.073889, -4.066684], [103.073057, -4.067752], [103.072463, -4.068583], [103.069855, -4.069291], [103.069022, -4.070835], [103.06831, -4.071547], [103.065583, -4.072611], [103.063922, -4.073678], [103.063326, -4.074985], [103.061547, -4.076051], [103.060478, -4.077238], [103.060003, -4.077832], [103.059822, -4.078042], [103.05929, -4.078663], [103.058814, -4.079375], [103.058338, -4.080326], [103.058218, -4.081039], [103.058097, -4.082109], [103.058096, -4.082704], [103.058094, -4.083299], [103.057618, -4.08413], [103.047389, -4.095014], [103.04111, -4.101694], [103.041448, -4.112382], [103.041495, -4.113855], [103.0416, -4.117181], [103.041612, -4.117548], [103.036299, -4.117348], [103.0363, -4.117231], [103.036126, -4.116703], [103.03601, -4.116468], [103.035659, -4.116467], [103.035192, -4.116466], [103.034725, -4.116524], [103.034024, -4.116698], [103.03344, -4.116696], [103.03309, -4.116754], [103.032925, -4.116836], [103.032931, -4.114336], [103.032964, -4.100929], [103.038604, -4.085689], [103.04023, -4.083358], [103.041681, -4.080461], [103.042769, -4.078832], [103.04292, -4.078507], [103.044039, -4.076115], [103.046038, -4.070861], [103.046223, -4.069049], [103.046048, -4.066872], [103.046595, -4.064516], [103.047686, -4.061618], [103.04769, -4.059623], [103.047694, -4.058173], [103.048423, -4.055455], [103.048788, -4.053642], [103.048792, -4.052192], [103.048756, -4.052127], [103.047893, -4.050558], [103.048816, -4.042038], [103.048818, -4.04095], [103.048822, -4.039499], [103.048825, -4.038411], [103.048827, -4.037323], [103.048829, -4.036598], [103.048107, -4.036234], [103.047568, -4.035144], [103.047028, -4.034599], [103.046488, -4.033872], [103.045049, -4.031693], [103.04469, -4.030604], [103.044696, -4.028247], [103.044698, -4.027522], [103.043438, -4.025887], [103.04326, -4.024436], [103.042541, -4.023165], [103.041461, -4.022074], [103.04074, -4.021347], [103.040382, -4.019896], [103.039662, -4.018988], [103.038583, -4.017353], [103.03833, -4.016329], [103.039941, -4.015007], [103.041382, -4.0145], [103.047484, -4.012765], [103.050898, -4.014038], [103.051404, -4.01431], [103.053436, -4.015775], [103.05429, -4.01639], [103.058537, -4.017524], [103.061673, -4.016183], [103.065968, -4.013648], [103.068858, -4.013484], [103.07087, -4.013489], [103.072282, -4.01335], [103.07678, -4.013411], [103.076972, -4.013028], [103.078917, -4.012642], [103.079996, -4.010918], [103.080181, -4.010927]]]}}, {"type": "Feature", "properties": {"iddesa": "1604061021", "kecamatan": "Pajar Bulan", "kabupaten": "Lahat"}, "geometry": {"type": "Polygon", "coordinates": [[[103.257101, -3.892864], [103.257202, -3.894742], [103.260541, -3.902451], [103.265612, -3.92268], [103.266234, -3.930543], [103.266222, -3.93632], [103.265467, -3.937964], [103.264014, -3.941121], [103.264599, -3.941953], [103.267227, -3.943819], [103.266052, -3.947642], [103.265362, -3.949886], [103.265748, -3.952139], [103.266142, -3.952665], [103.267109, -3.953953], [103.267818, -3.957191], [103.266712, -3.957477], [103.265736, -3.958014], [103.265003, -3.9586], [103.264417, -3.959137], [103.264249, -3.959286], [103.263735, -3.958842], [103.263249, -3.958156], [103.262519, -3.95786], [103.261837, -3.957614], [103.261321, -3.957168], [103.261155, -3.957025], [103.261059, -3.956682], [103.260815, -3.956437], [103.260751, -3.9564], [103.260475, -3.95624], [103.259841, -3.956092], [103.259354, -3.955993], [103.258526, -3.955747], [103.257405, -3.955451], [103.256878, -3.955194], [103.256969, -3.95403], [103.257019, -3.953492], [103.257754, -3.951633], [103.257708, -3.950409], [103.257271, -3.949526], [103.25698, -3.948694], [103.256329, -3.947832], [103.256203, -3.947664], [103.25596, -3.94737], [103.25596, -3.94672], [103.255962, -3.946048], [103.256064, -3.944188], [103.255532, -3.942179], [103.255377, -3.941773], [103.25471, -3.940028], [103.254577, -3.93968], [103.255752, -3.937724], [103.255758, -3.934552], [103.255766, -3.931074], [103.254142, -3.928103], [103.25262, -3.925235], [103.250997, -3.921549], [103.250292, -3.917966], [103.250811, -3.913261], [103.249697, -3.910189], [103.248582, -3.907629], [103.248688, -3.905378], [103.248391, -3.901387], [103.24789, -3.897089], [103.248023, -3.893551], [103.252067, -3.892853], [103.248023, -3.89355], [103.252177, -3.892478], [103.257101, -3.892864]]]}}, {"type": "Feature", "properties": {"iddesa": "1604011010", "kecamatan": "Tanjung Sakti Pumi", "kabupaten": "Lahat"}, "geometry": {"type": "Polygon", "coordinates": [[[103.070273, -4.148349], [103.069965, -4.148608], [103.069698, -4.149009], [103.069404, -4.149356], [103.069482, -4.150052], [103.069481, -4.150561], [103.069639, -4.151284], [103.069343, -4.152246], [103.069315, -4.152969], [103.069393, -4.153638], [103.069392, -4.154013], [103.069205, -4.154414], [103.069231, -4.154709], [103.069417, -4.15487], [103.069417, -4.154985], [103.069416, -4.155164], [103.069469, -4.155485], [103.069441, -4.155673], [103.069467, -4.156235], [103.069626, -4.156396], [103.069412, -4.156904], [103.069545, -4.157065], [103.069704, -4.157226], [103.069997, -4.157521], [103.07009, -4.157558], [103.07013, -4.157575], [103.070316, -4.157602], [103.070529, -4.157816], [103.070636, -4.157843], [103.070742, -4.157977], [103.070771, -4.157991], [103.070823, -4.158015], [103.071035, -4.158112], [103.0709, -4.15854], [103.070713, -4.158754], [103.070553, -4.158967], [103.070419, -4.159422], [103.070418, -4.159529], [103.070284, -4.159796], [103.070316, -4.159914], [103.070364, -4.160091], [103.070363, -4.160359], [103.070229, -4.160599], [103.070095, -4.16084], [103.070095, -4.160866], [103.06986, -4.162582], [103.068689, -4.162555], [103.068519, -4.162957], [103.068441, -4.163113], [103.068269, -4.163269], [103.068082, -4.163378], [103.067956, -4.163753], [103.067785, -4.163878], [103.067644, -4.163831], [103.067551, -4.163721], [103.067443, -4.163345], [103.067428, -4.163157], [103.067319, -4.162969], [103.067148, -4.162953], [103.067048, -4.162963], [103.066776, -4.162233], [103.066481, -4.161731], [103.066078, -4.16087], [103.065424, -4.160493], [103.06533, -4.160439], [103.06449, -4.159958], [103.062869, -4.159623], [103.062811, -4.159527], [103.062622, -4.159218], [103.062218, -4.158889], [103.061938, -4.158669], [103.061518, -4.158386], [103.061113, -4.158104], [103.060724, -4.157884], [103.060413, -4.157617], [103.060133, -4.15746], [103.059931, -4.157381], [103.059791, -4.157381], [103.059682, -4.157381], [103.059354, -4.157364], [103.059308, -4.157395], [103.059208, -4.157391], [103.058918, -4.157379], [103.058233, -4.157189], [103.057766, -4.157047], [103.057059, -4.156937], [103.057044, -4.156552], [103.056965, -4.156043], [103.056966, -4.155829], [103.056993, -4.155508], [103.057154, -4.155348], [103.057314, -4.155081], [103.057129, -4.154625], [103.05713, -4.154358], [103.05713, -4.15409], [103.057078, -4.153715], [103.056998, -4.153581], [103.056734, -4.152804], [103.056921, -4.152377], [103.056869, -4.151975], [103.056825, -4.151873], [103.05671, -4.1516], [103.056604, -4.151171], [103.056604, -4.151064], [103.056951, -4.150905], [103.056952, -4.150744], [103.056793, -4.150422], [103.056728, -4.150346], [103.056474, -4.150047], [103.056608, -4.149806], [103.056823, -4.149084], [103.05725, -4.148737], [103.057784, -4.14815], [103.058025, -4.147696], [103.058293, -4.147429], [103.058583, -4.14681], [103.059786, -4.147084], [103.060906, -4.147194], [103.061412, -4.147169], [103.061919, -4.14717], [103.062256, -4.147124], [103.062505, -4.147091], [103.063331, -4.14712], [103.063897, -4.147226], [103.064051, -4.147255], [103.06461, -4.147498], [103.065446, -4.147549], [103.065516, -4.147553], [103.066316, -4.147502], [103.067036, -4.147289], [103.069831, -4.147606], [103.070273, -4.148349]]]}}]}